ANIO,CCDD,NOMBREDD,CCPP,NOMBREPV,CCDI,NOMBREDI,CONGLOMERADO,NSELUA,UA,RESFIN,REGION,DOMINIO,FACTOR,CODIGO,P102_1,P102_2,P401A_400C,P411B_400C,P419_N,P419_NOM,P419_COD,P420_CANT_ENT,P420_CANT_DEC,P420_UM,P420_UM_COD,P420_EQUIV,P421_1_CANT_ENT,P421_1_CANT_DEC,P421_1_PREC_ENT,P421_1_PREC_DEC,P421_1_VAL,P421_1_PRE_KG,P421_2_CANT_ENT,P421_2_CANT_DEC,P421_3_CANT_ENT,P421_3_CANT_DEC,OMICAP400_04
2021,24,TUMBES,02,CONTRALMIRANTE VILLAR,01,ZORRITOS,00002,00053,7,1,1,1,11.9090909090909,1,1,1,1,1,1,QUESO,4208,2,50,UNIDAD,24,.5,2,50,6,00,15,12,0,00,0,00, 
2021,24,TUMBES,02,CONTRALMIRANTE VILLAR,01,ZORRITOS,00002,00084,10,1,1,1,11.9090909090909,1,0,1,3,3,1,QUESO,4208,100,00,UNIDAD,24,.5,60,00,5,00,300,10,30,00,10,00, 
2021,24,TUMBES,02,CONTRALMIRANTE VILLAR,01,ZORRITOS,00002,00093,11,1,1,1,11.9090909090909,1,0,1,3,3,1,QUESO,4208,38,00,UNIDAD,24,.5,30,00,8,00,240,16,8,00,0,00, 
2021,24,TUMBES,02,CONTRALMIRANTE VILLAR,01,ZORRITOS,00002,00111,13,1,1,1,11.9090909090909,1,0,1,3,3,1,QUESO,4208,100,00,UNIDAD,24,.5,100,00,8,00,800,16,0,00,0,00, 
2021,24,TUMBES,02,CONTRALMIRANTE VILLAR,02,CASITAS,00003,00011,1,1,1,1,8.64285714285714,1,1,1,3,3,1,QUESO,4208,30,00,UNIDAD,24,.8,0,00, , , , ,30,00,0,00, 
2021,24,TUMBES,02,CONTRALMIRANTE VILLAR,02,CASITAS,00003,00020,2,1,1,1,8.64285714285714,1,1,1,3,3,1,QUESO,4208,50,00,UNIDAD,24,.5,10,00,5,00,50,10,35,00,5,00, 
2021,24,TUMBES,02,CONTRALMIRANTE VILLAR,02,CASITAS,00003,00061,6,1,1,1,8.64285714285714,1,1,1,3,3,1,QUESO,4208,120,00,UNIDAD,24,.5,90,00,7,00,630,14,30,00,0,00, 
2021,24,TUMBES,02,CONTRALMIRANTE VILLAR,02,CASITAS,00004,00100,12,1,1,1,11.5454545454545,1,1,1,1,1,1,QUESO,4208,120,00,UNIDAD,24,1,80,00,7,00,560,7,20,00,20,00, 
2021,24,TUMBES,02,CONTRALMIRANTE VILLAR,02,CASITAS,00005,00011,1,1,1,1,9.76923076923077,1,1,1,3,3,1,QUESO,4208,170,00,UNIDAD,24,.5,85,00,6,00,510,12,80,00,5,00, 
2021,24,TUMBES,02,CONTRALMIRANTE VILLAR,02,CASITAS,00005,00032,4,1,1,1,9.76923076923077,1,0,1,3,3,1,QUESO,4208,22,00,UNIDAD,24,.4,0,00, , , , ,22,00,0,00, 
2021,24,TUMBES,02,CONTRALMIRANTE VILLAR,02,CASITAS,00005,00035,5,1,1,1,9.76923076923077,1,1,1,3,3,1,QUESO,4208,175,00,UNIDAD,24,.4,100,00,7,00,700,17.5,40,00,35,00, 
2021,24,TUMBES,02,CONTRALMIRANTE VILLAR,02,CASITAS,00005,00077,9,1,1,1,9.76923076923077,1,1,1,3,3,1,QUESO,4208,78,00,UNIDAD,24,.4,0,00, , , , ,78,00,0,00, 
2021,24,TUMBES,02,CONTRALMIRANTE VILLAR,02,CASITAS,00006,00138,10,1,1,1,18,1,0,1,3,3,1,QUESO,4208,110,00,UNIDAD,24,.5,100,00,5,00,500,10,10,00,0,00, 
2021,24,TUMBES,01,TUMBES,03,LA CRUZ,00007,00081,12,1,1,1,8.23015873015873,1,0,1,3,3,1,QUESO,4208,12,00,UNIDAD,24,.5,12,00,5,00,60,10,0,00,0,00, 
2021,24,TUMBES,01,TUMBES,03,LA CRUZ,00007,00096,14,1,1,1,8.23015873015873,1,0,1,3,3,1,QUESO,4208,208,00,KILOGRAMO,12,1,160,00,12,00,1920,12,20,00,28,00, 
2021,24,TUMBES,01,TUMBES,02,CORRALES,00008,00102,12,1,1,1,8.23015873015873,1,1,1,1,1,1,QUESO,4208,23,00,UNIDAD,24,1,20,00,14,00,280,14,3,00,0,00, 
2021,24,TUMBES,01,TUMBES,02,CORRALES,00010,00071,9,1,1,1,9.60185185185185,1,1,1,3,3,1,QUESO,4208,50,00,KILOGRAMO,12,1,40,00,12,00,480,12,10,00,0,00, 
2021,24,TUMBES,01,TUMBES,02,CORRALES,00018,00051,10,1,1,1,8.23015873015873,1,1,1,1,1,1,QUESO,4208,10,00,UNIDAD,24,1,0,00, , , , ,10,00,0,00, 
2021,24,TUMBES,01,TUMBES,01,TUMBES,00029,00002,1,1,1,1,10.5,1,0,1,3,3,1,QUESO,4208,50,00,UNIDAD,24,.4,0,00, , , , ,50,00,0,00, 
2021,24,TUMBES,01,TUMBES,05,SAN JACINTO,00044,00051,7,1,1,1,8.86324786324786,1,1,1,1,1,1,QUESO,4208,86,00,UNIDAD,24,.8,86,00,8,00,688,10,0,00,0,00, 
2021,24,TUMBES,01,TUMBES,05,SAN JACINTO,00044,00095,13,1,1,1,8.86324786324786,1,1,1,3,3,1,QUESO,4208,6,00,UNIDAD,24,2,5,00,10,00,50,5,1,00,0,00, 
2021,24,TUMBES,01,TUMBES,04,PAMPAS DE HOSPITAL,00045,00075,8,1,1,1,10.5384615384615,1,1,1,3,3,1,QUESO,4208,200,00,UNIDAD,24,.5,180,00,7,00,1260,14,20,00,0,00, 
2021,24,TUMBES,01,TUMBES,04,PAMPAS DE HOSPITAL,00047,00002,1,1,1,1,8.23015873015873,1,1,1,1,1,1,QUESO,4208,2,00,UNIDAD,24,1,0,00, , , , ,2,00,0,00, 
2021,24,TUMBES,01,TUMBES,04,PAMPAS DE HOSPITAL,00050,00014,1,1,1,1,9.60185185185185,1,1,1,3,3,1,QUESO,4208,112,00,KILOGRAMO,12,1,100,00,8,00,800,8,12,00,0,00, 
2021,20,PIURA,06,SULLANA,05,MARCAVELICA,00130,00055,4,1,1,1,199.444444444444,1,1,1,3,3,1,QUESO,4208,270,00,UNIDAD,24,.25,0,00, , , , ,260,00,10,00, 
2021,20,PIURA,06,SULLANA,04,LANCONES,00161,00051,6,1,1,1,128.214285714286,1,1,1,3,3,1,QUESO,4208,20,00,KILOGRAMO,12,1,10,00,16,00,160,16,10,00,0,00, 
2021,20,PIURA,06,SULLANA,04,LANCONES,00161,00055,7,1,1,1,128.214285714286,1,1,1,3,3,1,QUESO,4208,555,00,KILOGRAMO,12,1,500,00,20,00,10000,20,55,00,0,00, 
2021,20,PIURA,06,SULLANA,04,LANCONES,00161,00074,9,1,1,1,128.214285714286,1,1,1,3,3,1,QUESO,4208,777,80,KILOGRAMO,12,1,770,00,20,00,15400,20,7,80,0,00, 
2021,20,PIURA,06,SULLANA,04,LANCONES,00161,00082,10,1,1,1,128.214285714286,1,1,1,3,3,1,QUESO,4208,1111,10,KILOGRAMO,12,1,1000,00,20,00,20000,20,111,10,0,00, 
2021,20,PIURA,06,SULLANA,01,SULLANA,00237,00059,4,1,1,1,138.076923076923,1,1,1,1,1,1,QUESO,4208,15,00,KILOGRAMO,12,1,0,00, , , , ,15,00,0,00, 
2021,20,PIURA,02,AYABACA,10,SUYO,00258,00097,13,1,1,1,138.076923076923,1,1,1,1,1,1,QUESO,4208,10,80,KILOGRAMO,12,1,0,00, , , , ,10,80,0,00, 
2021,20,PIURA,02,AYABACA,10,SUYO,00259,00010,1,1,1,1,128.214285714286,1,1,1,3,3,1,QUESO,4208,70,00,KILOGRAMO,12,1,55,00,18,00,990,18,15,00,0,00, 
2021,20,PIURA,02,AYABACA,10,SUYO,00259,00064,7,1,1,1,128.214285714286,1,1,1,3,3,1,QUESO,4208,20,00,KILOGRAMO,12,1,0,00, , , , ,20,00,0,00, 
2021,20,PIURA,02,AYABACA,10,SUYO,00259,00103,12,1,1,1,128.214285714286,1,1,1,3,3,1,QUESO,4208,63,00,KILOGRAMO,12,1,30,00,15,00,450,15,33,00,0,00, 
2021,20,PIURA,02,AYABACA,10,SUYO,00259,00120,14,1,1,1,128.214285714286,1,1,1,3,3,1,QUESO,4208,45,00,KILOGRAMO,12,1,10,00,10,00,100,10,35,00,0,00, 
2021,20,PIURA,02,AYABACA,09,SICCHEZ,00284,00128,10,1,1,1,128.214285714286,1,1,1,1,1,1,QUESO,4208,9,00,KILOGRAMO,12,1,0,00, , , , ,6,00,3,00, 
2021,20,PIURA,02,AYABACA,01,AYABACA,00286,00009,1,1,2,4,74.6071428571429,1,1,1,1,1,1,QUESO,4208,40,00,KILOGRAMO,12,1,40,00,15,00,600,15,0,00,0,00, 
2021,20,PIURA,02,AYABACA,01,AYABACA,00286,00037,3,1,2,4,74.6071428571429,1,1,1,1,1,1,QUESO,4208,80,00,UNIDAD,24,1,0,00, , , , ,80,00,0,00, 
2021,20,PIURA,02,AYABACA,01,AYABACA,00286,00057,5,1,2,4,74.6071428571429,1,1,1,1,1,1,QUESO,4208,100,00,UNIDAD,24,1,80,00,15,00,1200,15,20,00,0,00, 
2021,20,PIURA,02,AYABACA,01,AYABACA,00286,00073,6,1,2,4,74.6071428571429,1,1,1,1,1,1,QUESO,4208,50,00,KILOGRAMO,12,1,0,00, , , , ,50,00,0,00, 
2021,20,PIURA,02,AYABACA,01,AYABACA,00286,00076,7,1,2,4,74.6071428571429,1,1,1,1,1,1,QUESO,4208,200,00,UNIDAD,24,1,100,00,15,00,1500,15,100,00,0,00, 
2021,20,PIURA,02,AYABACA,01,AYABACA,00286,00111,11,1,2,4,74.6071428571429,1,1,1,1,1,1,QUESO,4208,72,00,UNIDAD,24,1,0,00, , , , ,72,00,0,00, 
2021,20,PIURA,02,AYABACA,01,AYABACA,00286,00156,14,1,2,4,74.6071428571429,1,1,1,1,1,1,QUESO,4208,100,00,KILOGRAMO,12,1,0,00, , , , ,100,00,0,00, 
2021,20,PIURA,02,AYABACA,01,AYABACA,00307,00062,10,1,2,4,74.6071428571428,1,1,1,1,1,1,QUESO,4208,150,00,KILOGRAMO,12,1,50,00,12,00,600,12,100,00,0,00, 
2021,20,PIURA,02,AYABACA,01,AYABACA,00322,00044,5,1,2,4,74.6071428571428,1,1,1,1,1,1,QUESO,4208,162,00,KILOGRAMO,12,1,100,00,12,00,1200,12,60,00,2,00, 
2021,20,PIURA,02,AYABACA,01,AYABACA,00339,00001,1,1,2,4,87.0416666666667,1,1,1,1,1,1,QUESO,4208,18,00,KILOGRAMO,12,1,2,00,20,00,40,20,10,00,6,00, 
2021,20,PIURA,02,AYABACA,01,AYABACA,00339,00036,6,1,2,4,87.0416666666667,1,1,1,1,1,1,QUESO,4208,180,00,KILOGRAMO,12,1,0,00, , , , ,180,00,0,00, 
2021,20,PIURA,02,AYABACA,01,AYABACA,00339,00052,8,1,2,4,87.0416666666667,1,1,1,1,1,1,QUESO,4208,207,50,KILOGRAMO,12,1,192,50,10,00,1925,10,5,00,10,00, 
2021,20,PIURA,02,AYABACA,01,AYABACA,00340,00021,3,1,2,4,80.3461538461539,1,1,1,1,1,1,QUESO,4208,40,00,KILOGRAMO,12,1,0,00, , , , ,35,00,5,00, 
2021,20,PIURA,02,AYABACA,01,AYABACA,00343,00075,7,1,2,4,80.3461538461539,1,1,1,1,1,1,QUESO,4208,120,00,KILOGRAMO,12,1,0,00, , , , ,100,00,20,00, 
2021,20,PIURA,02,AYABACA,07,PAIMAS,00368,00096,12,1,1,1,128.214285714286,1,1,1,1,1,1,QUESO,4208,70,00,UNIDAD,24,.5,0,00, , , , ,70,00,0,00, 
2021,20,PIURA,02,AYABACA,07,PAIMAS,00372,00017,1,1,1,1,128.214285714286,1,1,1,1,1,1,QUESO,4208,236,25,UNIDAD,24,1,0,00, , , , ,200,00,36,25, 
2021,20,PIURA,02,AYABACA,07,PAIMAS,00372,00155,13,1,1,1,128.214285714286,1,1,1,1,1,1,QUESO,4208,12,00,UNIDAD,24,1,0,00, , , , ,12,00,0,00, 
2021,20,PIURA,02,AYABACA,08,SAPILLICA,00397,00001,1,1,1,1,128.214285714286,1,1,1,1,1,1,QUESO,4208,37,50,KILOGRAMO,12,1,0,00, , , , ,37,50,0,00, 
2021,20,PIURA,02,AYABACA,08,SAPILLICA,00397,00020,4,1,1,1,128.214285714286,1,1,1,1,1,1,QUESO,4208,43,00,KILOGRAMO,12,1,0,00, , , , ,43,00,0,00, 
2021,20,PIURA,02,AYABACA,08,SAPILLICA,00397,00040,7,1,1,1,128.214285714286,1,1,1,1,1,1,QUESO,4208,175,00,KILOGRAMO,12,1,0,00, , , , ,175,00,0,00, 
2021,20,PIURA,02,AYABACA,08,SAPILLICA,00397,00061,10,1,1,1,128.214285714286,1,1,1,1,1,1,QUESO,4208,125,00,KILOGRAMO,12,1,0,00, , , , ,125,00,0,00, 
2021,20,PIURA,02,AYABACA,04,LAGUNAS,00399,00021,2,1,2,4,74.6071428571428,1,1,1,1,1,1,QUESO,4208,17,00,KILOGRAMO,12,1,0,00, , , , ,15,00,2,00, 
2021,20,PIURA,02,AYABACA,04,LAGUNAS,00399,00065,6,1,2,4,74.6071428571428,1,1,1,1,1,1,QUESO,4208,20,00,KILOGRAMO,12,1,0,00, , , , ,20,00,0,00, 
2021,20,PIURA,02,AYABACA,04,LAGUNAS,00399,00075,7,1,2,4,74.6071428571428,1,1,1,1,1,1,QUESO,4208,15,00,KILOGRAMO,12,1,0,00, , , , ,15,00,0,00, 
2021,20,PIURA,02,AYABACA,04,LAGUNAS,00399,00094,8,1,2,4,74.6071428571428,1,1,1,1,1,1,QUESO,4208,10,00,KILOGRAMO,12,1,0,00, , , , ,10,00,0,00, 
2021,20,PIURA,02,AYABACA,04,LAGUNAS,00408,00003,1,1,2,4,80.3461538461538,1,1,1,1,1,1,QUESO,4208,21,00,KILOGRAMO,12,1,3,00,10,00,30,10,18,00,0,00, 
2021,20,PIURA,02,AYABACA,04,LAGUNAS,00408,00024,4,1,2,4,80.3461538461538,1,1,1,1,1,1,QUESO,4208,20,00,KILOGRAMO,12,1,1,00,10,00,10,10,19,00,0,00, 
2021,20,PIURA,02,AYABACA,04,LAGUNAS,00408,00030,5,1,2,4,80.3461538461538,1,1,1,1,1,1,QUESO,4208,100,00,KILOGRAMO,12,1,5,00,8,00,40,8,95,00,0,00, 
2021,20,PIURA,02,AYABACA,04,LAGUNAS,00408,00045,7,1,2,4,80.3461538461538,1,1,1,1,1,1,QUESO,4208,20,00,KILOGRAMO,12,1,1,00,10,00,10,10,19,00,0,00, 
2021,20,PIURA,02,AYABACA,04,LAGUNAS,00408,00051,8,1,2,4,80.3461538461538,1,1,1,1,1,1,QUESO,4208,20,00,KILOGRAMO,12,1,0,00, , , , ,20,00,0,00, 
2021,20,PIURA,02,AYABACA,04,LAGUNAS,00408,00058,9,1,2,4,80.3461538461538,1,1,1,1,1,1,QUESO,4208,50,00,KILOGRAMO,12,1,5,00,10,09,50,10.09,45,00,0,00, 
2021,20,PIURA,02,AYABACA,04,LAGUNAS,00408,00066,10,1,2,4,80.3461538461538,1,1,1,1,1,1,QUESO,4208,50,00,KILOGRAMO,12,1,0,00, , , , ,45,00,5,00, 
2021,20,PIURA,02,AYABACA,04,LAGUNAS,00408,00073,11,1,2,4,80.3461538461538,1,1,1,1,1,1,QUESO,4208,15,00,KILOGRAMO,12,1,0,00, , , , ,15,00,0,00, 
2021,20,PIURA,02,AYABACA,04,LAGUNAS,00408,00076,12,1,2,4,80.3461538461538,1,1,1,1,1,1,QUESO,4208,20,00,KILOGRAMO,12,1,2,00,10,00,20,10,18,00,0,00, 
2021,20,PIURA,02,AYABACA,06,PACAIPAMPA,00414,00002,1,1,2,4,74.6071428571428,1,1,1,1,1,1,QUESO,4208,50,00,UNIDAD,24,1,0,00, , , , ,40,00,10,00, 
2021,20,PIURA,02,AYABACA,06,PACAIPAMPA,00414,00035,4,1,2,4,74.6071428571428,1,1,1,1,1,1,QUESO,4208,28,00,UNIDAD,24,1,0,00, , , , ,28,00,0,00, 
2021,20,PIURA,02,AYABACA,06,PACAIPAMPA,00414,00052,6,1,2,4,74.6071428571428,1,1,1,1,1,1,QUESO,4208,48,00,UNIDAD,24,1,15,00,10,00,150,10,33,00,0,00, 
2021,20,PIURA,02,AYABACA,06,PACAIPAMPA,00414,00063,7,1,2,4,74.6071428571428,1,1,1,1,1,1,QUESO,4208,48,00,UNIDAD,24,1,0,00, , , , ,48,00,0,00, 
2021,20,PIURA,02,AYABACA,06,PACAIPAMPA,00414,00078,8,1,2,4,74.6071428571428,1,1,1,1,1,1,QUESO,4208,66,00,UNIDAD,24,1,0,00, , , , ,66,00,0,00, 
2021,20,PIURA,02,AYABACA,06,PACAIPAMPA,00414,00083,9,1,2,4,74.6071428571428,1,1,1,1,1,1,QUESO,4208,48,00,UNIDAD,24,1,0,00, , , , ,48,00,0,00, 
2021,20,PIURA,02,AYABACA,06,PACAIPAMPA,00414,00092,10,1,2,4,74.6071428571428,1,1,1,1,1,1,QUESO,4208,56,00,UNIDAD,24,1,20,00,15,00,300,15,36,00,0,00, 
2021,20,PIURA,02,AYABACA,06,PACAIPAMPA,00414,00103,11,1,2,4,74.6071428571428,1,1,1,1,1,1,QUESO,4208,102,00,UNIDAD,24,1,70,00,10,00,700,10,32,00,0,00, 
2021,20,PIURA,02,AYABACA,06,PACAIPAMPA,00414,00122,12,1,2,4,74.6071428571428,1,1,1,1,1,1,QUESO,4208,48,00,UNIDAD,24,1,20,00,10,00,200,10,28,00,0,00, 
2021,20,PIURA,02,AYABACA,06,PACAIPAMPA,00414,00145,14,1,2,4,74.6071428571428,1,1,1,1,1,1,QUESO,4208,48,00,UNIDAD,24,1,0,00, , , , ,48,00,0,00, 
2021,20,PIURA,02,AYABACA,06,PACAIPAMPA,00417,00003,1,1,2,4,74.6071428571429,1,1,1,1,1,1,QUESO,4208,12,00,KILOGRAMO,12,1,7,00,15,00,105,15,5,00,0,00, 
2021,20,PIURA,02,AYABACA,06,PACAIPAMPA,00423,00076,9,1,2,4,74.6071428571428,1,1,1,"1,3","1,3",1,QUESO,4208,45,00,KILOGRAMO,12,1,25,00,10,00,250,10,15,00,5,00, 
2021,20,PIURA,02,AYABACA,06,PACAIPAMPA,00433,00005,1,1,2,4,87.0416666666667,1,1,1,1,1,1,QUESO,4208,30,00,UNIDAD,24,1,20,00,10,00,200,10,10,00,0,00, 
2021,20,PIURA,02,AYABACA,06,PACAIPAMPA,00433,00014,2,1,2,4,87.0416666666667,1,1,1,1,1,1,QUESO,4208,72,00,KILOGRAMO,12,1,36,00,10,00,360,10,36,00,0,00, 
2021,20,PIURA,02,AYABACA,06,PACAIPAMPA,00433,00034,4,1,2,4,87.0416666666667,1,1,1,1,1,1,QUESO,4208,24,00,UNIDAD,24,.75,0,00, , , , ,20,00,4,00, 
2021,20,PIURA,02,AYABACA,06,PACAIPAMPA,00433,00043,5,1,2,4,87.0416666666667,1,1,1,1,1,1,QUESO,4208,16,00,UNIDAD,24,1,0,00, , , , ,16,00,0,00, 
2021,20,PIURA,02,AYABACA,06,PACAIPAMPA,00433,00111,12,1,2,4,87.0416666666667,1,1,1,1,1,1,QUESO,4208,26,00,KILOGRAMO,12,1,0,00, , , , ,26,00,0,00, 
2021,20,PIURA,02,AYABACA,06,PACAIPAMPA,00433,00124,13,1,2,4,87.0416666666667,1,1,1,1,1,1,QUESO,4208,8,00,UNIDAD,24,1,0,00, , , , ,8,00,0,00, 
2021,20,PIURA,03,HUANCABAMBA,01,HUANCABAMBA,00490,00005,1,1,2,4,74.6071428571429,1,1,1,1,1,1,QUESO,4208,10,00,KILOGRAMO,12,1,8,00,12,00,96,12,2,00,0,00, 
2021,20,PIURA,03,HUANCABAMBA,01,HUANCABAMBA,00490,00040,5,1,2,4,74.6071428571429,1,1,1,1,1,1,QUESO,4208,30,00,KILOGRAMO,12,1,0,00, , , , ,30,00,0,00, 
2021,20,PIURA,03,HUANCABAMBA,01,HUANCABAMBA,00490,00051,7,1,2,4,74.6071428571429,1,1,1,1,1,1,QUESO,4208,14,00,KILOGRAMO,12,1,10,00,8,00,80,8,4,00,0,00, 
2021,20,PIURA,03,HUANCABAMBA,01,HUANCABAMBA,00490,00067,9,1,2,4,74.6071428571429,1,1,1,1,1,1,QUESO,4208,10,00,KILOGRAMO,12,1,0,00, , , , ,10,00,0,00, 
2021,20,PIURA,03,HUANCABAMBA,01,HUANCABAMBA,00490,00080,11,1,2,4,74.6071428571429,1,1,1,1,1,1,QUESO,4208,20,00,KILOGRAMO,12,1,0,00, , , , ,20,00,0,00, 
2021,20,PIURA,03,HUANCABAMBA,01,HUANCABAMBA,00490,00094,12,1,2,4,74.6071428571429,1,1,1,1,1,1,QUESO,4208,100,00,KILOGRAMO,12,1,0,00, , , , ,50,00,50,00, 
2021,20,PIURA,03,HUANCABAMBA,01,HUANCABAMBA,00519,00005,2,1,2,4,74.6071428571429,1,1,1,1,1,1,QUESO,4208,33,00,UNIDAD,24,1,15,00,12,00,180,12,15,00,3,00, 
2021,20,PIURA,03,HUANCABAMBA,01,HUANCABAMBA,00519,00019,3,1,2,4,74.6071428571429,1,1,1,1,1,1,QUESO,4208,44,00,KILOGRAMO,12,1,0,00, , , , ,40,00,4,00, 
2021,20,PIURA,03,HUANCABAMBA,01,HUANCABAMBA,00519,00059,8,1,2,4,74.6071428571429,1,1,1,1,1,1,QUESO,4208,80,00,KILOGRAMO,12,1,40,00,10,00,400,10,20,00,20,00, 
2021,20,PIURA,03,HUANCABAMBA,01,HUANCABAMBA,00519,00088,11,1,2,4,74.6071428571429,1,1,1,1,1,1,QUESO,4208,130,00,KILOGRAMO,12,1,70,00,10,00,700,10,30,00,30,00, 
2021,20,PIURA,03,HUANCABAMBA,03,EL CARMEN DE LA FRONTERA,00544,00009,2,1,2,4,74.6071428571429,1,1,1,1,1,1,QUESO,4208,80,00,UNIDAD,24,1,50,00,10,00,500,10,30,00,0,00, 
2021,20,PIURA,03,HUANCABAMBA,03,EL CARMEN DE LA FRONTERA,00544,00038,7,1,2,4,74.6071428571429,1,1,1,1,1,1,QUESO,4208,210,00,UNIDAD,24,1,150,00,10,00,1500,10,60,00,0,00, 
2021,20,PIURA,03,HUANCABAMBA,03,EL CARMEN DE LA FRONTERA,00544,00047,8,1,2,4,74.6071428571429,1,1,1,1,1,1,QUESO,4208,100,00,UNIDAD,24,1,50,00,10,00,500,10,30,00,20,00, 
2021,20,PIURA,03,HUANCABAMBA,03,EL CARMEN DE LA FRONTERA,00544,00048,9,1,2,4,74.6071428571429,1,1,1,1,1,1,QUESO,4208,36,00,UNIDAD,24,1,0,00, , , , ,36,00,0,00, 
2021,20,PIURA,03,HUANCABAMBA,03,EL CARMEN DE LA FRONTERA,00544,00077,13,1,2,4,74.6071428571429,1,1,1,1,1,1,REQUESON,4209,2,00,KILOGRAMO,12,1,2,00,8,00,16,8,0,00,0,00, 
2021,20,PIURA,03,HUANCABAMBA,03,EL CARMEN DE LA FRONTERA,00544,00079,14,1,2,4,74.6071428571429,1,1,1,1,1,1,QUESO,4208,80,00,UNIDAD,24,1,0,00, , , , ,80,00,0,00, 
2021,20,PIURA,03,HUANCABAMBA,03,EL CARMEN DE LA FRONTERA,00545,00028,4,1,2,4,74.6071428571428,1,1,1,1,1,1,QUESO,4208,32,00,KILOGRAMO,12,1,25,00,12,00,300,12,7,00,0,00, 
2021,20,PIURA,03,HUANCABAMBA,03,EL CARMEN DE LA FRONTERA,00545,00041,6,1,2,4,74.6071428571428,1,1,1,1,1,1,QUESO,4208,30,00,KILOGRAMO,12,1,25,00,12,00,300,12,5,00,0,00, 
2021,20,PIURA,03,HUANCABAMBA,03,EL CARMEN DE LA FRONTERA,00553,00031,4,1,2,4,74.6071428571429,1,1,1,1,1,1,QUESO,4208,93,00,KILOGRAMO,12,1,60,00,16,00,960,16,33,00,0,00, 
2021,20,PIURA,03,HUANCABAMBA,03,EL CARMEN DE LA FRONTERA,00553,00046,6,1,2,4,74.6071428571429,1,1,1,1,1,1,QUESO,4208,108,00,KILOGRAMO,12,1,58,00,15,00,870,15,50,00,0,00, 
2021,20,PIURA,03,HUANCABAMBA,03,EL CARMEN DE LA FRONTERA,00553,00105,13,1,2,4,74.6071428571429,1,1,1,1,1,1,QUESO,4208,100,00,KILOGRAMO,12,1,100,00,11,00,1100,11,0,00,0,00, 
2021,20,PIURA,03,HUANCABAMBA,07,SONDOR,00569,00017,1,1,2,4,74.6071428571429,1,1,1,1,1,1,QUESO,4208,42,00,KILOGRAMO,12,1,30,00,10,00,300,10,12,00,0,00, 
2021,20,PIURA,03,HUANCABAMBA,07,SONDOR,00569,00032,4,1,2,4,74.6071428571429,1,1,1,1,1,1,QUESO,4208,8,00,KILOGRAMO,12,1,0,00, , , , ,8,00,0,00, 
2021,20,PIURA,03,HUANCABAMBA,07,SONDOR,00569,00049,5,1,2,4,74.6071428571429,1,1,1,1,1,1,QUESO,4208,30,00,KILOGRAMO,12,1,15,00,10,00,150,10,15,00,0,00, 
2021,20,PIURA,03,HUANCABAMBA,07,SONDOR,00569,00081,8,1,2,4,74.6071428571429,1,1,1,1,1,1,QUESO,4208,30,00,KILOGRAMO,12,1,0,00, , , , ,25,00,5,00, 
2021,20,PIURA,03,HUANCABAMBA,07,SONDOR,00569,00107,11,1,2,4,74.6071428571429,1,1,1,1,1,1,QUESO,4208,16,00,KILOGRAMO,12,1,0,00, , , , ,16,00,0,00, 
2021,20,PIURA,03,HUANCABAMBA,07,SONDOR,00569,00116,12,1,2,4,74.6071428571429,1,1,1,1,1,1,QUESO,4208,16,00,KILOGRAMO,12,1,0,00, , , , ,10,00,6,00, 
2021,20,PIURA,03,HUANCABAMBA,07,SONDOR,00569,00145,14,1,2,4,74.6071428571429,1,1,1,1,1,1,QUESO,4208,40,00,KILOGRAMO,12,1,30,00,10,00,300,10,10,00,0,00, 
2021,20,PIURA,03,HUANCABAMBA,08,SONDORILLO,00580,00009,2,1,2,4,74.6071428571429,1,1,1,1,1,1,QUESO,4208,155,00,KILOGRAMO,12,1,100,00,10,00,1000,10,55,00,0,00, 
2021,20,PIURA,03,HUANCABAMBA,08,SONDORILLO,00580,00022,6,1,2,4,74.6071428571429,1,1,1,1,1,1,QUESO,4208,2,00,KILOGRAMO,12,1,2,00,16,00,32,16,0,00,0,00, 
2021,20,PIURA,03,HUANCABAMBA,08,SONDORILLO,00580,00030,7,1,2,4,74.6071428571429,1,1,1,1,1,1,QUESO,4208,16,87,KILOGRAMO,12,1,0,00, , , , ,16,87,0,00, 
2021,20,PIURA,03,HUANCABAMBA,08,SONDORILLO,00580,00054,11,1,2,4,74.6071428571429,1,1,1,1,1,1,QUESO,4208,112,50,KILOGRAMO,12,1,56,25,10,00,563,10,56,25,0,00, 
2021,20,PIURA,03,HUANCABAMBA,08,SONDORILLO,00580,00059,12,1,2,4,74.6071428571429,1,1,1,1,1,1,QUESO,4208,285,00,KILOGRAMO,12,1,255,00,16,00,4080,16,30,00,0,00, 
2021,20,PIURA,03,HUANCABAMBA,08,SONDORILLO,00580,00067,14,1,2,4,74.6071428571429,1,1,1,1,1,1,QUESO,4208,75,00,KILOGRAMO,12,1,0,00, , , , ,75,00,0,00, 
2021,20,PIURA,03,HUANCABAMBA,08,SONDORILLO,00583,00016,1,1,2,4,74.6071428571428,1,1,1,1,1,1,QUESO,4208,30,00,KILOGRAMO,12,1,5,00,10,00,50,10,25,00,0,00, 
2021,20,PIURA,03,HUANCABAMBA,08,SONDORILLO,00583,00028,2,1,2,4,74.6071428571428,1,1,1,1,1,1,QUESO,4208,65,00,KILOGRAMO,12,1,5,00,12,00,60,12,60,00,0,00, 
2021,20,PIURA,03,HUANCABAMBA,08,SONDORILLO,00583,00049,3,1,2,4,74.6071428571428,1,1,1,1,1,1,QUESO,4208,55,00,KILOGRAMO,12,1,10,00,12,00,120,12,45,00,0,00, 
2021,20,PIURA,03,HUANCABAMBA,08,SONDORILLO,00583,00051,4,1,2,4,74.6071428571428,1,1,1,1,1,1,QUESO,4208,60,00,KILOGRAMO,12,1,12,00,12,00,144,12,45,00,3,00, 
2021,20,PIURA,03,HUANCABAMBA,08,SONDORILLO,00583,00070,5,1,2,4,74.6071428571428,1,1,1,1,1,1,QUESO,4208,48,00,KILOGRAMO,12,1,5,00,12,00,60,12,43,00,0,00, 
2021,20,PIURA,03,HUANCABAMBA,08,SONDORILLO,00583,00085,6,1,2,4,74.6071428571428,1,1,1,1,1,1,QUESO,4208,30,00,KILOGRAMO,12,1,7,00,12,00,84,12,23,00,0,00, 
2021,20,PIURA,03,HUANCABAMBA,08,SONDORILLO,00583,00097,7,1,2,4,74.6071428571428,1,1,1,1,1,1,QUESO,4208,150,00,KILOGRAMO,12,1,140,00,12,00,1680,12,10,00,0,00, 
2021,20,PIURA,03,HUANCABAMBA,08,SONDORILLO,00583,00111,8,1,2,4,74.6071428571428,1,1,1,1,1,1,QUESO,4208,25,00,KILOGRAMO,12,1,5,00,12,00,60,12,20,00,0,00, 
2021,20,PIURA,03,HUANCABAMBA,08,SONDORILLO,00583,00114,9,1,2,4,74.6071428571428,1,1,1,1,1,1,QUESO,4208,60,00,KILOGRAMO,12,1,10,00,12,00,120,12,50,00,0,00, 
2021,20,PIURA,03,HUANCABAMBA,08,SONDORILLO,00583,00134,12,1,2,4,74.6071428571428,1,1,1,1,1,1,QUESO,4208,2,00,KILOGRAMO,12,1,1,00,15,00,15,15,1,00,0,00, 
2021,20,PIURA,03,HUANCABAMBA,08,SONDORILLO,00584,00028,3,1,2,4,74.6071428571429,1,1,1,1,1,1,QUESO,4208,62,50,KILOGRAMO,12,1,0,00, , , , ,62,50,0,00, 
2021,20,PIURA,03,HUANCABAMBA,08,SONDORILLO,00584,00056,5,1,2,4,74.6071428571429,1,1,1,1,1,1,QUESO,4208,125,00,KILOGRAMO,12,1,0,00, , , , ,125,00,0,00, 
2021,20,PIURA,03,HUANCABAMBA,08,SONDORILLO,00584,00080,8,1,2,4,74.6071428571429,1,1,1,1,1,1,QUESO,4208,124,00,KILOGRAMO,12,1,62,00,12,00,744,12,62,00,0,00, 
2021,20,PIURA,03,HUANCABAMBA,08,SONDORILLO,00584,00083,9,1,2,4,74.6071428571429,1,1,1,1,1,1,QUESO,4208,25,00,KILOGRAMO,12,1,0,00, , , , ,25,00,0,00, 
2021,20,PIURA,03,HUANCABAMBA,08,SONDORILLO,00584,00095,10,1,2,4,74.6071428571429,1,1,1,1,1,1,QUESO,4208,75,00,KILOGRAMO,12,1,0,00, , , , ,75,00,0,00, 
2021,20,PIURA,03,HUANCABAMBA,08,SONDORILLO,00584,00112,13,1,2,4,74.6071428571429,1,1,1,1,1,1,QUESO,4208,90,00,KILOGRAMO,12,1,0,00, , , , ,90,00,0,00, 
2021,20,PIURA,03,HUANCABAMBA,08,SONDORILLO,00584,00117,14,1,2,4,74.6071428571429,1,1,1,1,1,1,QUESO,4208,7,50,KILOGRAMO,12,1,0,00, , , , ,7,50,0,00, 
2021,20,PIURA,03,HUANCABAMBA,08,SONDORILLO,00596,00016,2,1,2,4,74.6071428571429,1,1,1,1,1,1,QUESO,4208,10,00,UNIDAD,24,1,0,00, , , , ,10,00,0,00, 
2021,20,PIURA,03,HUANCABAMBA,08,SONDORILLO,00596,00035,5,1,2,4,74.6071428571429,1,1,1,1,1,1,QUESO,4208,5,00,UNIDAD,24,1,0,00, , , , ,5,00,0,00, 
2021,20,PIURA,03,HUANCABAMBA,08,SONDORILLO,00598,00009,2,1,2,4,74.6071428571428,1,1,1,1,1,1,QUESO,4208,20,00,KILOGRAMO,12,1,0,00, , , , ,20,00,0,00, 
2021,20,PIURA,03,HUANCABAMBA,08,SONDORILLO,00598,00021,4,1,2,4,74.6071428571428,1,1,1,1,1,1,QUESO,4208,20,00,KILOGRAMO,12,1,0,00, , , , ,20,00,0,00, 
2021,20,PIURA,03,HUANCABAMBA,08,SONDORILLO,00598,00048,7,1,2,4,74.6071428571428,1,1,1,1,1,1,QUESO,4208,44,00,KILOGRAMO,12,1,15,00,10,00,150,10,29,00,0,00, 
2021,20,PIURA,03,HUANCABAMBA,08,SONDORILLO,00598,00082,12,1,2,4,74.6071428571428,1,1,1,1,1,1,QUESO,4208,14,00,KILOGRAMO,12,1,0,00, , , , ,14,00,0,00, 
2021,20,PIURA,03,HUANCABAMBA,02,CANCHAQUE,00625,00002,1,1,1,1,149.583333333333,1,1,1,1,1,1,QUESO,4208,140,00,KILOGRAMO,12,1,130,00,12,00,1560,12,10,00,0,00, 
2021,20,PIURA,03,HUANCABAMBA,02,CANCHAQUE,00632,00038,5,1,1,1,128.214285714286,1,1,1,1,1,1,QUESO,4208,4,00,KILOGRAMO,12,1,0,00, , , , ,4,00,0,00, 
2021,20,PIURA,03,HUANCABAMBA,06,SAN MIGUEL DE EL FAIQUE,00635,00042,5,1,1,1,128.214285714286,1,1,1,1,1,1,QUESO,4208,18,00,KILOGRAMO,12,1,10,00,12,00,120,12,8,00,0,00, 
2021,20,PIURA,03,HUANCABAMBA,06,SAN MIGUEL DE EL FAIQUE,00635,00064,7,1,1,1,128.214285714286,1,1,1,1,1,1,QUESO,4208,36,00,KILOGRAMO,12,1,0,00, , , , ,36,00,0,00, 
2021,20,PIURA,03,HUANCABAMBA,06,SAN MIGUEL DE EL FAIQUE,00635,00101,11,1,1,1,128.214285714286,1,1,1,1,1,1,QUESO,4208,18,00,KILOGRAMO,12,1,0,00, , , , ,15,00,3,00, 
2021,20,PIURA,03,HUANCABAMBA,04,HUARMACA,00670,00044,7,1,2,4,74.6071428571429,1,1,1,1,1,1,QUESO,4208,10,00,KILOGRAMO,12,1,0,00, , , , ,10,00,0,00, 
2021,20,PIURA,03,HUANCABAMBA,04,HUARMACA,00670,00052,8,1,2,4,74.6071428571429,1,1,1,1,1,1,QUESO,4208,10,00,KILOGRAMO,12,1,6,00,12,00,72,12,4,00,0,00, 
2021,20,PIURA,03,HUANCABAMBA,04,HUARMACA,00670,00084,12,1,2,4,74.6071428571429,1,1,1,1,1,1,QUESO,4208,100,00,KILOGRAMO,12,1,50,00,13,00,650,13,50,00,0,00, 
2021,20,PIURA,03,HUANCABAMBA,04,HUARMACA,00687,00015,2,1,2,4,74.6071428571429,1,1,1,1,1,1,QUESO,4208,30,00,KILOGRAMO,12,1,0,00, , , , ,25,00,5,00, 
2021,20,PIURA,03,HUANCABAMBA,04,HUARMACA,00687,00026,4,1,2,4,74.6071428571429,1,1,1,1,1,1,QUESO,4208,60,00,KILOGRAMO,12,1,40,00,12,00,480,12,20,00,0,00, 
2021,20,PIURA,03,HUANCABAMBA,04,HUARMACA,00687,00060,7,1,2,4,74.6071428571429,1,1,1,1,1,1,QUESO,4208,40,00,KILOGRAMO,12,1,0,00, , , , ,35,00,5,00, 
2021,20,PIURA,03,HUANCABAMBA,04,HUARMACA,00687,00073,8,1,2,4,74.6071428571429,1,1,1,1,1,1,QUESO,4208,30,00,KILOGRAMO,12,1,0,00, , , , ,20,00,10,00, 
2021,20,PIURA,03,HUANCABAMBA,04,HUARMACA,00687,00081,9,1,2,4,74.6071428571429,1,1,1,1,1,1,QUESO,4208,12,00,KILOGRAMO,12,1,0,00, , , , ,12,00,0,00, 
2021,20,PIURA,03,HUANCABAMBA,04,HUARMACA,00687,00082,10,1,2,4,74.6071428571429,1,1,1,1,1,1,QUESO,4208,14,00,KILOGRAMO,12,1,0,00, , , , ,14,00,0,00, 
2021,20,PIURA,03,HUANCABAMBA,04,HUARMACA,00687,00085,11,1,2,4,74.6071428571429,1,1,1,1,1,1,QUESO,4208,16,00,KILOGRAMO,12,1,0,00, , , , ,16,00,0,00, 
2021,20,PIURA,03,HUANCABAMBA,04,HUARMACA,00715,00012,2,1,2,4,74.6071428571428,1,1,1,1,1,1,QUESO,4208,22,00,KILOGRAMO,12,1,0,00, , , , ,22,00,0,00, 
2021,20,PIURA,03,HUANCABAMBA,04,HUARMACA,00715,00033,5,1,2,4,74.6071428571428,1,1,1,1,1,1,QUESO,4208,22,00,KILOGRAMO,12,1,22,00,10,00,220,10,0,00,0,00, 
2021,20,PIURA,03,HUANCABAMBA,04,HUARMACA,00724,00039,6,1,2,4,74.6071428571429,1,1,1,1,1,1,QUESO,4208,16,00,KILOGRAMO,12,1,0,00, , , , ,16,00,0,00, 
2021,20,PIURA,03,HUANCABAMBA,04,HUARMACA,00735,00085,12,1,2,4,80.3461538461539,1,1,1,1,1,1,QUESO,4208,24,00,KILOGRAMO,12,1,20,00,10,00,200,10,4,00,0,00, 
2021,20,PIURA,03,HUANCABAMBA,04,HUARMACA,00735,00093,14,1,2,4,80.3461538461539,1,1,1,1,1,1,QUESO,4208,6,00,KILOGRAMO,12,1,0,00, , , , ,6,00,0,00, 
2021,20,PIURA,03,HUANCABAMBA,04,HUARMACA,00741,00028,4,1,2,4,74.6071428571429,1,1,1,1,1,1,QUESO,4208,2,00,KILOGRAMO,12,1,0,00, , , , ,2,00,0,00, 
2021,20,PIURA,03,HUANCABAMBA,04,HUARMACA,00744,00067,4,1,2,4,74.6071428571429,1,1,1,1,1,1,QUESO,4208,22,00,KILOGRAMO,12,1,0,00, , , , ,20,00,2,00, 
2021,20,PIURA,03,HUANCABAMBA,04,HUARMACA,00744,00084,5,1,2,4,74.6071428571429,1,1,1,3,3,1,QUESO,4208,14,00,KILOGRAMO,12,1,0,00, , , , ,10,00,4,00, 
2021,20,PIURA,03,HUANCABAMBA,04,HUARMACA,00744,00147,10,1,2,4,74.6071428571429,1,1,1,1,1,1,QUESO,4208,22,00,KILOGRAMO,12,1,0,00, , , , ,20,00,2,00, 
2021,20,PIURA,04,MORROPON,09,SANTO DOMINGO,00824,00013,1,1,1,1,128.214285714286,1,1,1,1,1,1,QUESO,4208,25,00,KILOGRAMO,12,1,0,00, , , , ,25,00,0,00, 
2021,20,PIURA,04,MORROPON,09,SANTO DOMINGO,00824,00026,2,1,1,1,128.214285714286,1,1,1,1,1,1,QUESO,4208,62,50,KILOGRAMO,12,1,0,00, , , , ,62,50,0,00, 
2021,20,PIURA,04,MORROPON,09,SANTO DOMINGO,00824,00031,3,1,1,1,128.214285714286,1,1,1,1,1,1,QUESO,4208,250,00,KILOGRAMO,12,1,0,00, , , , ,250,00,0,00, 
2021,20,PIURA,04,MORROPON,09,SANTO DOMINGO,00824,00052,6,1,1,1,128.214285714286,1,1,1,1,1,1,QUESO,4208,125,00,KILOGRAMO,12,1,0,00, , , , ,125,00,0,00, 
2021,20,PIURA,04,MORROPON,09,SANTO DOMINGO,00824,00062,8,1,1,1,128.214285714286,1,1,1,1,1,1,QUESO,4208,50,00,KILOGRAMO,12,1,0,00, , , , ,50,00,0,00, 
2021,20,PIURA,04,MORROPON,09,SANTO DOMINGO,00824,00076,10,1,1,1,128.214285714286,1,1,1,1,1,1,QUESO,4208,56,00,KILOGRAMO,12,1,0,00, , , , ,56,00,0,00, 
2021,20,PIURA,04,MORROPON,09,SANTO DOMINGO,00824,00093,12,1,1,1,128.214285714286,1,1,1,1,1,1,QUESO,4208,37,50,KILOGRAMO,12,1,0,00, , , , ,37,50,0,00, 
2021,20,PIURA,04,MORROPON,09,SANTO DOMINGO,00824,00106,13,1,1,1,128.214285714286,1,1,1,1,1,1,QUESO,4208,62,50,KILOGRAMO,12,1,0,00, , , , ,62,50,0,00, 
2021,20,PIURA,04,MORROPON,03,CHALACO,00830,00005,1,1,2,4,74.6071428571429,1,1,1,1,1,1,QUESO,4208,50,00,UNIDAD,24,1,0,00, , , , ,50,00,0,00, 
2021,20,PIURA,04,MORROPON,03,CHALACO,00830,00013,2,1,2,4,74.6071428571429,1,1,1,1,1,1,QUESO,4208,38,00,UNIDAD,24,1,0,00, , , , ,38,00,0,00, 
2021,20,PIURA,04,MORROPON,03,CHALACO,00830,00026,3,1,2,4,74.6071428571429,1,1,1,1,1,1,QUESO,4208,36,00,UNIDAD,24,1,0,00, , , , ,36,00,0,00, 
2021,20,PIURA,04,MORROPON,03,CHALACO,00830,00035,4,1,2,4,74.6071428571429,1,1,1,1,1,1,QUESO,4208,44,00,UNIDAD,24,1,0,00, , , , ,44,00,0,00, 
2021,20,PIURA,04,MORROPON,03,CHALACO,00830,00042,6,1,2,4,74.6071428571429,1,1,1,1,1,1,QUESO,4208,44,00,UNIDAD,24,1,20,00,15,00,300,15,24,00,0,00, 
2021,20,PIURA,04,MORROPON,03,CHALACO,00830,00077,9,1,2,4,74.6071428571429,1,1,1,1,1,1,QUESO,4208,100,00,UNIDAD,24,1,50,00,15,00,750,15,50,00,0,00, 
2021,20,PIURA,04,MORROPON,03,CHALACO,00830,00080,10,1,2,4,74.6071428571429,1,1,1,1,1,1,QUESO,4208,170,00,UNIDAD,24,1,70,00,15,00,1050,15,100,00,0,00, 
2021,20,PIURA,04,MORROPON,03,CHALACO,00830,00096,12,1,2,4,74.6071428571429,1,1,1,1,1,1,QUESO,4208,50,00,UNIDAD,24,1,0,00, , , , ,50,00,0,00, 
2021,20,PIURA,04,MORROPON,03,CHALACO,00830,00107,13,1,2,4,74.6071428571429,1,1,1,1,1,1,QUESO,4208,100,00,UNIDAD,24,1,50,00,15,00,750,15,50,00,0,00, 
2021,20,PIURA,04,MORROPON,03,CHALACO,00830,00115,14,1,2,4,74.6071428571429,1,1,1,1,1,1,QUESO,4208,100,00,UNIDAD,24,1,50,00,15,00,750,15,50,00,0,00, 
2021,20,PIURA,04,MORROPON,10,YAMANGO,00860,00031,3,1,1,1,128.214285714286,1,1,1,1,1,1,QUESO,4208,12,00,KILOGRAMO,12,1,0,00, , , , ,12,00,0,00, 
2021,20,PIURA,04,MORROPON,10,YAMANGO,00860,00032,4,1,1,1,128.214285714286,1,1,1,1,1,1,QUESO,4208,25,00,KILOGRAMO,12,1,0,00, , , , ,25,00,0,00, 
2021,20,PIURA,04,MORROPON,10,YAMANGO,00860,00052,5,1,1,1,128.214285714286,1,1,1,1,1,1,QUESO,4208,31,00,KILOGRAMO,12,1,0,00, , , , ,31,00,0,00, 
2021,20,PIURA,04,MORROPON,10,YAMANGO,00860,00053,6,1,1,1,128.214285714286,1,1,1,1,1,1,QUESO,4208,20,00,KILOGRAMO,12,1,0,00, , , , ,20,00,0,00, 
2021,20,PIURA,04,MORROPON,10,YAMANGO,00860,00084,8,1,1,1,128.214285714286,1,1,1,1,1,1,QUESO,4208,60,00,KILOGRAMO,12,1,0,00, , , , ,60,00,0,00, 
2021,20,PIURA,04,MORROPON,10,YAMANGO,00860,00115,11,1,1,1,128.214285714286,1,1,1,1,1,1,QUESO,4208,100,00,KILOGRAMO,12,1,0,00, , , , ,100,00,0,00, 
2021,20,PIURA,04,MORROPON,10,YAMANGO,00860,00132,13,1,1,1,128.214285714286,1,1,1,1,1,1,QUESO,4208,30,00,KILOGRAMO,12,1,0,00, , , , ,30,00,0,00, 
2021,20,PIURA,04,MORROPON,10,YAMANGO,00860,00141,14,1,1,1,128.214285714286,1,1,1,1,1,1,QUESO,4208,62,50,KILOGRAMO,12,1,20,00,10,00,200,10,42,50,0,00, 
2021,20,PIURA,04,MORROPON,06,SALITRAL,00924,00069,8,1,1,1,138.076923076923,1,1,1,1,1,1,QUESO,4208,100,00,KILOGRAMO,12,1,50,00,15,00,750,15,40,00,10,00, 
2021,20,PIURA,01,PIURA,11,LAS LOMAS,00938,00006,1,1,1,1,128.214285714286,1,1,1,1,1,1,QUESO,4208,6,00,KILOGRAMO,12,1,0,00, , , , ,6,00,0,00, 
2021,20,PIURA,01,PIURA,11,LAS LOMAS,00945,00014,2,1,1,1,138.076923076923,1,1,1,1,1,1,QUESO,4208,50,00,UNIDAD,24,1,25,00,14,00,350,14,25,00,0,00, 
2021,20,PIURA,01,PIURA,14,TAMBO GRANDE,00972,00060,7,1,1,1,128.214285714286,1,1,1,1,1,1,QUESO,4208,48,00,KILOGRAMO,12,1,0,00, , , , ,48,00,0,00, 
2021,20,PIURA,01,PIURA,14,TAMBO GRANDE,00979,00005,1,1,1,1,128.214285714286,1,1,1,1,1,1,QUESO,4208,60,00,KILOGRAMO,12,1,0,00, , , , ,60,00,0,00, 
2021,20,PIURA,01,PIURA,10,LA UNION,01221,00012,1,1,1,1,138.076923076923,1,1,1,1,1,1,QUESO,4208,10,00,KILOGRAMO,12,1,0,00, , , , ,10,00,0,00, 
2021,14,LAMBAYEQUE,03,LAMBAYEQUE,08,OLMOS,01306,00069,8,1,1,1,58.8658008658009,1,1,1,1,1,1,QUESO,4208,30,00,KILOGRAMO,12,1,0,00, , , , ,25,00,5,00, 
2021,14,LAMBAYEQUE,03,LAMBAYEQUE,08,OLMOS,01306,00125,13,1,1,1,58.8658008658009,1,1,1,1,1,1,QUESO,4208,30,00,KILOGRAMO,12,1,0,00, , , , ,25,00,5,00, 
2021,14,LAMBAYEQUE,03,LAMBAYEQUE,07,MOTUPE,01328,00012,1,1,1,1,58.8658008658009,1,0,1,3,3,1,CUAJADA,4203,45,00,KILOGRAMO,12,1,20,00,17,50,350,17.5,25,00,0,00, 
2021,14,LAMBAYEQUE,03,LAMBAYEQUE,10,SALAS,01347,00002,1,1,1,1,58.8658008658009,1,1,1,1,1,1,QUESO,4208,36,00,KILOGRAMO,12,1,0,00, , , , ,36,00,0,00, 
2021,14,LAMBAYEQUE,03,LAMBAYEQUE,10,SALAS,01347,00041,7,1,1,1,58.8658008658009,1,1,1,1,1,1,QUESO,4208,36,00,KILOGRAMO,12,1,0,00, , , , ,36,00,0,00, 
2021,14,LAMBAYEQUE,03,LAMBAYEQUE,10,SALAS,01347,00049,8,1,1,1,58.8658008658009,1,1,1,1,1,1,QUESO,4208,36,00,KILOGRAMO,12,1,0,00, , , , ,36,00,0,00, 
2021,14,LAMBAYEQUE,03,LAMBAYEQUE,10,SALAS,01348,00031,3,1,1,1,58.8658008658009,1,1,1,1,1,1,CUAJADA,4203,54,00,UNIDAD,24,.5,0,00, , , , ,40,00,14,00, 
2021,14,LAMBAYEQUE,03,LAMBAYEQUE,04,JAYANCA,01364,00035,6,1,1,1,63.3939393939394,1,1,1,1,1,1,QUESO,4208,16,00,KILOGRAMO,12,1,0,00, , , , ,10,00,6,00, 
2021,14,LAMBAYEQUE,03,LAMBAYEQUE,04,JAYANCA,01367,00040,3,1,1,1,63.3939393939394,1,1,1,1,1,1,QUESO,4208,62,00,KILOGRAMO,12,1,0,00, , , , ,60,00,2,00, 
2021,14,LAMBAYEQUE,03,LAMBAYEQUE,04,JAYANCA,01367,00146,13,1,1,1,63.3939393939394,1,1,1,1,1,1,CUAJADA,4203,22,50,KILOGRAMO,12,1,0,00, , , , ,22,50,0,00, 
2021,14,LAMBAYEQUE,03,LAMBAYEQUE,06,MORROPE,01481,00078,8,1,1,1,68.6767676767677,1,1,1,1,1,1,CUAJADA,4203,100,00,UNIDAD,24,.25,50,00,5,00,250,20,30,00,20,00, 
2021,14,LAMBAYEQUE,02,FERREÑAFE,02,CAÑARIS,01592,00031,4,1,2,4,29.2179487179487,1,1,1,1,1,1,QUESO,4208,27,00,KILOGRAMO,12,1,0,00, , , , ,25,00,2,00, 
2021,14,LAMBAYEQUE,02,FERREÑAFE,02,CAÑARIS,01592,00043,6,1,2,4,29.2179487179487,1,1,1,1,1,1,QUESO,4208,72,00,KILOGRAMO,12,1,0,00, , , , ,72,00,0,00, 
2021,14,LAMBAYEQUE,02,FERREÑAFE,02,CAÑARIS,01592,00103,11,1,2,4,29.2179487179487,1,1,1,1,1,1,QUESO,4208,82,00,KILOGRAMO,12,1,0,00, , , , ,82,00,0,00, 
2021,14,LAMBAYEQUE,02,FERREÑAFE,02,CAÑARIS,01592,00118,12,1,2,4,29.2179487179487,1,1,1,1,1,1,QUESO,4208,90,00,KILOGRAMO,12,1,0,00, , , , ,90,00,0,00, 
2021,14,LAMBAYEQUE,02,FERREÑAFE,02,CAÑARIS,01592,00139,14,1,2,4,29.2179487179487,1,1,1,1,1,1,QUESO,4208,50,00,KILOGRAMO,12,1,0,00, , , , ,50,00,0,00, 
2021,14,LAMBAYEQUE,02,FERREÑAFE,02,CAÑARIS,01599,00029,5,1,2,4,29.2179487179487,1,1,1,1,1,1,QUESO,4208,4,00,KILOGRAMO,12,1,0,00, , , , ,4,00,0,00, 
2021,14,LAMBAYEQUE,02,FERREÑAFE,02,CAÑARIS,01599,00034,6,1,2,4,29.2179487179487,1,1,1,1,1,1,QUESO,4208,10,00,KILOGRAMO,12,1,4,00,12,00,48,12,6,00,0,00, 
2021,14,LAMBAYEQUE,02,FERREÑAFE,02,CAÑARIS,01599,00042,7,1,2,4,29.2179487179487,1,1,1,1,1,1,QUESO,4208,5,00,KILOGRAMO,12,1,0,00, , , , ,4,00,1,00, 
2021,14,LAMBAYEQUE,02,FERREÑAFE,02,CAÑARIS,01599,00056,9,1,2,4,29.2179487179487,1,1,1,1,1,1,QUESO,4208,30,00,KILOGRAMO,12,1,12,00,12,00,144,12,14,00,4,00, 
2021,14,LAMBAYEQUE,02,FERREÑAFE,02,CAÑARIS,01599,00070,10,1,2,4,29.2179487179487,1,1,1,1,1,1,QUESO,4208,20,00,KILOGRAMO,12,1,0,00, , , , ,20,00,0,00, 
2021,14,LAMBAYEQUE,02,FERREÑAFE,02,CAÑARIS,01599,00113,14,1,2,4,29.2179487179487,1,1,1,1,1,1,QUESO,4208,30,00,KILOGRAMO,12,1,25,00,12,00,300,12,5,00,0,00, 
2021,14,LAMBAYEQUE,02,FERREÑAFE,02,CAÑARIS,01604,00073,8,1,2,4,27.1309523809524,1,1,1,1,1,1,QUESO,4208,36,00,KILOGRAMO,12,1,0,00, , , , ,36,00,0,00, 
2021,14,LAMBAYEQUE,02,FERREÑAFE,03,INCAHUASI,01617,00015,2,1,2,4,27.1309523809524,1,1,1,1,1,1,QUESO,4208,165,00,KILOGRAMO,12,1,0,00, , , , ,165,00,0,00, 
2021,14,LAMBAYEQUE,02,FERREÑAFE,03,INCAHUASI,01617,00019,3,1,2,4,27.1309523809524,1,1,1,1,1,1,QUESO,4208,252,00,KILOGRAMO,12,1,0,00, , , , ,252,00,0,00, 
2021,14,LAMBAYEQUE,02,FERREÑAFE,03,INCAHUASI,01617,00042,5,1,2,4,27.1309523809524,1,1,1,1,1,1,QUESO,4208,360,00,KILOGRAMO,12,1,0,00, , , , ,360,00,0,00, 
2021,14,LAMBAYEQUE,02,FERREÑAFE,03,INCAHUASI,01617,00065,7,1,2,4,27.1309523809524,1,1,1,1,1,1,QUESO,4208,684,00,KILOGRAMO,12,1,0,00, , , , ,684,00,0,00, 
2021,14,LAMBAYEQUE,02,FERREÑAFE,03,INCAHUASI,01617,00118,11,1,2,4,27.1309523809524,1,1,1,1,1,1,QUESO,4208,12,00,KILOGRAMO,12,1,0,00, , , , ,8,00,4,00, 
2021,14,LAMBAYEQUE,02,FERREÑAFE,03,INCAHUASI,01619,00011,1,1,2,4,27.1309523809524,1,1,1,1,1,1,QUESO,4208,112,00,KILOGRAMO,12,1,80,00,8,00,640,8,32,00,0,00, 
2021,14,LAMBAYEQUE,02,FERREÑAFE,03,INCAHUASI,01619,00029,2,1,2,4,27.1309523809524,1,1,1,1,1,1,QUESO,4208,90,00,KILOGRAMO,12,1,0,00, , , , ,90,00,0,00, 
2021,14,LAMBAYEQUE,02,FERREÑAFE,03,INCAHUASI,01619,00031,3,1,2,4,27.1309523809524,1,1,1,1,1,1,QUESO,4208,90,00,KILOGRAMO,12,1,0,00, , , , ,90,00,0,00, 
2021,14,LAMBAYEQUE,02,FERREÑAFE,03,INCAHUASI,01619,00048,4,1,2,4,27.1309523809524,1,1,1,1,1,1,QUESO,4208,95,00,KILOGRAMO,12,1,0,00, , , , ,90,00,5,00, 
2021,14,LAMBAYEQUE,02,FERREÑAFE,03,INCAHUASI,01619,00060,5,1,2,4,27.1309523809524,1,1,1,1,1,1,QUESO,4208,108,00,KILOGRAMO,12,1,50,00,8,00,400,8,58,00,0,00, 
2021,14,LAMBAYEQUE,02,FERREÑAFE,03,INCAHUASI,01619,00083,7,1,2,4,27.1309523809524,1,1,1,1,1,1,QUESO,4208,108,00,KILOGRAMO,12,1,58,00,8,00,464,8,50,00,0,00, 
2021,14,LAMBAYEQUE,02,FERREÑAFE,03,INCAHUASI,01619,00088,8,1,2,4,27.1309523809524,1,1,1,1,1,1,QUESO,4208,900,00,KILOGRAMO,12,1,100,00,8,00,800,8,800,00,0,00, 
2021,14,LAMBAYEQUE,02,FERREÑAFE,03,INCAHUASI,01619,00095,9,1,2,4,27.1309523809524,1,1,1,1,1,1,QUESO,4208,150,00,KILOGRAMO,12,1,0,00, , , , ,120,00,30,00, 
2021,14,LAMBAYEQUE,02,FERREÑAFE,03,INCAHUASI,01619,00109,10,1,2,4,27.1309523809524,1,1,1,1,1,1,QUESO,4208,60,00,KILOGRAMO,12,1,0,00, , , , ,60,00,0,00, 
2021,14,LAMBAYEQUE,02,FERREÑAFE,03,INCAHUASI,01619,00128,13,1,2,4,27.1309523809524,1,1,1,1,1,1,QUESO,4208,125,00,KILOGRAMO,12,1,0,00, , , , ,100,00,25,00, 
2021,14,LAMBAYEQUE,02,FERREÑAFE,03,INCAHUASI,01619,00138,14,1,2,4,27.1309523809524,1,1,1,1,1,1,QUESO,4208,45,00,KILOGRAMO,12,1,0,00, , , , ,45,00,0,00, 
2021,14,LAMBAYEQUE,02,FERREÑAFE,03,INCAHUASI,01622,00021,3,1,2,4,27.1309523809524,1,1,1,1,1,1,CUAJADA,4203,54,00,KILOGRAMO,12,1,0,00, , , , ,54,00,0,00, 
2021,14,LAMBAYEQUE,02,FERREÑAFE,03,INCAHUASI,01622,00072,8,1,2,4,27.1309523809524,1,1,1,1,1,1,QUESO,4208,200,00,KILOGRAMO,12,1,0,00, , , , ,200,00,0,00, 
2021,14,LAMBAYEQUE,02,FERREÑAFE,03,INCAHUASI,01623,00009,1,1,2,4,27.1309523809524,1,1,1,1,1,1,QUESO,4208,50,00,KILOGRAMO,12,1,30,00,10,00,300,10,20,00,0,00, 
2021,14,LAMBAYEQUE,02,FERREÑAFE,03,INCAHUASI,01623,00088,8,1,2,4,27.1309523809524,1,1,1,1,1,1,QUESO,4208,96,00,KILOGRAMO,12,1,0,00, , , , ,80,00,16,00, 
2021,14,LAMBAYEQUE,02,FERREÑAFE,03,INCAHUASI,01623,00115,11,1,2,4,27.1309523809524,1,1,1,1,1,1,QUESO,4208,72,00,KILOGRAMO,12,1,50,00,10,00,500,10,20,00,2,00, 
2021,14,LAMBAYEQUE,02,FERREÑAFE,03,INCAHUASI,01623,00137,14,1,2,4,27.1309523809524,1,1,1,1,1,1,QUESO,4208,200,00,KILOGRAMO,12,1,150,00,8,00,1200,8,50,00,0,00, 
2021,14,LAMBAYEQUE,02,FERREÑAFE,03,INCAHUASI,01624,00016,2,1,2,4,27.1309523809524,1,1,1,1,1,1,QUESO,4208,51,00,KILOGRAMO,12,1,51,00,8,00,408,8,0,00,0,00, 
2021,14,LAMBAYEQUE,02,FERREÑAFE,03,INCAHUASI,01624,00045,5,1,2,4,27.1309523809524,1,1,1,1,1,1,QUESO,4208,30,00,KILOGRAMO,12,1,0,00, , , , ,30,00,0,00, 
2021,14,LAMBAYEQUE,02,FERREÑAFE,03,INCAHUASI,01624,00057,7,1,2,4,27.1309523809524,1,1,1,1,1,1,QUESO,4208,36,00,KILOGRAMO,12,1,0,00, , , , ,36,00,0,00, 
2021,14,LAMBAYEQUE,02,FERREÑAFE,03,INCAHUASI,01624,00077,9,1,2,4,27.1309523809524,1,1,1,1,1,1,QUESO,4208,48,00,KILOGRAMO,12,1,0,00, , , , ,48,00,0,00, 
2021,14,LAMBAYEQUE,02,FERREÑAFE,03,INCAHUASI,01624,00100,12,1,2,4,27.1309523809524,1,1,1,1,1,1,QUESO,4208,144,00,KILOGRAMO,12,1,50,00,8,00,400,8,94,00,0,00, 
2021,14,LAMBAYEQUE,02,FERREÑAFE,03,INCAHUASI,01624,00106,13,1,2,4,27.1309523809524,1,1,1,1,1,1,QUESO,4208,72,00,KILOGRAMO,12,1,36,00,8,00,288,8,36,00,0,00, 
2021,14,LAMBAYEQUE,02,FERREÑAFE,03,INCAHUASI,01624,00119,14,1,2,4,27.1309523809524,1,1,1,1,1,1,QUESO,4208,120,00,KILOGRAMO,12,1,60,00,8,00,480,8,60,00,0,00, 
2021,14,LAMBAYEQUE,02,FERREÑAFE,03,INCAHUASI,01632,00030,5,1,2,4,27.1309523809524,1,1,1,1,1,1,QUESO,4208,36,00,KILOGRAMO,12,1,0,00, , , , ,36,00,0,00, 
2021,14,LAMBAYEQUE,02,FERREÑAFE,03,INCAHUASI,01632,00037,6,1,2,4,27.1309523809524,1,1,1,1,1,1,QUESO,4208,24,00,UNIDAD,24,1,0,00, , , , ,24,00,0,00, 
2021,14,LAMBAYEQUE,02,FERREÑAFE,03,INCAHUASI,01632,00042,7,1,2,4,27.1309523809524,1,1,1,1,1,1,QUESO,4208,24,00,KILOGRAMO,12,1,0,00, , , , ,24,00,0,00, 
2021,14,LAMBAYEQUE,02,FERREÑAFE,03,INCAHUASI,01634,00047,6,1,2,4,27.1309523809524,1,1,1,1,1,1,CUAJADA,4203,25,00,KILOGRAMO,12,1,0,00, , , , ,25,00,0,00, 
2021,14,LAMBAYEQUE,02,FERREÑAFE,03,INCAHUASI,01634,00110,13,1,2,4,27.1309523809524,1,1,1,1,1,1,QUESO,4208,10,00,KILOGRAMO,12,1,0,00, , , , ,10,00,0,00, 
2021,14,LAMBAYEQUE,02,FERREÑAFE,03,INCAHUASI,01637,00006,1,1,2,4,27.1309523809524,1,1,1,1,1,1,QUESO,4208,8,00,KILOGRAMO,12,1,0,00, , , , ,8,00,0,00, 
2021,14,LAMBAYEQUE,02,FERREÑAFE,03,INCAHUASI,01637,00012,2,1,2,4,27.1309523809524,1,1,1,1,1,1,QUESO,4208,40,00,KILOGRAMO,12,1,0,00, , , , ,30,00,10,00, 
2021,14,LAMBAYEQUE,02,FERREÑAFE,03,INCAHUASI,01637,00017,3,1,2,4,27.1309523809524,1,1,1,1,1,1,QUESO,4208,70,00,KILOGRAMO,12,1,0,00, , , , ,50,00,20,00, 
2021,14,LAMBAYEQUE,02,FERREÑAFE,03,INCAHUASI,01637,00019,4,1,2,4,27.1309523809524,1,1,1,1,1,1,QUESO,4208,15,00,KILOGRAMO,12,1,0,00, , , , ,15,00,0,00, 
2021,14,LAMBAYEQUE,02,FERREÑAFE,03,INCAHUASI,01637,00022,5,1,2,4,27.1309523809524,1,1,1,1,1,1,QUESO,4208,4,00,KILOGRAMO,12,1,0,00, , , , ,4,00,0,00, 
2021,14,LAMBAYEQUE,02,FERREÑAFE,03,INCAHUASI,01637,00036,7,1,2,4,27.1309523809524,1,1,1,1,1,1,QUESO,4208,14,00,KILOGRAMO,12,1,0,00, , , , ,12,00,2,00, 
2021,14,LAMBAYEQUE,02,FERREÑAFE,03,INCAHUASI,01637,00044,8,1,2,4,27.1309523809524,1,1,1,1,1,1,QUESO,4208,45,00,KILOGRAMO,12,1,0,00, , , , ,42,00,3,00, 
2021,14,LAMBAYEQUE,02,FERREÑAFE,03,INCAHUASI,01637,00063,10,1,2,4,27.1309523809524,1,1,1,1,1,1,QUESO,4208,20,00,KILOGRAMO,12,1,0,00, , , , ,16,00,4,00, 
2021,14,LAMBAYEQUE,02,FERREÑAFE,03,INCAHUASI,01637,00078,12,1,2,4,27.1309523809524,1,1,1,1,1,1,QUESO,4208,45,00,KILOGRAMO,12,1,0,00, , , , ,40,00,5,00, 
2021,14,LAMBAYEQUE,02,FERREÑAFE,03,INCAHUASI,01637,00092,13,1,2,4,27.1309523809524,1,1,1,1,1,1,QUESO,4208,26,00,KILOGRAMO,12,1,0,00, , , , ,20,00,6,00, 
2021,14,LAMBAYEQUE,02,FERREÑAFE,03,INCAHUASI,01637,00094,14,1,2,4,27.1309523809524,1,1,1,1,1,1,QUESO,4208,6,00,KILOGRAMO,12,1,0,00, , , , ,6,00,0,00, 
2021,14,LAMBAYEQUE,02,FERREÑAFE,03,INCAHUASI,01638,00010,2,1,2,4,27.1309523809524,1,1,1,1,1,1,QUESO,4208,25,20,KILOGRAMO,12,1,20,00,8,00,160,8,5,20,0,00, 
2021,14,LAMBAYEQUE,02,FERREÑAFE,03,INCAHUASI,01638,00045,6,1,2,4,27.1309523809524,1,1,1,1,1,1,QUESO,4208,72,00,KILOGRAMO,12,1,0,00, , , , ,72,00,0,00, 
2021,14,LAMBAYEQUE,02,FERREÑAFE,03,INCAHUASI,01638,00054,7,1,2,4,27.1309523809524,1,1,1,1,1,1,QUESO,4208,108,00,KILOGRAMO,12,1,98,00,6,50,637,6.5,10,00,0,00, 
2021,14,LAMBAYEQUE,02,FERREÑAFE,03,INCAHUASI,01638,00062,8,1,2,4,27.1309523809524,1,1,1,1,1,1,QUESO,4208,10,00,KILOGRAMO,12,1,5,00,8,00,40,8,5,00,0,00, 
2021,14,LAMBAYEQUE,02,FERREÑAFE,03,INCAHUASI,01638,00115,14,1,2,4,27.1309523809524,1,1,1,1,1,1,QUESO,4208,10,80,KILOGRAMO,12,1,0,00, , , , ,10,80,0,00, 
2021,14,LAMBAYEQUE,01,CHICLAYO,13,REQUE,01753,00029,3,1,1,1,58.8658008658009,1,1,1,1,1,1,QUESO,4208,39,00,KILOGRAMO,12,1,0,00, , , , ,39,00,0,00, 
2021,14,LAMBAYEQUE,01,CHICLAYO,13,REQUE,01759,00023,2,1,1,1,58.8658008658009,1,1,1,1,1,1,QUESO,4208,5,00,KILOGRAMO,12,1,3,00,12,00,36,12,2,00,0,00, 
2021,06,CAJAMARCA,08,JAEN,03,CHONTALI,02056,00010,2,1,2,4,273.608653846154,1,1,1,1,1,1,QUESO,4208,40,00,KILOGRAMO,12,1,25,00,15,00,375,15,10,00,5,00, 
2021,06,CAJAMARCA,08,JAEN,11,SAN JOSE DEL ALTO,02073,00016,4,1,3,7,291.658163265306,1,1,1,1,1,1,CUAJADA,4203,20,00,KILOGRAMO,12,1,0,00, , , , ,15,00,5,00, 
2021,06,CAJAMARCA,08,JAEN,05,HUABAL,02090,00050,6,1,3,7,314.093406593407,1,1,1,1,1,1,CUAJADA,4203,62,00,KILOGRAMO,12,1,30,00,12,00,360,12,20,00,12,00, 
2021,06,CAJAMARCA,08,JAEN,05,HUABAL,02102,00009,2,1,3,7,314.093406593407,1,1,1,1,1,1,QUESO,4208,150,00,KILOGRAMO,12,1,0,00, , , , ,120,00,30,00, 
2021,06,CAJAMARCA,08,JAEN,05,HUABAL,02102,00065,10,1,3,7,314.093406593407,1,1,1,1,1,1,QUESO,4208,96,00,KILOGRAMO,12,1,40,00,12,00,480,12,46,00,10,00, 
2021,06,CAJAMARCA,08,JAEN,05,HUABAL,02102,00075,11,1,3,7,314.093406593407,1,1,1,1,1,1,QUESO,4208,12,50,KILOGRAMO,12,1,8,00,10,00,80,10,4,00,0,50, 
2021,06,CAJAMARCA,08,JAEN,05,HUABAL,02102,00080,13,1,3,7,314.093406593407,1,1,1,1,1,1,QUESO,4208,50,00,KILOGRAMO,12,1,15,00,10,00,150,10,30,00,5,00, 
2021,06,CAJAMARCA,08,JAEN,02,BELLAVISTA,02144,00047,7,1,3,7,314.093406593407,1,1,1,1,1,1,CUAJADA,4203,108,00,KILOGRAMO,12,1,0,00, , , , ,80,00,28,00, 
2021,06,CAJAMARCA,06,CUTERVO,07,QUEROCOTILLO,02222,00005,1,1,2,4,323.355681818182,1,1,1,1,1,1,CUAJADA,4203,90,00,KILOGRAMO,12,1,50,00,10,00,500,10,15,00,25,00, 
2021,06,CAJAMARCA,06,CUTERVO,07,QUEROCOTILLO,02222,00023,4,1,2,4,323.355681818182,1,1,1,1,1,1,CUAJADA,4203,30,00,KILOGRAMO,12,1,0,00, , , , ,30,00,0,00, 
2021,06,CAJAMARCA,06,CUTERVO,07,QUEROCOTILLO,02222,00048,7,1,2,4,323.355681818182,1,1,1,1,1,1,CUAJADA,4203,40,00,KILOGRAMO,12,1,0,00, , , , ,40,00,0,00, 
2021,06,CAJAMARCA,06,CUTERVO,07,QUEROCOTILLO,02222,00058,9,1,2,4,323.355681818182,1,1,1,1,1,1,CUAJADA,4203,100,00,KILOGRAMO,12,1,70,00,10,00,700,10,30,00,0,00, 
2021,06,CAJAMARCA,06,CUTERVO,07,QUEROCOTILLO,02222,00087,13,1,2,4,323.355681818182,1,1,1,1,1,1,CUAJADA,4203,43,00,KILOGRAMO,12,1,0,00, , , , ,43,00,0,00, 
2021,06,CAJAMARCA,06,CUTERVO,07,QUEROCOTILLO,02237,00005,2,1,2,4,254.065178571429,1,1,1,1,1,1,CUAJADA,4203,30,00,KILOGRAMO,12,1,0,00, , , , ,30,00,0,00, 
2021,06,CAJAMARCA,06,CUTERVO,07,QUEROCOTILLO,02237,00020,4,1,2,4,254.065178571429,1,1,1,1,1,1,CUAJADA,4203,700,00,KILOGRAMO,12,1,600,00,14,00,8400,14,100,00,0,00, 
2021,06,CAJAMARCA,06,CUTERVO,07,QUEROCOTILLO,02237,00033,6,1,2,4,254.065178571429,1,1,1,1,1,1,CUAJADA,4203,50,00,KILOGRAMO,12,1,0,00, , , , ,50,00,0,00, 
2021,06,CAJAMARCA,06,CUTERVO,07,QUEROCOTILLO,02237,00041,7,1,2,4,254.065178571429,1,1,1,1,1,1,CUAJADA,4203,14,00,KILOGRAMO,12,1,0,00, , , , ,14,00,0,00, 
2021,06,CAJAMARCA,06,CUTERVO,07,QUEROCOTILLO,02237,00073,10,1,2,4,254.065178571429,1,1,1,1,1,1,CUAJADA,4203,30,00,KILOGRAMO,12,1,0,00, , , , ,30,00,0,00, 
2021,06,CAJAMARCA,06,CUTERVO,07,QUEROCOTILLO,02237,00087,11,1,2,4,254.065178571429,1,1,1,1,1,1,CUAJADA,4203,30,00,KILOGRAMO,12,1,0,00, , , , ,30,00,0,00, 
2021,06,CAJAMARCA,06,CUTERVO,07,QUEROCOTILLO,02237,00122,14,1,2,4,254.065178571429,1,1,1,1,1,1,CUAJADA,4203,40,00,KILOGRAMO,12,1,0,00, , , , ,40,00,0,00, 
2021,06,CAJAMARCA,06,CUTERVO,07,QUEROCOTILLO,02251,00056,8,1,2,4,273.608653846154,1,1,1,1,1,1,CUAJADA,4203,240,00,KILOGRAMO,12,1,0,00, , , , ,240,00,0,00, 
2021,06,CAJAMARCA,06,CUTERVO,07,QUEROCOTILLO,02251,00059,9,1,2,4,273.608653846154,1,1,1,1,1,1,CUAJADA,4203,12,00,KILOGRAMO,12,1,0,00, , , , ,12,00,0,00, 
2021,06,CAJAMARCA,06,CUTERVO,07,QUEROCOTILLO,02251,00081,12,1,2,4,273.608653846154,1,1,1,1,1,1,CUAJADA,4203,15,00,KILOGRAMO,12,1,0,00, , , , ,15,00,0,00, 
2021,06,CAJAMARCA,06,CUTERVO,07,QUEROCOTILLO,02251,00091,13,1,2,4,273.608653846154,1,1,1,1,1,1,CUAJADA,4203,9,00,KILOGRAMO,12,1,0,00, , , , ,9,00,0,00, 
2021,06,CAJAMARCA,06,CUTERVO,07,QUEROCOTILLO,02264,00078,7,1,2,4,254.065178571429,1,1,1,1,1,1,CUAJADA,4203,10,00,KILOGRAMO,12,1,0,00, , , , ,10,00,0,00, 
2021,06,CAJAMARCA,06,CUTERVO,07,QUEROCOTILLO,02264,00083,8,1,2,4,254.065178571429,1,1,1,1,1,1,CUAJADA,4203,8,00,KILOGRAMO,12,1,0,00, , , , ,8,00,0,00, 
2021,06,CAJAMARCA,06,CUTERVO,07,QUEROCOTILLO,02264,00098,9,1,2,4,254.065178571429,1,1,1,1,1,1,CUAJADA,4203,10,00,KILOGRAMO,12,1,0,00, , , , ,10,00,0,00, 
2021,06,CAJAMARCA,06,CUTERVO,07,QUEROCOTILLO,02264,00107,10,1,2,4,254.065178571429,1,1,1,1,1,1,CUAJADA,4203,10,00,KILOGRAMO,12,1,0,00, , , , ,10,00,0,00, 
2021,06,CAJAMARCA,06,CUTERVO,07,QUEROCOTILLO,02264,00137,14,1,2,4,254.065178571429,1,1,1,1,1,1,CUAJADA,4203,16,00,KILOGRAMO,12,1,0,00, , , , ,16,00,0,00, 
2021,06,CAJAMARCA,06,CUTERVO,11,SANTA CRUZ,02310,00004,1,1,2,4,273.608653846154,1,1,1,1,1,1,CUAJADA,4203,80,00,KILOGRAMO,12,1,0,00, , , , ,80,00,0,00, 
2021,06,CAJAMARCA,06,CUTERVO,11,SANTA CRUZ,02310,00016,2,1,2,4,273.608653846154,1,1,1,1,1,1,CUAJADA,4203,15,00,KILOGRAMO,12,1,0,00, , , , ,15,00,0,00, 
2021,06,CAJAMARCA,06,CUTERVO,11,SANTA CRUZ,02310,00031,4,1,2,4,273.608653846154,1,1,1,1,1,1,CUAJADA,4203,294,00,KILOGRAMO,12,1,147,00,12,00,1764,12,147,00,0,00, 
2021,06,CAJAMARCA,06,CUTERVO,11,SANTA CRUZ,02310,00048,5,1,2,4,273.608653846154,1,1,1,1,1,1,CUAJADA,4203,12,00,KILOGRAMO,12,1,0,00, , , , ,12,00,0,00, 
2021,06,CAJAMARCA,06,CUTERVO,11,SANTA CRUZ,02310,00122,13,1,2,4,273.608653846154,1,1,1,1,1,1,CUAJADA,4203,12,00,KILOGRAMO,12,1,0,00, , , , ,12,00,0,00, 
2021,06,CAJAMARCA,06,CUTERVO,11,SANTA CRUZ,02310,00129,14,1,2,4,273.608653846154,1,1,1,1,1,1,CUAJADA,4203,25,00,KILOGRAMO,12,1,0,00, , , , ,25,00,0,00, 
2021,06,CAJAMARCA,06,CUTERVO,14,SOCOTA,02385,00016,2,1,2,4,254.065178571429,1,1,1,1,1,1,CUAJADA,4203,54,00,KILOGRAMO,12,1,0,00, , , , ,50,00,4,00, 
2021,06,CAJAMARCA,06,CUTERVO,14,SOCOTA,02385,00085,9,1,2,4,254.065178571429,1,1,1,1,1,1,CUAJADA,4203,70,00,KILOGRAMO,12,1,0,00, , , , ,70,00,0,00, 
2021,06,CAJAMARCA,06,CUTERVO,14,SOCOTA,02385,00112,12,1,2,4,254.065178571429,1,1,1,1,1,1,CUAJADA,4203,46,00,KILOGRAMO,12,1,0,00, , , , ,40,00,6,00, 
2021,06,CAJAMARCA,06,CUTERVO,01,CUTERVO,02427,00012,1,1,2,4,444.6140625,1,1,1,1,1,1,CUAJADA,4203,18,00,KILOGRAMO,12,1,0,00, , , , ,18,00,0,00, 
2021,06,CAJAMARCA,06,CUTERVO,01,CUTERVO,02427,00039,3,1,2,4,444.6140625,1,1,1,1,1,1,CUAJADA,4203,10,00,KILOGRAMO,12,1,0,00, , , , ,10,00,0,00, 
2021,06,CAJAMARCA,06,CUTERVO,01,CUTERVO,02427,00045,5,1,2,4,444.6140625,1,1,1,1,1,1,CUAJADA,4203,10,00,KILOGRAMO,12,1,0,00, , , , ,10,00,0,00, 
2021,06,CAJAMARCA,06,CUTERVO,01,CUTERVO,02427,00060,7,1,2,4,444.6140625,1,1,1,1,1,1,CUAJADA,4203,20,00,KILOGRAMO,12,1,0,00, , , , ,20,00,0,00, 
2021,06,CAJAMARCA,06,CUTERVO,01,CUTERVO,02427,00101,12,1,2,4,444.6140625,1,1,1,1,1,1,CUAJADA,4203,15,00,KILOGRAMO,12,1,0,00, , , , ,15,00,0,00, 
2021,06,CAJAMARCA,06,CUTERVO,01,CUTERVO,02436,00023,2,1,2,4,254.065178571429,1,1,1,1,1,1,CUAJADA,4203,64,00,KILOGRAMO,12,1,0,00, , , , ,64,00,0,00, 
2021,06,CAJAMARCA,06,CUTERVO,01,CUTERVO,02436,00035,3,1,2,4,254.065178571429,1,1,1,1,1,1,CUAJADA,4203,80,00,KILOGRAMO,12,1,0,00, , , , ,80,00,0,00, 
2021,06,CAJAMARCA,06,CUTERVO,01,CUTERVO,02436,00087,7,1,2,4,254.065178571429,1,1,1,1,1,1,CUAJADA,4203,38,00,KILOGRAMO,12,1,0,00, , , , ,38,00,0,00, 
2021,06,CAJAMARCA,06,CUTERVO,01,CUTERVO,02436,00141,13,1,2,4,254.065178571429,1,1,1,1,1,1,CUAJADA,4203,30,00,KILOGRAMO,12,1,0,00, , , , ,30,00,0,00, 
2021,06,CAJAMARCA,06,CUTERVO,01,CUTERVO,02463,00026,4,1,2,4,296.409375,1,1,1,1,1,1,CUAJADA,4203,100,00,KILOGRAMO,12,1,0,00, , , , ,100,00,0,00, 
2021,06,CAJAMARCA,06,CUTERVO,01,CUTERVO,02463,00042,6,1,2,4,296.409375,1,1,1,1,1,1,CUAJADA,4203,10,00,KILOGRAMO,12,1,0,00, , , , ,10,00,0,00, 
2021,06,CAJAMARCA,06,CUTERVO,01,CUTERVO,02463,00054,7,1,2,4,296.409375,1,1,1,1,1,1,CUAJADA,4203,63,00,KILOGRAMO,12,1,0,00, , , , ,63,00,0,00, 
2021,06,CAJAMARCA,06,CUTERVO,01,CUTERVO,02463,00099,13,1,2,4,296.409375,1,1,1,1,1,1,CUAJADA,4203,37,00,UNIDAD,24,1,0,00, , , , ,37,00,0,00, 
2021,06,CAJAMARCA,06,CUTERVO,01,CUTERVO,02509,00003,1,1,2,4,254.065178571429,1,1,1,1,1,1,CUAJADA,4203,28,80,KILOGRAMO,12,1,15,00,14,00,210,14,13,80,0,00, 
2021,06,CAJAMARCA,06,CUTERVO,01,CUTERVO,02509,00069,9,1,2,4,254.065178571429,1,1,1,1,1,1,CUAJADA,4203,15,00,KILOGRAMO,12,1,0,00, , , , ,15,00,0,00, 
2021,06,CAJAMARCA,06,CUTERVO,01,CUTERVO,02509,00100,12,1,2,4,254.065178571429,1,1,1,1,1,1,CUAJADA,4203,300,00,KILOGRAMO,12,1,0,00, , , , ,300,00,0,00, 
2021,06,CAJAMARCA,06,CUTERVO,01,CUTERVO,02509,00106,14,1,2,4,254.065178571429,1,1,1,1,1,1,CUAJADA,4203,60,00,KILOGRAMO,12,1,0,00, , , , ,20,00,40,00, 
2021,06,CAJAMARCA,06,CUTERVO,01,CUTERVO,02558,00026,4,1,2,4,254.065178571429,1,1,1,1,1,1,CUAJADA,4203,110,00,KILOGRAMO,12,1,100,00,10,00,1000,10,10,00,0,00, 
2021,06,CAJAMARCA,06,CUTERVO,01,CUTERVO,02558,00056,9,1,2,4,254.065178571429,1,1,1,1,1,1,CUAJADA,4203,25,00,KILOGRAMO,12,1,20,00,10,00,200,10,5,00,0,00, 
2021,06,CAJAMARCA,06,CUTERVO,01,CUTERVO,02558,00065,10,1,2,4,254.065178571429,1,1,1,1,1,1,CUAJADA,4203,20,00,KILOGRAMO,12,1,0,00, , , , ,20,00,0,00, 
2021,06,CAJAMARCA,06,CUTERVO,01,CUTERVO,02569,00009,1,1,2,4,254.065178571429,1,1,1,1,1,1,CUAJADA,4203,24,00,KILOGRAMO,12,1,0,00, , , , ,24,00,0,00, 
2021,06,CAJAMARCA,06,CUTERVO,01,CUTERVO,02569,00039,4,1,2,4,254.065178571429,1,1,1,1,1,1,CUAJADA,4203,8,00,KILOGRAMO,12,1,0,00, , , , ,8,00,0,00, 
2021,06,CAJAMARCA,06,CUTERVO,01,CUTERVO,02569,00040,5,1,2,4,254.065178571429,1,1,1,1,1,1,CUAJADA,4203,68,00,KILOGRAMO,12,1,0,00, , , , ,68,00,0,00, 
2021,06,CAJAMARCA,06,CUTERVO,01,CUTERVO,02569,00064,7,1,2,4,254.065178571429,1,1,1,1,1,1,CUAJADA,4203,30,00,KILOGRAMO,12,1,0,00, , , , ,30,00,0,00, 
2021,06,CAJAMARCA,06,CUTERVO,01,CUTERVO,02569,00094,10,1,2,4,254.065178571429,1,1,1,1,1,1,CUAJADA,4203,18,00,KILOGRAMO,12,1,0,00, , , , ,18,00,0,00, 
2021,06,CAJAMARCA,06,CUTERVO,01,CUTERVO,02569,00106,11,1,2,4,254.065178571429,1,1,1,1,1,1,CUAJADA,4203,18,00,KILOGRAMO,12,1,0,00, , , , ,18,00,0,00, 
2021,06,CAJAMARCA,06,CUTERVO,01,CUTERVO,02569,00126,13,1,2,4,254.065178571429,1,1,1,1,1,1,CUAJADA,4203,50,00,KILOGRAMO,12,1,0,00, , , , ,50,00,0,00, 
2021,06,CAJAMARCA,06,CUTERVO,01,CUTERVO,02569,00129,14,1,2,4,254.065178571429,1,1,1,1,1,1,QUESO,4208,21,00,KILOGRAMO,12,1,0,00, , , , ,21,00,0,00, 
2021,06,CAJAMARCA,04,CHOTA,11,LLAMA,02612,00026,3,1,2,4,254.065178571429,1,1,1,1,1,1,CUAJADA,4203,40,00,KILOGRAMO,12,1,30,00,10,00,300,10,10,00,0,00, 
2021,06,CAJAMARCA,04,CHOTA,09,HUAMBOS,02660,00019,3,1,2,4,254.065178571429,1,1,1,1,1,1,CUAJADA,4203,10,00,KILOGRAMO,12,1,0,00, , , , ,10,00,0,00, 
2021,06,CAJAMARCA,04,CHOTA,09,HUAMBOS,02660,00043,5,1,2,4,254.065178571429,1,1,1,1,1,1,CUAJADA,4203,10,00,KILOGRAMO,12,1,0,00, , , , ,7,00,3,00, 
2021,06,CAJAMARCA,04,CHOTA,09,HUAMBOS,02660,00057,6,1,2,4,254.065178571429,1,1,1,1,1,1,CUAJADA,4203,10,00,KILOGRAMO,12,1,0,00, , , , ,6,00,4,00, 
2021,06,CAJAMARCA,04,CHOTA,09,HUAMBOS,02660,00071,8,1,2,4,254.065178571429,1,1,1,1,1,1,CUAJADA,4203,20,00,KILOGRAMO,12,1,10,00,13,00,130,13,10,00,0,00, 
2021,06,CAJAMARCA,04,CHOTA,09,HUAMBOS,02660,00106,12,1,2,4,254.065178571429,1,1,1,1,1,1,CUAJADA,4203,20,00,KILOGRAMO,12,1,10,00,13,00,130,13,10,00,0,00, 
2021,06,CAJAMARCA,04,CHOTA,09,HUAMBOS,02660,00115,13,1,2,4,254.065178571429,1,1,1,1,1,1,CUAJADA,4203,20,00,KILOGRAMO,12,1,10,00,15,00,150,15,10,00,0,00, 
2021,06,CAJAMARCA,04,CHOTA,09,HUAMBOS,02660,00130,14,1,2,4,254.065178571429,1,1,1,1,1,1,CUAJADA,4203,20,00,KILOGRAMO,12,1,10,00,15,00,150,15,10,00,0,00, 
2021,06,CAJAMARCA,04,CHOTA,09,HUAMBOS,02664,00016,1,1,2,4,254.065178571429,1,1,1,1,1,1,QUESO,4208,10,00,KILOGRAMO,12,1,10,00,12,00,120,12,0,00,0,00, 
2021,06,CAJAMARCA,04,CHOTA,09,HUAMBOS,02664,00051,5,1,2,4,254.065178571429,1,1,1,1,1,1,CUAJADA,4203,25,00,KILOGRAMO,12,1,0,00, , , , ,25,00,0,00, 
2021,06,CAJAMARCA,04,CHOTA,09,HUAMBOS,02664,00069,7,1,2,4,254.065178571429,1,1,1,1,1,1,CUAJADA,4203,50,00,KILOGRAMO,12,1,20,00,10,00,200,10,30,00,0,00, 
2021,06,CAJAMARCA,04,CHOTA,09,HUAMBOS,02664,00082,8,1,2,4,254.065178571429,1,1,1,1,1,1,CUAJADA,4203,100,00,KILOGRAMO,12,1,80,00,12,00,960,12,20,00,0,00, 
2021,06,CAJAMARCA,04,CHOTA,09,HUAMBOS,02664,00097,9,1,2,4,254.065178571429,1,1,1,1,1,1,QUESO,4208,50,00,KILOGRAMO,12,1,30,00,12,00,360,12,20,00,0,00, 
2021,06,CAJAMARCA,04,CHOTA,09,HUAMBOS,02664,00105,10,1,2,4,254.065178571429,1,1,1,1,1,1,QUESO,4208,140,00,KILOGRAMO,12,1,110,00,12,00,1320,12,30,00,0,00, 
2021,06,CAJAMARCA,04,CHOTA,09,HUAMBOS,02664,00113,11,1,2,4,254.065178571429,1,1,1,1,1,1,CUAJADA,4203,200,00,KILOGRAMO,12,1,0,00, , , , ,200,00,0,00, 
2021,06,CAJAMARCA,04,CHOTA,09,HUAMBOS,02664,00128,13,1,2,4,254.065178571429,1,1,1,1,1,1,CUAJADA,4203,45,00,KILOGRAMO,12,1,0,00, , , , ,45,00,0,00, 
2021,06,CAJAMARCA,04,CHOTA,09,HUAMBOS,02671,00004,1,1,2,4,254.065178571429,1,1,1,1,1,1,CUAJADA,4203,50,00,KILOGRAMO,12,1,0,00, , , , ,50,00,0,00, 
2021,06,CAJAMARCA,04,CHOTA,09,HUAMBOS,02671,00014,2,1,2,4,254.065178571429,1,1,1,1,1,1,CUAJADA,4203,18,00,KILOGRAMO,12,1,0,00, , , , ,8,00,10,00, 
2021,06,CAJAMARCA,04,CHOTA,09,HUAMBOS,02671,00017,3,1,2,4,254.065178571429,1,1,1,1,1,1,CUAJADA,4203,30,00,KILOGRAMO,12,1,0,00, , , , ,10,00,20,00, 
2021,06,CAJAMARCA,04,CHOTA,09,HUAMBOS,02671,00026,4,1,2,4,254.065178571429,1,1,1,1,1,1,CUAJADA,4203,108,00,KILOGRAMO,12,1,80,00,10,00,800,10,28,00,0,00, 
2021,06,CAJAMARCA,04,CHOTA,09,HUAMBOS,02671,00040,5,1,2,4,254.065178571429,1,1,1,1,1,1,CUAJADA,4203,80,00,KILOGRAMO,12,1,0,00, , , , ,30,00,50,00, 
2021,06,CAJAMARCA,04,CHOTA,09,HUAMBOS,02671,00055,7,1,2,4,254.065178571429,1,1,1,1,1,1,CUAJADA,4203,18,00,KILOGRAMO,12,1,0,00, , , , ,18,00,0,00, 
2021,06,CAJAMARCA,04,CHOTA,09,HUAMBOS,02671,00059,8,1,2,4,254.065178571429,1,1,1,1,1,1,CUAJADA,4203,26,00,KILOGRAMO,12,1,0,00, , , , ,26,00,0,00, 
2021,06,CAJAMARCA,04,CHOTA,09,HUAMBOS,02671,00071,10,1,2,4,254.065178571429,1,1,1,1,1,1,CUAJADA,4203,6,00,KILOGRAMO,12,1,0,00, , , , ,6,00,0,00, 
2021,06,CAJAMARCA,04,CHOTA,09,HUAMBOS,02671,00084,13,1,2,4,254.065178571429,1,1,1,1,1,1,CUAJADA,4203,17,00,KILOGRAMO,12,1,0,00, , , , ,10,00,7,00, 
2021,06,CAJAMARCA,04,CHOTA,09,HUAMBOS,02671,00091,14,1,2,4,254.065178571429,1,1,1,1,1,1,CUAJADA,4203,66,00,KILOGRAMO,12,1,0,00, , , , ,46,00,20,00, 
2021,06,CAJAMARCA,04,CHOTA,01,CHOTA,02756,00018,2,1,2,4,254.065178571429,1,1,1,1,1,1,CUAJADA,4203,96,00,KILOGRAMO,12,1,0,00, , , , ,96,00,0,00, 
2021,06,CAJAMARCA,04,CHOTA,01,CHOTA,02756,00042,4,1,2,4,254.065178571429,1,1,1,1,1,1,CUAJADA,4203,24,00,KILOGRAMO,12,1,0,00, , , , ,24,00,0,00, 
2021,06,CAJAMARCA,04,CHOTA,01,CHOTA,02756,00067,6,1,2,4,254.065178571429,1,1,1,1,1,1,CUAJADA,4203,63,00,KILOGRAMO,12,1,0,00, , , , ,63,00,0,00, 
2021,06,CAJAMARCA,04,CHOTA,01,CHOTA,02756,00068,7,1,2,4,254.065178571429,1,1,1,1,1,1,CUAJADA,4203,48,00,KILOGRAMO,12,1,0,00, , , , ,48,00,0,00, 
2021,06,CAJAMARCA,04,CHOTA,01,CHOTA,02756,00088,9,1,2,4,254.065178571429,1,1,1,1,1,1,CUAJADA,4203,10,00,KILOGRAMO,12,1,0,00, , , , ,10,00,0,00, 
2021,06,CAJAMARCA,04,CHOTA,01,CHOTA,02756,00096,10,1,2,4,254.065178571429,1,1,1,1,1,1,CUAJADA,4203,24,00,KILOGRAMO,12,1,0,00, , , , ,24,00,0,00, 
2021,06,CAJAMARCA,04,CHOTA,01,CHOTA,02756,00109,11,1,2,4,254.065178571429,1,1,1,1,1,1,CUAJADA,4203,20,00,KILOGRAMO,12,1,0,00, , , , ,20,00,0,00, 
2021,06,CAJAMARCA,04,CHOTA,01,CHOTA,02756,00132,14,1,2,4,254.065178571429,1,1,1,1,1,1,CUAJADA,4203,28,00,KILOGRAMO,12,1,0,00, , , , ,28,00,0,00, 
2021,06,CAJAMARCA,04,CHOTA,01,CHOTA,02777,00005,1,1,2,4,273.608653846154,1,1,1,1,1,1,CUAJADA,4203,126,00,KILOGRAMO,12,1,110,00,12,00,1320,12,16,00,0,00, 
2021,06,CAJAMARCA,04,CHOTA,01,CHOTA,02777,00027,3,1,2,4,273.608653846154,1,1,1,1,1,1,CUAJADA,4203,34,00,KILOGRAMO,12,1,0,00, , , , ,34,00,0,00, 
2021,06,CAJAMARCA,04,CHOTA,01,CHOTA,02777,00092,10,1,2,4,273.608653846154,1,1,1,1,1,1,CUAJADA,4203,10,00,KILOGRAMO,12,1,6,00,15,00,90,15,4,00,0,00, 
2021,06,CAJAMARCA,04,CHOTA,01,CHOTA,02777,00120,12,1,2,4,273.608653846154,1,1,1,1,1,1,CUAJADA,4203,10,00,KILOGRAMO,12,1,0,00, , , , ,10,00,0,00, 
2021,06,CAJAMARCA,04,CHOTA,01,CHOTA,02777,00141,14,1,2,4,273.608653846154,1,1,1,1,1,1,CUAJADA,4203,24,00,KILOGRAMO,12,1,0,00, , , , ,24,00,0,00, 
2021,06,CAJAMARCA,04,CHOTA,01,CHOTA,02851,00025,3,1,2,4,254.065178571429,1,1,1,1,1,1,CUAJADA,4203,20,00,KILOGRAMO,12,1,0,00, , , , ,20,00,0,00, 
2021,06,CAJAMARCA,04,CHOTA,01,CHOTA,02851,00052,6,1,2,4,254.065178571429,1,1,1,1,1,1,CUAJADA,4203,17,50,KILOGRAMO,12,1,0,00, , , , ,17,50,0,00, 
2021,06,CAJAMARCA,04,CHOTA,01,CHOTA,02851,00088,10,1,2,4,254.065178571429,1,1,1,1,1,1,CUAJADA,4203,60,00,KILOGRAMO,12,1,0,00, , , , ,60,00,0,00, 
2021,06,CAJAMARCA,04,CHOTA,01,CHOTA,02851,00092,11,1,2,4,254.065178571429,1,1,1,1,1,1,CUAJADA,4203,20,00,KILOGRAMO,12,1,0,00, , , , ,20,00,0,00, 
2021,06,CAJAMARCA,04,CHOTA,01,CHOTA,02851,00105,12,1,2,4,254.065178571429,1,1,1,1,1,1,QUESO,4208,46,00,KILOGRAMO,12,1,0,00, , , , ,46,00,0,00, 
2021,06,CAJAMARCA,04,CHOTA,08,CONCHAN,02878,00002,1,1,2,4,254.065178571429,1,1,1,1,1,1,CUAJADA,4203,5,00,KILOGRAMO,12,1,0,00, , , , ,5,00,0,00, 
2021,06,CAJAMARCA,04,CHOTA,08,CONCHAN,02878,00010,3,1,2,4,254.065178571429,1,1,1,1,1,1,CUAJADA,4203,8,00,KILOGRAMO,12,1,0,00, , , , ,8,00,0,00, 
2021,06,CAJAMARCA,04,CHOTA,08,CONCHAN,02878,00019,5,1,2,4,254.065178571429,1,1,1,1,1,1,CUAJADA,4203,5,00,KILOGRAMO,12,1,0,00, , , , ,5,00,0,00, 
2021,06,CAJAMARCA,04,CHOTA,08,CONCHAN,02878,00026,6,1,2,4,254.065178571429,1,1,1,1,1,1,CUAJADA,4203,8,00,KILOGRAMO,12,1,0,00, , , , ,8,00,0,00, 
2021,06,CAJAMARCA,04,CHOTA,08,CONCHAN,02878,00033,7,1,2,4,254.065178571429,1,1,1,1,1,1,CUAJADA,4203,6,00,KILOGRAMO,12,1,0,00, , , , ,6,00,0,00, 
2021,06,CAJAMARCA,04,CHOTA,08,CONCHAN,02878,00038,8,1,2,4,254.065178571429,1,1,1,1,1,1,CUAJADA,4203,4,00,KILOGRAMO,12,1,0,00, , , , ,4,00,0,00, 
2021,06,CAJAMARCA,04,CHOTA,08,CONCHAN,02878,00043,9,1,2,4,254.065178571429,1,1,1,1,1,1,CUAJADA,4203,6,00,KILOGRAMO,12,1,0,00, , , , ,6,00,0,00, 
2021,06,CAJAMARCA,04,CHOTA,08,CONCHAN,02878,00046,10,1,2,4,254.065178571429,1,1,1,1,1,1,CUAJADA,4203,7,00,KILOGRAMO,12,1,0,00, , , , ,7,00,0,00, 
2021,06,CAJAMARCA,04,CHOTA,08,CONCHAN,02878,00061,12,1,2,4,254.065178571429,1,1,1,1,1,1,CUAJADA,4203,7,00,KILOGRAMO,12,1,0,00, , , , ,7,00,0,00, 
2021,06,CAJAMARCA,04,CHOTA,08,CONCHAN,02878,00073,14,1,2,4,254.065178571429,1,1,1,1,1,1,CUAJADA,4203,7,00,KILOGRAMO,12,1,0,00, , , , ,7,00,0,00, 
2021,06,CAJAMARCA,04,CHOTA,04,CHIGUIRIP,02918,00009,2,1,2,4,254.065178571429,1,1,1,1,1,1,CUAJADA,4203,87,00,KILOGRAMO,12,1,0,00, , , , ,87,00,0,00, 
2021,06,CAJAMARCA,04,CHOTA,04,CHIGUIRIP,02918,00013,3,1,2,4,254.065178571429,1,1,1,1,1,1,CUAJADA,4203,10,00,KILOGRAMO,12,1,0,00, , , , ,10,00,0,00, 
2021,06,CAJAMARCA,04,CHOTA,04,CHIGUIRIP,02918,00023,4,1,2,4,254.065178571429,1,1,1,1,1,1,CUAJADA,4203,6,00,UNIDAD,24,1,0,00, , , , ,6,00,0,00, 
2021,06,CAJAMARCA,04,CHOTA,04,CHIGUIRIP,02918,00052,7,1,2,4,254.065178571429,1,1,1,1,1,1,CUAJADA,4203,6,00,KILOGRAMO,12,1,0,00, , , , ,6,00,0,00, 
2021,06,CAJAMARCA,04,CHOTA,04,CHIGUIRIP,02918,00060,8,1,2,4,254.065178571429,1,1,1,1,1,1,CUAJADA,4203,12,00,KILOGRAMO,12,1,0,00, , , , ,12,00,0,00, 
2021,06,CAJAMARCA,04,CHOTA,04,CHIGUIRIP,02918,00062,9,1,2,4,254.065178571429,1,1,1,1,1,1,CUAJADA,4203,7,50,KILOGRAMO,12,1,0,00, , , , ,7,50,0,00, 
2021,06,CAJAMARCA,04,CHOTA,04,CHIGUIRIP,02918,00066,10,1,2,4,254.065178571429,1,1,1,1,1,1,CUAJADA,4203,2,00,UNIDAD,24,1,0,00, , , , ,2,00,0,00, 
2021,06,CAJAMARCA,04,CHOTA,04,CHIGUIRIP,02918,00075,11,1,2,4,254.065178571429,1,1,1,1,1,1,CUAJADA,4203,80,00,LIBRA,36,.45,0,00, , , , ,80,00,0,00, 
2021,06,CAJAMARCA,04,CHOTA,04,CHIGUIRIP,02918,00080,12,1,2,4,254.065178571429,1,1,1,1,1,1,CUAJADA,4203,23,00,KILOGRAMO,12,1,0,00, , , , ,23,00,0,00, 
2021,06,CAJAMARCA,04,CHOTA,04,CHIGUIRIP,02918,00086,13,1,2,4,254.065178571429,1,1,1,1,1,1,CUAJADA,4203,32,00,UNIDAD,24,1,0,00, , , , ,32,00,0,00, 
2021,06,CAJAMARCA,04,CHOTA,04,CHIGUIRIP,02918,00091,14,1,2,4,254.065178571429,1,1,1,1,1,1,CUAJADA,4203,68,00,KILOGRAMO,12,1,0,00, , , , ,68,00,0,00, 
2021,06,CAJAMARCA,04,CHOTA,02,ANGUIA,02966,00032,5,1,2,4,296.409375,1,1,1,1,1,1,CUAJADA,4203,25,00,KILOGRAMO,12,1,10,00,5,00,50,5,15,00,0,00, 
2021,06,CAJAMARCA,04,CHOTA,02,ANGUIA,02966,00048,7,1,2,4,296.409375,1,1,1,1,1,1,CUAJADA,4203,32,00,KILOGRAMO,12,1,0,00, , , , ,32,00,0,00, 
2021,06,CAJAMARCA,04,CHOTA,02,ANGUIA,02966,00065,9,1,2,4,296.409375,1,1,1,1,1,1,CUAJADA,4203,312,00,KILOGRAMO,12,1,232,00,8,00,1856,8,80,00,0,00, 
2021,06,CAJAMARCA,04,CHOTA,02,ANGUIA,02966,00091,13,1,2,4,296.409375,1,1,1,1,1,1,CUAJADA,4203,102,00,KILOGRAMO,12,1,60,00,6,00,360,6,42,00,0,00, 
2021,06,CAJAMARCA,04,CHOTA,05,CHIMBAN,02990,00058,8,1,3,7,291.658163265306,1,1,1,1,1,1,CUAJADA,4203,980,00,LITRO,14,1,500,00,12,00,6000,12,480,00,0,00, 
2021,06,CAJAMARCA,04,CHOTA,05,CHIMBAN,02990,00072,9,1,3,7,291.658163265306,1,1,1,1,1,1,CUAJADA,4203,46,00,KILOGRAMO,12,1,0,00, , , , ,46,00,0,00, 
2021,06,CAJAMARCA,04,CHOTA,05,CHIMBAN,02990,00100,12,1,3,7,291.658163265306,1,1,1,1,1,1,CUAJADA,4203,135,00,KILOGRAMO,12,1,0,00, , , , ,68,00,67,00, 
2021,06,CAJAMARCA,04,CHOTA,13,PACCHA,03058,00008,1,1,2,4,254.065178571429,1,1,1,1,1,1,CUAJADA,4203,36,60,KILOGRAMO,12,1,0,00, , , , ,36,60,0,00, 
2021,06,CAJAMARCA,04,CHOTA,13,PACCHA,03058,00028,2,1,2,4,254.065178571429,1,1,1,1,1,1,CUAJADA,4203,31,00,KILOGRAMO,12,1,0,00, , , , ,20,00,11,00, 
2021,06,CAJAMARCA,04,CHOTA,13,PACCHA,03058,00040,4,1,2,4,254.065178571429,1,1,1,1,1,1,CUAJADA,4203,50,00,KILOGRAMO,12,1,0,00, , , , ,50,00,0,00, 
2021,06,CAJAMARCA,04,CHOTA,13,PACCHA,03058,00050,5,1,2,4,254.065178571429,1,1,1,1,1,1,CUAJADA,4203,32,50,KILOGRAMO,12,1,0,00, , , , ,32,50,0,00, 
2021,06,CAJAMARCA,04,CHOTA,13,PACCHA,03058,00095,9,1,2,4,254.065178571429,1,1,1,1,1,1,CUAJADA,4203,4,00,KILOGRAMO,12,1,0,00, , , , ,4,00,0,00, 
2021,06,CAJAMARCA,04,CHOTA,13,PACCHA,03058,00098,10,1,2,4,254.065178571429,1,1,1,1,1,1,CUAJADA,4203,40,00,KILOGRAMO,12,1,0,00, , , , ,40,00,0,00, 
2021,06,CAJAMARCA,04,CHOTA,13,PACCHA,03058,00112,11,1,2,4,254.065178571429,1,1,1,1,1,1,CUAJADA,4203,115,20,KILOGRAMO,12,1,0,00, , , , ,115,20,0,00, 
2021,06,CAJAMARCA,07,HUALGAYOC,02,CHUGUR,03067,00001,1,1,2,4,254.065178571429,1,1,1,1,1,1,CUAJADA,4203,12,00,KILOGRAMO,12,1,0,00, , , , ,12,00,0,00, 
2021,06,CAJAMARCA,07,HUALGAYOC,02,CHUGUR,03067,00013,2,1,2,4,254.065178571429,1,1,1,1,1,1,CUAJADA,4203,48,00,KILOGRAMO,12,1,0,00, , , , ,48,00,0,00, 
2021,06,CAJAMARCA,07,HUALGAYOC,02,CHUGUR,03067,00032,4,1,2,4,254.065178571429,1,1,1,1,1,1,CUAJADA,4203,28,00,KILOGRAMO,12,1,0,00, , , , ,28,00,0,00, 
2021,06,CAJAMARCA,07,HUALGAYOC,02,CHUGUR,03067,00049,5,1,2,4,254.065178571429,1,1,1,1,1,1,CUAJADA,4203,28,00,KILOGRAMO,12,1,0,00, , , , ,28,00,0,00, 
2021,06,CAJAMARCA,07,HUALGAYOC,02,CHUGUR,03067,00053,6,1,2,4,254.065178571429,1,1,1,1,1,1,CUAJADA,4203,48,00,KILOGRAMO,12,1,0,00, , , , ,48,00,0,00, 
2021,06,CAJAMARCA,07,HUALGAYOC,02,CHUGUR,03067,00070,8,1,2,4,254.065178571429,1,1,1,1,1,1,CUAJADA,4203,12,00,KILOGRAMO,12,1,0,00, , , , ,12,00,0,00, 
2021,06,CAJAMARCA,07,HUALGAYOC,02,CHUGUR,03067,00072,9,1,2,4,254.065178571429,1,1,1,1,1,1,CUAJADA,4203,12,00,KILOGRAMO,12,1,0,00, , , , ,12,00,0,00, 
2021,06,CAJAMARCA,07,HUALGAYOC,02,CHUGUR,03067,00097,11,1,2,4,254.065178571429,1,1,1,1,1,1,CUAJADA,4203,280,00,KILOGRAMO,12,1,0,00, , , , ,280,00,0,00, 
2021,06,CAJAMARCA,07,HUALGAYOC,02,CHUGUR,03067,00100,12,1,2,4,254.065178571429,1,1,1,1,1,1,CUAJADA,4203,10,00,KILOGRAMO,12,1,0,00, , , , ,10,00,0,00, 
2021,06,CAJAMARCA,07,HUALGAYOC,02,CHUGUR,03067,00118,13,1,2,4,254.065178571429,1,1,1,1,1,1,CUAJADA,4203,216,00,KILOGRAMO,12,1,0,00, , , , ,216,00,0,00, 
2021,06,CAJAMARCA,07,HUALGAYOC,02,CHUGUR,03067,00131,14,1,2,4,254.065178571429,1,1,1,1,1,1,CUAJADA,4203,150,00,KILOGRAMO,12,1,0,00, , , , ,150,00,0,00, 
2021,06,CAJAMARCA,07,HUALGAYOC,02,CHUGUR,03070,00004,1,1,2,4,254.065178571429,1,1,1,1,1,1,CUAJADA,4203,10,00,KILOGRAMO,12,1,0,00, , , , ,10,00,0,00, 
2021,06,CAJAMARCA,07,HUALGAYOC,02,CHUGUR,03070,00017,2,1,2,4,254.065178571429,1,1,1,1,1,1,CUAJADA,4203,10,00,KILOGRAMO,12,1,0,00, , , , ,10,00,0,00, 
2021,06,CAJAMARCA,07,HUALGAYOC,02,CHUGUR,03070,00029,3,1,2,4,254.065178571429,1,1,1,1,1,1,CUAJADA,4203,20,00,KILOGRAMO,12,1,0,00, , , , ,15,00,5,00, 
2021,06,CAJAMARCA,07,HUALGAYOC,02,CHUGUR,03070,00034,4,1,2,4,254.065178571429,1,1,1,1,1,1,CUAJADA,4203,10,00,KILOGRAMO,12,1,0,00, , , , ,10,00,0,00, 
2021,06,CAJAMARCA,07,HUALGAYOC,02,CHUGUR,03070,00052,6,1,2,4,254.065178571429,1,1,1,1,1,1,CUAJADA,4203,10,00,KILOGRAMO,12,1,0,00, , , , ,10,00,0,00, 
2021,06,CAJAMARCA,07,HUALGAYOC,02,CHUGUR,03070,00056,7,1,2,4,254.065178571429,1,1,1,1,1,1,CUAJADA,4203,10,00,KILOGRAMO,12,1,0,00, , , , ,10,00,0,00, 
2021,06,CAJAMARCA,07,HUALGAYOC,02,CHUGUR,03070,00078,9,1,2,4,254.065178571429,1,1,1,1,1,1,CUAJADA,4203,10,00,KILOGRAMO,12,1,0,00, , , , ,10,00,0,00, 
2021,06,CAJAMARCA,07,HUALGAYOC,02,CHUGUR,03070,00081,10,1,2,4,254.065178571429,1,1,1,1,1,1,CUAJADA,4203,10,00,KILOGRAMO,12,1,0,00, , , , ,10,00,0,00, 
2021,06,CAJAMARCA,07,HUALGAYOC,02,CHUGUR,03070,00097,11,1,2,4,254.065178571429,1,1,1,1,1,1,CUAJADA,4203,10,00,KILOGRAMO,12,1,0,00, , , , ,10,00,0,00, 
2021,06,CAJAMARCA,07,HUALGAYOC,02,CHUGUR,03070,00099,12,1,2,4,254.065178571429,1,1,1,1,1,1,CUAJADA,4203,20,00,KILOGRAMO,12,1,0,00, , , , ,15,00,5,00, 
2021,06,CAJAMARCA,07,HUALGAYOC,02,CHUGUR,03070,00114,13,1,2,4,254.065178571429,1,1,1,1,1,1,CUAJADA,4203,20,00,KILOGRAMO,12,1,0,00, , , , ,15,00,5,00, 
2021,06,CAJAMARCA,07,HUALGAYOC,02,CHUGUR,03070,00115,14,1,2,4,254.065178571429,1,1,1,1,1,1,CUAJADA,4203,20,00,KILOGRAMO,12,1,0,00, , , , ,16,00,4,00, 
2021,06,CAJAMARCA,07,HUALGAYOC,02,CHUGUR,03071,00074,7,1,2,4,254.065178571429,1,1,1,1,1,1,QUESO,4208,10,00,KILOGRAMO,12,1,10,00,15,00,150,15,0,00,0,00, 
2021,06,CAJAMARCA,07,HUALGAYOC,02,CHUGUR,03074,00018,3,1,2,4,254.065178571429,1,1,1,1,1,1,CUAJADA,4203,30,00,KILOGRAMO,12,1,0,00, , , , ,30,00,0,00, 
2021,06,CAJAMARCA,07,HUALGAYOC,02,CHUGUR,03074,00028,4,1,2,4,254.065178571429,1,1,1,1,1,1,CUAJADA,4203,10,00,KILOGRAMO,12,1,0,00, , , , ,10,00,0,00, 
2021,06,CAJAMARCA,07,HUALGAYOC,02,CHUGUR,03074,00044,6,1,2,4,254.065178571429,1,1,1,1,1,1,CUAJADA,4203,26,00,KILOGRAMO,12,1,0,00, , , , ,26,00,0,00, 
2021,06,CAJAMARCA,07,HUALGAYOC,02,CHUGUR,03074,00053,7,1,2,4,254.065178571429,1,1,1,1,1,1,CUAJADA,4203,20,00,KILOGRAMO,12,1,0,00, , , , ,15,00,5,00, 
2021,06,CAJAMARCA,07,HUALGAYOC,02,CHUGUR,03074,00063,9,1,2,4,254.065178571429,1,1,1,1,1,1,CUAJADA,4203,50,00,KILOGRAMO,12,1,0,00, , , , ,50,00,0,00, 
2021,06,CAJAMARCA,07,HUALGAYOC,02,CHUGUR,03074,00070,10,1,2,4,254.065178571429,1,1,1,1,1,1,CUAJADA,4203,18,00,KILOGRAMO,12,1,0,00, , , , ,18,00,0,00, 
2021,06,CAJAMARCA,07,HUALGAYOC,02,CHUGUR,03074,00080,11,1,2,4,254.065178571429,1,1,1,1,1,1,CUAJADA,4203,15,00,KILOGRAMO,12,1,0,00, , , , ,15,00,0,00, 
2021,06,CAJAMARCA,07,HUALGAYOC,02,CHUGUR,03074,00096,13,1,2,4,254.065178571429,1,1,1,1,1,1,CUAJADA,4203,30,00,KILOGRAMO,12,1,0,00, , , , ,30,00,0,00, 
2021,06,CAJAMARCA,07,HUALGAYOC,02,CHUGUR,03074,00103,14,1,2,4,254.065178571429,1,1,1,1,1,1,CUAJADA,4203,63,00,KILOGRAMO,12,1,0,00, , , , ,50,00,13,00, 
2021,06,CAJAMARCA,07,HUALGAYOC,01,BAMBAMARCA,03358,00003,1,1,2,4,254.065178571429,1,1,1,1,1,1,CUAJADA,4203,16,00,KILOGRAMO,12,1,0,00, , , , ,16,00,0,00, 
2021,06,CAJAMARCA,07,HUALGAYOC,01,BAMBAMARCA,03358,00012,2,1,2,4,254.065178571429,1,1,1,1,1,1,CUAJADA,4203,15,00,KILOGRAMO,12,1,0,00, , , , ,15,00,0,00, 
2021,06,CAJAMARCA,07,HUALGAYOC,01,BAMBAMARCA,03358,00016,3,1,2,4,254.065178571429,1,1,1,1,1,1,CUAJADA,4203,10,00,KILOGRAMO,12,1,0,00, , , , ,10,00,0,00, 
2021,06,CAJAMARCA,07,HUALGAYOC,01,BAMBAMARCA,03358,00023,4,1,2,4,254.065178571429,1,1,1,1,1,1,CUAJADA,4203,14,00,KILOGRAMO,12,1,0,00, , , , ,14,00,0,00, 
2021,06,CAJAMARCA,07,HUALGAYOC,01,BAMBAMARCA,03358,00034,6,1,2,4,254.065178571429,1,1,1,1,1,1,CUAJADA,4203,12,00,KILOGRAMO,12,1,0,00, , , , ,12,00,0,00, 
2021,06,CAJAMARCA,07,HUALGAYOC,01,BAMBAMARCA,03358,00040,7,1,2,4,254.065178571429,1,1,1,1,1,1,CUAJADA,4203,10,00,KILOGRAMO,12,1,0,00, , , , ,10,00,0,00, 
2021,06,CAJAMARCA,07,HUALGAYOC,01,BAMBAMARCA,03358,00058,9,1,2,4,254.065178571429,1,1,1,1,1,1,CUAJADA,4203,10,00,KILOGRAMO,12,1,0,00, , , , ,10,00,0,00, 
2021,06,CAJAMARCA,07,HUALGAYOC,01,BAMBAMARCA,03358,00073,12,1,2,4,254.065178571429,1,1,1,1,1,1,CUAJADA,4203,15,00,KILOGRAMO,12,1,0,00, , , , ,15,00,0,00, 
2021,06,CAJAMARCA,07,HUALGAYOC,01,BAMBAMARCA,03358,00080,13,1,2,4,254.065178571429,1,1,1,1,1,1,CUAJADA,4203,10,00,KILOGRAMO,12,1,0,00, , , , ,10,00,0,00, 
2021,06,CAJAMARCA,07,HUALGAYOC,01,BAMBAMARCA,03358,00086,14,1,2,4,254.065178571429,1,1,1,1,1,1,CUAJADA,4203,10,00,KILOGRAMO,12,1,0,00, , , , ,10,00,0,00, 
2021,06,CAJAMARCA,13,SANTA CRUZ,04,CHANCAYBAÑOS,03481,00002,1,1,2,4,296.409375,1,1,1,1,1,1,CUAJADA,4203,8,00,KILOGRAMO,12,1,0,00, , , , ,8,00,0,00, 
2021,06,CAJAMARCA,13,SANTA CRUZ,04,CHANCAYBAÑOS,03481,00031,4,1,2,4,296.409375,1,1,1,1,1,1,CUAJADA,4203,56,00,KILOGRAMO,12,1,0,00, , , , ,56,00,0,00, 
2021,06,CAJAMARCA,13,SANTA CRUZ,04,CHANCAYBAÑOS,03481,00037,5,1,2,4,296.409375,1,1,1,1,1,1,CUAJADA,4203,48,00,KILOGRAMO,12,1,0,00, , , , ,48,00,0,00, 
2021,06,CAJAMARCA,13,SANTA CRUZ,04,CHANCAYBAÑOS,03481,00089,9,1,2,4,296.409375,1,1,1,1,1,1,CUAJADA,4203,270,00,KILOGRAMO,12,1,0,00, , , , ,270,00,0,00, 
2021,06,CAJAMARCA,13,SANTA CRUZ,06,NINABAMBA,03503,00004,1,1,2,4,355.69125,1,1,1,1,1,1,CUAJADA,4203,5,00,KILOGRAMO,12,1,0,00, , , , ,5,00,0,00, 
2021,06,CAJAMARCA,13,SANTA CRUZ,06,NINABAMBA,03503,00048,5,1,2,4,355.69125,1,1,1,1,1,1,CUAJADA,4203,8,00,KILOGRAMO,12,1,0,00, , , , ,8,00,0,00, 
2021,06,CAJAMARCA,13,SANTA CRUZ,06,NINABAMBA,03503,00083,9,1,2,4,355.69125,1,1,1,1,1,1,CUAJADA,4203,30,00,KILOGRAMO,12,1,0,00, , , , ,30,00,0,00, 
2021,06,CAJAMARCA,13,SANTA CRUZ,06,NINABAMBA,03503,00109,10,1,2,4,355.69125,1,1,1,1,1,1,CUAJADA,4203,6,00,KILOGRAMO,12,1,0,00, , , , ,6,00,0,00, 
2021,06,CAJAMARCA,13,SANTA CRUZ,06,NINABAMBA,03503,00144,13,1,2,4,355.69125,1,1,1,1,1,1,CUAJADA,4203,5,00,LITRO,14,1,0,00, , , , ,5,00,0,00, 
2021,06,CAJAMARCA,13,SANTA CRUZ,05,LA ESPERANZA,03535,00008,1,1,2,4,296.409375,1,1,1,1,1,1,CUAJADA,4203,45,00,KILOGRAMO,12,1,30,00,8,00,240,8,15,00,0,00, 
2021,06,CAJAMARCA,13,SANTA CRUZ,05,LA ESPERANZA,03535,00029,3,1,2,4,296.409375,1,1,1,1,1,1,CUAJADA,4203,5,00,KILOGRAMO,12,1,0,00, , , , ,5,00,0,00, 
2021,06,CAJAMARCA,13,SANTA CRUZ,05,LA ESPERANZA,03535,00040,4,1,2,4,296.409375,1,1,1,1,1,1,CUAJADA,4203,50,00,KILOGRAMO,12,1,20,00,8,00,160,8,30,00,0,00, 
2021,06,CAJAMARCA,13,SANTA CRUZ,05,LA ESPERANZA,03535,00048,5,1,2,4,296.409375,1,1,1,1,1,1,CUAJADA,4203,72,00,KILOGRAMO,12,1,10,00,6,00,60,6,62,00,0,00, 
2021,06,CAJAMARCA,13,SANTA CRUZ,05,LA ESPERANZA,03535,00050,6,1,2,4,296.409375,1,1,1,1,1,1,CUAJADA,4203,30,00,KILOGRAMO,12,1,15,00,7,00,105,7,15,00,0,00, 
2021,06,CAJAMARCA,13,SANTA CRUZ,05,LA ESPERANZA,03535,00073,7,1,2,4,296.409375,1,1,1,1,1,1,CUAJADA,4203,52,50,KILOGRAMO,12,1,0,00, , , , ,52,50,0,00, 
2021,06,CAJAMARCA,11,SAN MIGUEL,04,CATILLUC,03629,00072,9,1,2,4,254.065178571429,1,1,1,1,1,1,CUAJADA,4203,10,00,KILOGRAMO,12,1,0,00, , , , ,10,00,0,00, 
2021,06,CAJAMARCA,11,SAN MIGUEL,04,CATILLUC,03629,00115,14,1,2,4,254.065178571429,1,1,1,1,1,1,CUAJADA,4203,235,00,KILOGRAMO,12,1,230,00,14,00,3220,14,5,00,0,00, 
2021,06,CAJAMARCA,11,SAN MIGUEL,07,LLAPA,03650,00012,2,1,2,4,254.065178571429,1,1,1,1,1,1,CUAJADA,4203,5,00,KILOGRAMO,12,1,0,00, , , , ,5,00,0,00, 
2021,06,CAJAMARCA,11,SAN MIGUEL,07,LLAPA,03650,00048,6,1,2,4,254.065178571429,1,1,1,1,1,1,CUAJADA,4203,15,00,KILOGRAMO,12,1,0,00, , , , ,15,00,0,00, 
2021,06,CAJAMARCA,11,SAN MIGUEL,07,LLAPA,03650,00058,7,1,2,4,254.065178571429,1,1,1,1,1,1,CUAJADA,4203,24,00,KILOGRAMO,12,1,0,00, , , , ,24,00,0,00, 
2021,06,CAJAMARCA,11,SAN MIGUEL,07,LLAPA,03650,00076,9,1,2,4,254.065178571429,1,1,1,1,1,1,CUAJADA,4203,6,00,KILOGRAMO,12,1,0,00, , , , ,6,00,0,00, 
2021,06,CAJAMARCA,11,SAN MIGUEL,07,LLAPA,03650,00093,11,1,2,4,254.065178571429,1,1,1,1,1,1,CUAJADA,4203,3,00,KILOGRAMO,12,1,0,00, , , , ,3,00,0,00, 
2021,06,CAJAMARCA,11,SAN MIGUEL,11,SAN SILVESTRE DE COCHAN,03669,00002,1,1,2,4,296.409375,1,1,1,1,1,1,CUAJADA,4203,18,00,KILOGRAMO,12,1,0,00, , , , ,18,00,0,00, 
2021,06,CAJAMARCA,11,SAN MIGUEL,11,SAN SILVESTRE DE COCHAN,03669,00005,2,1,2,4,296.409375,1,1,1,1,1,1,CUAJADA,4203,18,00,KILOGRAMO,12,1,0,00, , , , ,18,00,0,00, 
2021,06,CAJAMARCA,11,SAN MIGUEL,11,SAN SILVESTRE DE COCHAN,03669,00010,3,1,2,4,296.409375,1,1,1,1,1,1,CUAJADA,4203,6,00,KILOGRAMO,12,1,0,00, , , , ,6,00,0,00, 
2021,06,CAJAMARCA,11,SAN MIGUEL,11,SAN SILVESTRE DE COCHAN,03669,00023,4,1,2,4,296.409375,1,1,1,1,1,1,CUAJADA,4203,12,00,KILOGRAMO,12,1,0,00, , , , ,12,00,0,00, 
2021,06,CAJAMARCA,11,SAN MIGUEL,11,SAN SILVESTRE DE COCHAN,03669,00028,5,1,2,4,296.409375,1,1,1,1,1,1,CUAJADA,4203,61,00,KILOGRAMO,12,1,0,00, , , , ,61,00,0,00, 
2021,06,CAJAMARCA,11,SAN MIGUEL,11,SAN SILVESTRE DE COCHAN,03669,00036,8,1,2,4,296.409375,1,1,1,1,1,1,CUAJADA,4203,8,00,KILOGRAMO,12,1,0,00, , , , ,8,00,0,00, 
2021,06,CAJAMARCA,11,SAN MIGUEL,11,SAN SILVESTRE DE COCHAN,03669,00055,11,1,2,4,296.409375,1,1,1,1,1,1,CUAJADA,4203,5,00,KILOGRAMO,12,1,0,00, , , , ,5,00,0,00, 
2021,06,CAJAMARCA,11,SAN MIGUEL,11,SAN SILVESTRE DE COCHAN,03669,00074,14,1,2,4,296.409375,1,1,1,1,1,1,CUAJADA,4203,45,00,KILOGRAMO,12,1,0,00, , , , ,45,00,0,00, 
2021,06,CAJAMARCA,11,SAN MIGUEL,01,SAN MIGUEL,03672,00008,1,1,2,4,254.065178571429,1,1,1,1,1,1,CUAJADA,4203,4,00,KILOGRAMO,12,1,0,00, , , , ,4,00,0,00, 
2021,06,CAJAMARCA,11,SAN MIGUEL,01,SAN MIGUEL,03672,00019,2,1,2,4,254.065178571429,1,1,1,1,1,1,CUAJADA,4203,7,00,KILOGRAMO,12,1,0,00, , , , ,7,00,0,00, 
2021,06,CAJAMARCA,11,SAN MIGUEL,01,SAN MIGUEL,03672,00027,3,1,2,4,254.065178571429,1,1,1,1,1,1,CUAJADA,4203,3,00,KILOGRAMO,12,1,0,00, , , , ,3,00,0,00, 
2021,06,CAJAMARCA,11,SAN MIGUEL,01,SAN MIGUEL,03672,00042,5,1,2,4,254.065178571429,1,1,1,1,1,1,CUAJADA,4203,4,00,KILOGRAMO,12,1,0,00, , , , ,4,00,0,00, 
2021,06,CAJAMARCA,11,SAN MIGUEL,01,SAN MIGUEL,03672,00043,6,1,2,4,254.065178571429,1,1,1,1,1,1,CUAJADA,4203,4,00,KILOGRAMO,12,1,0,00, , , , ,4,00,0,00, 
2021,06,CAJAMARCA,11,SAN MIGUEL,08,NANCHOC,03732,00126,11,1,1,1,90.375,1,1,1,1,1,1,CUAJADA,4203,11,00,KILOGRAMO,12,1,0,00, , , , ,11,00,0,00, 
2021,06,CAJAMARCA,11,SAN MIGUEL,08,NANCHOC,03732,00144,13,1,1,1,90.375,1,1,1,1,1,1,CUAJADA,4203,75,00,KILOGRAMO,12,1,0,00, , , , ,75,00,0,00, 
2021,06,CAJAMARCA,11,SAN MIGUEL,08,NANCHOC,03732,00147,14,1,1,1,90.375,1,1,1,1,1,1,CUAJADA,4203,330,00,KILOGRAMO,12,1,300,00,14,00,4200,14,30,00,0,00, 
2021,06,CAJAMARCA,12,SAN PABLO,01,SAN PABLO,03770,00003,1,1,2,4,254.065178571429,1,1,1,1,1,1,CUAJADA,4203,10,00,KILOGRAMO,12,1,0,00, , , , ,10,00,0,00, 
2021,06,CAJAMARCA,12,SAN PABLO,01,SAN PABLO,03770,00011,2,1,2,4,254.065178571429,1,1,1,1,1,1,CUAJADA,4203,30,00,KILOGRAMO,12,1,0,00, , , , ,30,00,0,00, 
2021,06,CAJAMARCA,12,SAN PABLO,01,SAN PABLO,03770,00034,3,1,2,4,254.065178571429,1,1,1,1,1,1,CUAJADA,4203,38,00,KILOGRAMO,12,1,0,00, , , , ,38,00,0,00, 
2021,06,CAJAMARCA,12,SAN PABLO,01,SAN PABLO,03770,00056,6,1,2,4,254.065178571429,1,1,1,1,1,1,CUAJADA,4203,34,00,KILOGRAMO,12,1,0,00, , , , ,34,00,0,00, 
2021,06,CAJAMARCA,05,CONTUMAZA,03,CUPISNIQUE,03844,00001,1,1,2,4,254.065178571429,1,1,1,1,1,1,CUAJADA,4203,80,00,KILOGRAMO,12,1,0,00, , , , ,80,00,0,00, 
2021,06,CAJAMARCA,05,CONTUMAZA,03,CUPISNIQUE,03844,00013,2,1,2,4,254.065178571429,1,1,1,1,1,1,CUAJADA,4203,50,00,KILOGRAMO,12,1,0,00, , , , ,50,00,0,00, 
2021,06,CAJAMARCA,05,CONTUMAZA,03,CUPISNIQUE,03844,00074,10,1,2,4,254.065178571429,1,1,1,1,1,1,CUAJADA,4203,120,00,KILOGRAMO,12,1,0,00, , , , ,120,00,0,00, 
2021,06,CAJAMARCA,05,CONTUMAZA,03,CUPISNIQUE,03844,00111,13,1,2,4,254.065178571429,1,1,1,"1,3","1,3",1,CUAJADA,4203,243,00,KILOGRAMO,12,1,0,00, , , , ,13,00,230,00, 
2021,06,CAJAMARCA,01,CAJAMARCA,08,LOS BAÑOS DEL INCA,04005,00170,9,1,2,4,296.409375,1,1,1,1,1,1,CUAJADA,4203,30,00,KILOGRAMO,12,1,0,00, , , , ,20,00,10,00, 
2021,06,CAJAMARCA,01,CAJAMARCA,05,ENCAÑADA,04047,00034,2,1,2,4,254.065178571429,1,1,1,1,1,1,CUAJADA,4203,1800,00,KILOGRAMO,12,1,1800,00,8,00,14400,8,0,00,0,00, 
2021,06,CAJAMARCA,01,CAJAMARCA,05,ENCAÑADA,04047,00120,11,1,2,4,254.065178571429,1,1,1,1,1,1,CUAJADA,4203,2571,43,KILOGRAMO,12,1,2535,43,8,00,20283,8,36,00,0,00, 
2021,06,CAJAMARCA,01,CAJAMARCA,05,ENCAÑADA,04051,00009,1,1,2,4,273.608653846154,1,1,1,1,1,1,CUAJADA,4203,60,00,KILOGRAMO,12,1,0,00, , , , ,60,00,0,00, 
2021,06,CAJAMARCA,01,CAJAMARCA,05,ENCAÑADA,04051,00011,2,1,2,4,273.608653846154,1,1,1,1,1,1,CUAJADA,4203,49,00,KILOGRAMO,12,1,0,00, , , , ,49,00,0,00, 
2021,06,CAJAMARCA,01,CAJAMARCA,05,ENCAÑADA,04051,00022,4,1,2,4,273.608653846154,1,1,1,1,1,1,CUAJADA,4203,50,00,KILOGRAMO,12,1,0,00, , , , ,50,00,0,00, 
2021,06,CAJAMARCA,01,CAJAMARCA,05,ENCAÑADA,04051,00068,9,1,2,4,273.608653846154,1,1,1,1,1,1,CUAJADA,4203,3,00,KILOGRAMO,12,1,0,00, , , , ,3,00,0,00, 
2021,06,CAJAMARCA,01,CAJAMARCA,05,ENCAÑADA,04051,00085,11,1,2,4,273.608653846154,1,1,1,1,1,1,CUAJADA,4203,7,00,KILOGRAMO,12,1,0,00, , , , ,7,00,0,00, 
2021,06,CAJAMARCA,01,CAJAMARCA,05,ENCAÑADA,04072,00005,1,1,2,4,273.608653846154,1,1,1,1,1,1,CUAJADA,4203,6,00,KILOGRAMO,12,1,0,00, , , , ,6,00,0,00, 
2021,06,CAJAMARCA,01,CAJAMARCA,05,ENCAÑADA,04072,00025,2,1,2,4,273.608653846154,1,1,1,1,1,1,CUAJADA,4203,3,00,KILOGRAMO,12,1,0,00, , , , ,3,00,0,00, 
2021,06,CAJAMARCA,01,CAJAMARCA,05,ENCAÑADA,04072,00039,3,1,2,4,273.608653846154,1,1,1,1,1,1,CUAJADA,4203,3,00,KILOGRAMO,12,1,0,00, , , , ,3,00,0,00, 
2021,06,CAJAMARCA,01,CAJAMARCA,05,ENCAÑADA,04072,00040,4,1,2,4,273.608653846154,1,1,1,1,1,1,CUAJADA,4203,2,00,KILOGRAMO,12,1,0,00, , , , ,2,00,0,00, 
2021,06,CAJAMARCA,01,CAJAMARCA,05,ENCAÑADA,04072,00078,7,1,2,4,273.608653846154,1,1,1,1,1,1,CUAJADA,4203,3,00,KILOGRAMO,12,1,0,00, , , , ,3,00,0,00, 
2021,06,CAJAMARCA,01,CAJAMARCA,05,ENCAÑADA,04072,00097,9,1,2,4,273.608653846154,1,1,1,1,1,1,CUAJADA,4203,1,50,KILOGRAMO,12,1,0,00, , , , ,1,50,0,00, 
2021,06,CAJAMARCA,01,CAJAMARCA,05,ENCAÑADA,04072,00128,12,1,2,4,273.608653846154,1,1,1,1,1,1,CUAJADA,4203,2,00,KILOGRAMO,12,1,0,00, , , , ,2,00,0,00, 
2021,06,CAJAMARCA,01,CAJAMARCA,05,ENCAÑADA,04072,00155,14,1,2,4,273.608653846154,1,1,1,1,1,1,CUAJADA,4203,3,00,KILOGRAMO,12,1,0,00, , , , ,3,00,0,00, 
2021,06,CAJAMARCA,01,CAJAMARCA,05,ENCAÑADA,04138,00010,1,1,2,4,254.065178571429,1,1,1,1,1,1,CUAJADA,4203,5,00,KILOGRAMO,12,1,0,00, , , , ,5,00,0,00, 
2021,06,CAJAMARCA,01,CAJAMARCA,05,ENCAÑADA,04138,00037,4,1,2,4,254.065178571429,1,1,1,1,1,1,CUAJADA,4203,7,00,KILOGRAMO,12,1,0,00, , , , ,7,00,0,00, 
2021,06,CAJAMARCA,01,CAJAMARCA,05,ENCAÑADA,04138,00043,5,1,2,4,254.065178571429,1,1,1,1,1,1,CUAJADA,4203,5,00,KILOGRAMO,12,1,0,00, , , , ,5,00,0,00, 
2021,06,CAJAMARCA,01,CAJAMARCA,05,ENCAÑADA,04138,00049,6,1,2,4,254.065178571429,1,1,1,1,1,1,CUAJADA,4203,3,00,KILOGRAMO,12,1,0,00, , , , ,3,00,0,00, 
2021,06,CAJAMARCA,01,CAJAMARCA,05,ENCAÑADA,04138,00068,8,1,2,4,254.065178571429,1,1,1,1,1,1,CUAJADA,4203,3,00,KILOGRAMO,12,1,0,00, , , , ,3,00,0,00, 
2021,06,CAJAMARCA,01,CAJAMARCA,05,ENCAÑADA,04138,00074,9,1,2,4,254.065178571429,1,1,1,1,1,1,CUAJADA,4203,5,00,KILOGRAMO,12,1,0,00, , , , ,5,00,0,00, 
2021,06,CAJAMARCA,01,CAJAMARCA,05,ENCAÑADA,04138,00105,11,1,2,4,254.065178571429,1,1,1,1,1,1,CUAJADA,4203,5,00,KILOGRAMO,12,1,0,00, , , , ,5,00,0,00, 
2021,06,CAJAMARCA,01,CAJAMARCA,05,ENCAÑADA,04138,00108,12,1,2,4,254.065178571429,1,1,1,1,1,1,CUAJADA,4203,5,00,KILOGRAMO,12,1,0,00, , , , ,5,00,0,00, 
2021,06,CAJAMARCA,01,CAJAMARCA,05,ENCAÑADA,04138,00114,13,1,2,4,254.065178571429,1,1,1,1,1,1,CUAJADA,4203,5,00,KILOGRAMO,12,1,0,00, , , , ,5,00,0,00, 
2021,06,CAJAMARCA,01,CAJAMARCA,05,ENCAÑADA,04138,00115,14,1,2,4,254.065178571429,1,1,1,1,1,1,CUAJADA,4203,4,00,KILOGRAMO,12,1,0,00, , , , ,4,00,0,00, 
2021,06,CAJAMARCA,01,CAJAMARCA,07,LLACANORA,04223,00090,9,1,2,4,254.065178571429,1,1,1,1,1,1,CUAJADA,4203,17,00,KILOGRAMO,12,1,0,00, , , , ,17,00,0,00, 
2021,06,CAJAMARCA,01,CAJAMARCA,07,LLACANORA,04223,00100,10,1,2,4,254.065178571429,1,1,1,1,1,1,CUAJADA,4203,28,00,KILOGRAMO,12,1,0,00, , , , ,25,00,3,00, 
2021,06,CAJAMARCA,01,CAJAMARCA,12,SAN JUAN,04237,00007,2,1,2,4,254.065178571429,1,1,1,1,1,1,CUAJADA,4203,130,00,KILOGRAMO,12,1,100,00,8,00,800,8,30,00,0,00, 
2021,06,CAJAMARCA,01,CAJAMARCA,12,SAN JUAN,04237,00089,10,1,2,4,254.065178571429,1,1,1,1,1,1,CUAJADA,4203,50,00,KILOGRAMO,12,1,40,00,10,00,400,10,10,00,0,00, 
2021,06,CAJAMARCA,01,CAJAMARCA,12,SAN JUAN,04237,00125,13,1,2,4,254.065178571429,1,1,1,1,1,1,CUAJADA,4203,60,00,KILOGRAMO,12,1,10,00,10,00,100,10,50,00,0,00, 
2021,06,CAJAMARCA,01,CAJAMARCA,09,MAGDALENA,04257,00085,10,1,2,4,254.065178571429,1,1,1,1,1,1,CUAJADA,4203,70,00,KILOGRAMO,12,1,70,00,12,00,840,12,0,00,0,00, 
2021,06,CAJAMARCA,03,CELENDIN,02,CHUMUCH,04311,00036,5,1,2,4,254.065178571429,1,1,1,1,1,1,CUAJADA,4203,62,00,KILOGRAMO,12,1,0,00, , , , ,62,00,0,00, 
2021,06,CAJAMARCA,03,CELENDIN,07,MIGUEL IGLESIAS,04321,00007,1,1,2,4,254.065178571429,1,1,1,1,1,1,CUAJADA,4203,28,00,KILOGRAMO,12,1,0,00, , , , ,28,00,0,00, 
2021,06,CAJAMARCA,03,CELENDIN,07,MIGUEL IGLESIAS,04321,00020,2,1,2,4,254.065178571429,1,1,1,1,1,1,CUAJADA,4203,24,00,KILOGRAMO,12,1,0,00, , , , ,24,00,0,00, 
2021,06,CAJAMARCA,03,CELENDIN,07,MIGUEL IGLESIAS,04321,00031,3,1,2,4,254.065178571429,1,1,1,1,1,1,CUAJADA,4203,28,00,KILOGRAMO,12,1,0,00, , , , ,28,00,0,00, 
2021,06,CAJAMARCA,03,CELENDIN,07,MIGUEL IGLESIAS,04321,00047,4,1,2,4,254.065178571429,1,1,1,1,1,1,CUAJADA,4203,48,00,KILOGRAMO,12,1,0,00, , , , ,48,00,0,00, 
2021,06,CAJAMARCA,03,CELENDIN,07,MIGUEL IGLESIAS,04321,00058,5,1,2,4,254.065178571429,1,1,1,1,1,1,CUAJADA,4203,64,00,KILOGRAMO,12,1,0,00, , , , ,64,00,0,00, 
2021,06,CAJAMARCA,03,CELENDIN,07,MIGUEL IGLESIAS,04321,00068,6,1,2,4,254.065178571429,1,1,1,1,1,1,CUAJADA,4203,1332,00,KILOGRAMO,12,1,1012,00,9,00,9108,9,320,00,0,00, 
2021,06,CAJAMARCA,03,CELENDIN,07,MIGUEL IGLESIAS,04321,00088,9,1,2,4,254.065178571429,1,1,1,1,1,1,CUAJADA,4203,24,00,KILOGRAMO,12,1,0,00, , , , ,24,00,0,00, 
2021,06,CAJAMARCA,03,CELENDIN,07,MIGUEL IGLESIAS,04321,00098,10,1,2,4,254.065178571429,1,1,1,1,1,1,CUAJADA,4203,36,00,KILOGRAMO,12,1,0,00, , , , ,36,00,0,00, 
2021,06,CAJAMARCA,03,CELENDIN,07,MIGUEL IGLESIAS,04321,00115,11,1,2,4,254.065178571429,1,1,1,1,1,1,CUAJADA,4203,28,00,KILOGRAMO,12,1,0,00, , , , ,28,00,0,00, 
2021,06,CAJAMARCA,03,CELENDIN,07,MIGUEL IGLESIAS,04321,00135,12,1,2,4,254.065178571429,1,1,1,1,1,1,CUAJADA,4203,20,00,KILOGRAMO,12,1,0,00, , , , ,20,00,0,00, 
2021,06,CAJAMARCA,03,CELENDIN,07,MIGUEL IGLESIAS,04321,00153,13,1,2,4,254.065178571429,1,1,1,1,1,1,CUAJADA,4203,16,00,KILOGRAMO,12,1,0,00, , , , ,16,00,0,00, 
2021,06,CAJAMARCA,03,CELENDIN,07,MIGUEL IGLESIAS,04321,00154,14,1,2,4,254.065178571429,1,1,1,1,1,1,CUAJADA,4203,20,00,KILOGRAMO,12,1,0,00, , , , ,20,00,0,00, 
2021,06,CAJAMARCA,03,CELENDIN,12,LA LIBERTAD DE PALLAN,04332,00035,5,1,2,4,254.065178571429,1,1,1,1,1,1,CUAJADA,4203,3,00,KILOGRAMO,12,1,0,00, , , , ,3,00,0,00, 
2021,06,CAJAMARCA,03,CELENDIN,12,LA LIBERTAD DE PALLAN,04332,00059,7,1,2,4,254.065178571429,1,1,1,1,1,1,CUAJADA,4203,250,00,KILOGRAMO,12,1,240,00,10,00,2400,10,10,00,0,00, 
2021,06,CAJAMARCA,03,CELENDIN,12,LA LIBERTAD DE PALLAN,04332,00067,9,1,2,4,254.065178571429,1,1,1,1,1,1,CUAJADA,4203,4,00,KILOGRAMO,12,1,0,00, , , , ,4,00,0,00, 
2021,06,CAJAMARCA,03,CELENDIN,12,LA LIBERTAD DE PALLAN,04332,00075,10,1,2,4,254.065178571429,1,1,1,1,1,1,CUAJADA,4203,5,00,KILOGRAMO,12,1,0,00, , , , ,5,00,0,00, 
2021,06,CAJAMARCA,03,CELENDIN,12,LA LIBERTAD DE PALLAN,04332,00105,13,1,2,4,254.065178571429,1,1,1,1,1,1,CUAJADA,4203,5,00,KILOGRAMO,12,1,0,00, , , , ,5,00,0,00, 
2021,06,CAJAMARCA,03,CELENDIN,12,LA LIBERTAD DE PALLAN,04332,00118,14,1,2,4,254.065178571429,1,1,1,1,1,1,CUAJADA,4203,4,00,KILOGRAMO,12,1,0,00, , , , ,4,00,0,00, 
2021,06,CAJAMARCA,03,CELENDIN,12,LA LIBERTAD DE PALLAN,04333,00007,1,1,2,4,273.608653846154,1,1,1,1,1,1,QUESO,4208,10,00,UNIDAD,24,.5,0,00, , , , ,10,00,0,00, 
2021,06,CAJAMARCA,03,CELENDIN,12,LA LIBERTAD DE PALLAN,04333,00023,3,1,2,4,273.608653846154,1,1,1,1,1,1,REQUESON,4209,5,00,KILOGRAMO,12,1,0,00, , , , ,5,00,0,00, 
2021,06,CAJAMARCA,03,CELENDIN,04,HUASMIN,04435,00054,5,1,2,4,254.065178571429,1,1,1,1,1,1,QUESO,4208,153,00,KILOGRAMO,12,1,152,00,10,00,1520,10,1,00,0,00, 
2021,06,CAJAMARCA,03,CELENDIN,04,HUASMIN,04461,00026,4,1,2,4,254.065178571429,1,1,1,1,1,1,CUAJADA,4203,20,00,KILOGRAMO,12,1,0,00, , , , ,20,00,0,00, 
2021,06,CAJAMARCA,03,CELENDIN,04,HUASMIN,04461,00059,8,1,2,4,254.065178571429,1,1,1,1,1,1,CUAJADA,4203,10,00,KILOGRAMO,12,1,0,00, , , , ,10,00,0,00, 
2021,06,CAJAMARCA,03,CELENDIN,09,SOROCHUCO,04568,00027,5,1,2,4,254.065178571429,1,1,1,1,1,1,CUAJADA,4203,12,00,KILOGRAMO,12,1,0,00, , , , ,12,00,0,00, 
2021,06,CAJAMARCA,03,CELENDIN,09,SOROCHUCO,04568,00034,6,1,2,4,254.065178571429,1,1,1,1,1,1,CUAJADA,4203,21,00,KILOGRAMO,12,1,0,00, , , , ,21,00,0,00, 
2021,06,CAJAMARCA,03,CELENDIN,09,SOROCHUCO,04568,00045,8,1,2,4,254.065178571429,1,1,1,1,1,1,CUAJADA,4203,10,00,KILOGRAMO,12,1,0,00, , , , ,10,00,0,00, 
2021,06,CAJAMARCA,03,CELENDIN,09,SOROCHUCO,04568,00051,9,1,2,4,254.065178571429,1,1,1,1,1,1,CUAJADA,4203,12,00,KILOGRAMO,12,1,0,00, , , , ,12,00,0,00, 
2021,06,CAJAMARCA,03,CELENDIN,09,SOROCHUCO,04568,00055,10,1,2,4,254.065178571429,1,1,1,1,1,1,CUAJADA,4203,4,00,KILOGRAMO,12,1,0,00, , , , ,4,00,0,00, 
2021,06,CAJAMARCA,03,CELENDIN,09,SOROCHUCO,04568,00065,11,1,2,4,254.065178571429,1,1,1,1,1,1,CUAJADA,4203,14,00,KILOGRAMO,12,1,0,00, , , , ,14,00,0,00, 
2021,06,CAJAMARCA,03,CELENDIN,09,SOROCHUCO,04568,00068,12,1,2,4,254.065178571429,1,1,1,1,1,1,CUAJADA,4203,18,00,KILOGRAMO,12,1,0,00, , , , ,18,00,0,00, 
2021,06,CAJAMARCA,10,SAN MARCOS,04,GREGORIO PITA,04691,00030,2,1,2,4,254.065178571429,1,1,1,1,1,1,CUAJADA,4203,28,00,KILOGRAMO,12,1,0,00, , , , ,28,00,0,00, 
2021,06,CAJAMARCA,10,SAN MARCOS,04,GREGORIO PITA,04691,00083,6,1,2,4,254.065178571429,1,1,1,1,1,1,CUAJADA,4203,240,00,KILOGRAMO,12,1,240,00,8,00,1920,8,0,00,0,00, 
2021,06,CAJAMARCA,10,SAN MARCOS,04,GREGORIO PITA,04691,00091,7,1,2,4,254.065178571429,1,1,1,1,1,1,CUAJADA,4203,500,00,KILOGRAMO,12,1,400,00,7,00,2800,7,80,00,20,00, 
2021,06,CAJAMARCA,10,SAN MARCOS,04,GREGORIO PITA,04691,00107,10,1,2,4,254.065178571429,1,1,1,1,1,1,CUAJADA,4203,175,00,KILOGRAMO,12,1,100,00,12,00,1200,12,75,00,0,00, 
2021,06,CAJAMARCA,10,SAN MARCOS,04,GREGORIO PITA,04694,00002,1,1,2,4,254.065178571429,1,1,1,1,1,1,CUAJADA,4203,6,00,KILOGRAMO,12,1,0,00, , , , ,6,00,0,00, 
2021,06,CAJAMARCA,10,SAN MARCOS,04,GREGORIO PITA,04694,00092,11,1,2,4,254.065178571429,1,1,1,1,1,1,CUAJADA,4203,12,00,KILOGRAMO,12,1,0,00, , , , ,12,00,0,00, 
2021,06,CAJAMARCA,10,SAN MARCOS,04,GREGORIO PITA,04694,00101,13,1,2,4,254.065178571429,1,1,1,1,1,1,CUAJADA,4203,7,50,KILOGRAMO,12,1,0,00, , , , ,7,50,0,00, 
2021,06,CAJAMARCA,10,SAN MARCOS,04,GREGORIO PITA,04694,00110,14,1,2,4,254.065178571429,1,1,1,1,1,1,CUAJADA,4203,18,50,KILOGRAMO,12,1,0,00, , , , ,18,50,0,00, 
2021,06,CAJAMARCA,10,SAN MARCOS,01,PEDRO GALVEZ,04799,00067,8,1,2,4,296.409375,1,1,1,1,1,1,CUAJADA,4203,27,00,KILOGRAMO,12,1,0,00, , , , ,27,00,0,00, 
2021,06,CAJAMARCA,10,SAN MARCOS,01,PEDRO GALVEZ,04808,00042,9,1,2,4,273.608653846154,1,1,1,1,1,1,CUAJADA,4203,4,00,KILOGRAMO,12,1,0,00, , , , ,4,00,0,00, 
2021,06,CAJAMARCA,02,CAJABAMBA,02,CACHACHI,04929,00059,9,1,2,4,254.065178571429,1,1,1,1,1,1,CUAJADA,4203,10,00,KILOGRAMO,12,1,0,00, , , , ,10,00,0,00, 
2021,01,AMAZONAS,02,BAGUA,05,IMAZA,05131,00099,12,1,3,7,96.7403846153846,1,1,1,1,1,1,CUAJADA,4203,144,00,KILOGRAMO,12,1,0,00, , , , ,100,00,44,00, 
2021,01,AMAZONAS,02,BAGUA,05,IMAZA,05136,00052,3,1,3,7,89.8303571428571,1,1,1,1,1,1,QUESO,4208,118,50,KILOGRAMO,12,1,100,00,10,00,1000,10,18,50,0,00, 
2021,01,AMAZONAS,02,BAGUA,02,ARAMANGO,05158,00015,3,1,3,7,89.8303571428571,1,1,1,1,1,1,QUESO,4208,13,00,KILOGRAMO,12,1,5,00,15,00,75,15,5,00,3,00, 
2021,01,AMAZONAS,02,BAGUA,02,ARAMANGO,05167,00067,13,1,3,7,89.8303571428571,1,1,1,1,1,1,QUESO,4208,400,00,KILOGRAMO,12,1,350,00,12,00,4200,12,50,00,0,00, 
2021,01,AMAZONAS,02,BAGUA,04,EL PARCO,05174,00022,3,1,3,7,96.7403846153846,1,1,1,1,1,1,QUESO,4208,231,46,KILOGRAMO,12,1,199,00,13,00,2587,13,32,46,0,00, 
2021,01,AMAZONAS,02,BAGUA,04,EL PARCO,05174,00045,5,1,3,7,96.7403846153846,1,1,1,1,1,1,QUESO,4208,157,00,KILOGRAMO,12,1,0,00, , , , ,157,00,0,00, 
2021,01,AMAZONAS,02,BAGUA,04,EL PARCO,05174,00056,6,1,3,7,96.7403846153846,1,1,1,1,1,1,QUESO,4208,450,00,KILOGRAMO,12,1,0,00, , , , ,450,00,0,00, 
2021,01,AMAZONAS,02,BAGUA,04,EL PARCO,05174,00057,7,1,3,7,96.7403846153846,1,1,1,1,1,1,QUESO,4208,675,00,KILOGRAMO,12,1,0,00, , , , ,675,00,0,00, 
2021,01,AMAZONAS,02,BAGUA,04,EL PARCO,05174,00081,9,1,3,7,96.7403846153846,1,1,1,1,1,1,QUESO,4208,213,00,KILOGRAMO,12,1,138,00,12,00,1656,12,75,00,0,00, 
2021,01,AMAZONAS,02,BAGUA,04,EL PARCO,05174,00104,13,1,3,7,96.7403846153846,1,1,1,1,1,1,QUESO,4208,207,00,KILOGRAMO,12,1,17,00,10,00,170,10,190,00,0,00, 
2021,01,AMAZONAS,02,BAGUA,04,EL PARCO,05174,00116,14,1,3,7,96.7403846153846,1,1,1,1,1,1,QUESO,4208,50,00,KILOGRAMO,12,1,0,00, , , , ,50,00,0,00, 
2021,01,AMAZONAS,07,UTCUBAMBA,03,CUMBA,05212,00147,13,1,3,7,89.8303571428571,1,1,1,1,1,1,QUESO,4208,25,00,KILOGRAMO,12,1,10,00,11,00,110,11,10,00,5,00, 
2021,01,AMAZONAS,07,UTCUBAMBA,03,CUMBA,05223,00006,1,1,3,7,96.7403846153846,1,1,1,1,1,1,QUESO,4208,198,00,KILOGRAMO,12,1,174,00,10,00,1740,10,24,00,0,00, 
2021,01,AMAZONAS,07,UTCUBAMBA,03,CUMBA,05223,00008,2,1,3,7,96.7403846153846,1,1,1,1,1,1,QUESO,4208,90,00,KILOGRAMO,12,1,85,00,10,00,850,10,5,00,0,00, 
2021,01,AMAZONAS,07,UTCUBAMBA,03,CUMBA,05223,00019,3,1,3,7,96.7403846153846,1,1,1,1,1,1,QUESO,4208,535,50,KILOGRAMO,12,1,513,00,10,00,5130,10,22,50,0,00, 
2021,01,AMAZONAS,07,UTCUBAMBA,03,CUMBA,05223,00037,6,1,3,7,96.7403846153846,1,1,1,1,1,1,QUESO,4208,492,00,KILOGRAMO,12,1,476,00,11,00,5236,11,16,00,0,00, 
2021,01,AMAZONAS,07,UTCUBAMBA,03,CUMBA,05223,00042,7,1,3,7,96.7403846153846,1,1,1,1,1,1,QUESO,4208,315,00,KILOGRAMO,12,1,300,00,10,00,3000,10,15,00,0,00, 
2021,01,AMAZONAS,07,UTCUBAMBA,03,CUMBA,05223,00052,8,1,3,7,96.7403846153846,1,1,1,1,1,1,QUESO,4208,211,20,KILOGRAMO,12,1,163,00,10,00,1630,10,48,20,0,00, 
2021,01,AMAZONAS,07,UTCUBAMBA,03,CUMBA,05223,00060,9,1,3,7,96.7403846153846,1,1,1,1,1,1,QUESO,4208,236,25,KILOGRAMO,12,1,194,00,10,00,1940,10,42,25,0,00, 
2021,01,AMAZONAS,07,UTCUBAMBA,03,CUMBA,05223,00064,10,1,3,7,96.7403846153846,1,1,1,1,1,1,QUESO,4208,180,00,KILOGRAMO,12,1,156,00,11,00,1716,11,24,00,0,00, 
2021,01,AMAZONAS,07,UTCUBAMBA,03,CUMBA,05223,00072,11,1,3,7,96.7403846153846,1,1,1,1,1,1,QUESO,4208,1080,00,KILOGRAMO,12,1,900,00,10,00,9000,10,180,00,0,00, 
2021,01,AMAZONAS,07,UTCUBAMBA,03,CUMBA,05223,00084,12,1,3,7,96.7403846153846,1,1,1,1,1,1,QUESO,4208,162,00,KILOGRAMO,12,1,138,00,10,00,1380,10,24,00,0,00, 
2021,01,AMAZONAS,07,UTCUBAMBA,03,CUMBA,05223,00096,14,1,3,7,96.7403846153846,1,1,1,1,1,1,QUESO,4208,26,60,KILOGRAMO,12,1,0,00, , , , ,26,60,0,00, 
2021,01,AMAZONAS,07,UTCUBAMBA,01,BAGUA GRANDE,05250,00046,5,1,3,7,96.7403846153846,1,1,1,1,1,1,CUAJADA,4203,40,00,KILOGRAMO,12,1,0,00, , , , ,20,00,20,00, 
2021,01,AMAZONAS,07,UTCUBAMBA,01,BAGUA GRANDE,05272,00108,13,1,3,7,89.8303571428571,1,1,1,1,1,1,CUAJADA,4203,125,00,KILOGRAMO,12,1,100,00,10,00,1000,10,25,00,0,00, 
2021,01,AMAZONAS,07,UTCUBAMBA,02,CAJARURO,05298,00012,1,1,3,7,89.8303571428571,1,1,1,1,1,1,CUAJADA,4203,585,00,KILOGRAMO,12,1,480,00,11,00,5280,11,80,00,25,00, 
2021,01,AMAZONAS,07,UTCUBAMBA,02,CAJARURO,05298,00038,3,1,3,7,89.8303571428571,1,1,1,1,1,1,CUAJADA,4203,340,00,KILOGRAMO,12,1,320,00,11,00,3520,11,15,00,5,00, 
2021,01,AMAZONAS,07,UTCUBAMBA,02,CAJARURO,05298,00050,4,1,3,7,89.8303571428571,1,1,1,1,1,1,CUAJADA,4203,1044,00,KILOGRAMO,12,1,1000,00,11,00,11000,11,34,00,10,00, 
2021,01,AMAZONAS,07,UTCUBAMBA,02,CAJARURO,05298,00053,5,1,3,7,89.8303571428571,1,1,1,1,1,1,CUAJADA,4203,684,00,KILOGRAMO,12,1,650,00,11,00,7150,11,24,00,10,00, 
2021,01,AMAZONAS,07,UTCUBAMBA,02,CAJARURO,05318,00020,5,1,3,7,89.8303571428571,1,1,1,1,1,1,QUESO,4208,90,00,KILOGRAMO,12,1,70,00,10,00,700,10,20,00,0,00, 
2021,01,AMAZONAS,07,UTCUBAMBA,02,CAJARURO,05318,00028,6,1,3,7,89.8303571428571,1,1,1,1,1,1,QUESO,4208,50,00,KILOGRAMO,12,1,35,00,10,00,350,10,15,00,0,00, 
2021,01,AMAZONAS,07,UTCUBAMBA,02,CAJARURO,05318,00031,7,1,3,7,89.8303571428571,1,1,1,1,1,1,QUESO,4208,100,00,KILOGRAMO,12,1,80,00,15,00,1200,15,20,00,0,00, 
2021,01,AMAZONAS,07,UTCUBAMBA,05,JAMALCA,05333,00100,12,1,3,7,89.8303571428571,1,1,1,1,1,1,QUESO,4208,15,00,KILOGRAMO,12,1,0,00, , , , ,15,00,0,00, 
2021,01,AMAZONAS,07,UTCUBAMBA,06,LONYA GRANDE,05334,00042,7,1,3,7,89.8303571428571,1,1,1,1,1,1,CUAJADA,4203,50,00,KILOGRAMO,12,1,10,00,10,00,100,10,30,00,10,00, 
2021,01,AMAZONAS,03,BONGARA,12,YAMBRASBAMBA,05363,00044,4,1,3,7,89.8303571428572,1,1,1,1,1,1,CUAJADA,4203,13,30,KILOGRAMO,12,1,0,00, , , , ,13,30,0,00, 
2021,01,AMAZONAS,03,BONGARA,12,YAMBRASBAMBA,05363,00202,14,1,3,7,89.8303571428572,1,1,1,1,1,1,CUAJADA,4203,54,50,KILOGRAMO,12,1,0,00, , , , ,54,50,0,00, 
2021,01,AMAZONAS,03,BONGARA,12,YAMBRASBAMBA,05366,00152,14,1,3,7,89.8303571428571,1,1,1,1,1,1,QUESO,4208,20,00,KILOGRAMO,12,1,0,00, , , , ,20,00,0,00, 
2021,01,AMAZONAS,03,BONGARA,06,FLORIDA,05370,00015,3,1,2,4,27.8657142857143,1,1,1,1,1,1,QUESO,4208,100,00,KILOGRAMO,12,1,70,00,13,00,910,13,30,00,0,00, 
2021,01,AMAZONAS,03,BONGARA,06,FLORIDA,05373,00006,1,1,2,4,27.8657142857143,1,1,1,1,1,1,CUAJADA,4203,10,00,KILOGRAMO,12,1,0,00, , , , ,10,00,0,00, 
2021,01,AMAZONAS,03,BONGARA,06,FLORIDA,05373,00049,5,1,2,4,27.8657142857143,1,1,1,1,1,1,CUAJADA,4203,635,70,KILOGRAMO,12,1,630,00,8,50,5355,8.5,5,70,0,00, 
2021,01,AMAZONAS,03,BONGARA,06,FLORIDA,05373,00052,6,1,2,4,27.8657142857143,1,1,1,1,1,1,CUAJADA,4203,638,50,KILOGRAMO,12,1,635,00,8,00,5080,8,3,50,0,00, 
2021,01,AMAZONAS,03,BONGARA,06,FLORIDA,05373,00085,8,1,2,4,27.8657142857143,1,1,1,1,1,1,CUAJADA,4203,7,50,KILOGRAMO,12,1,0,00, , , , ,5,00,2,50, 
2021,01,AMAZONAS,03,BONGARA,06,FLORIDA,05373,00112,10,1,2,4,27.8657142857143,1,1,1,1,1,1,CUAJADA,4203,10,00,KILOGRAMO,12,1,0,00, , , , ,10,00,0,00, 
2021,01,AMAZONAS,03,BONGARA,06,FLORIDA,05373,00126,12,1,2,4,27.8657142857143,1,1,1,1,1,1,CUAJADA,4203,50,00,KILOGRAMO,12,1,0,00, , , , ,10,00,40,00, 
2021,01,AMAZONAS,03,BONGARA,06,FLORIDA,05374,00027,3,1,2,4,27.8657142857143,1,1,1,1,1,1,QUESO,4208,21,00,KILOGRAMO,12,1,15,00,15,00,225,15,6,00,0,00, 
2021,01,AMAZONAS,03,BONGARA,01,JUMBILLA,05382,00030,5,1,2,4,27.8657142857143,1,1,1,1,1,1,CUAJADA,4203,180,00,KILOGRAMO,12,1,100,00,10,00,1000,10,50,00,30,00, 
2021,01,AMAZONAS,03,BONGARA,01,JUMBILLA,05382,00044,7,1,2,4,27.8657142857143,1,1,1,1,1,1,CUAJADA,4203,62,50,KILOGRAMO,12,1,20,00,10,00,200,10,20,00,22,50, 
2021,01,AMAZONAS,03,BONGARA,05,CUISPES,05384,00061,6,1,2,4,30.0092307692308,1,1,1,1,1,1,QUESO,4208,100,00,KILOGRAMO,12,1,0,00, , , , ,100,00,0,00, 
2021,01,AMAZONAS,05,LUYA,02,CAMPORREDONDO,05405,00089,10,1,2,4,30.0092307692308,1,1,1,1,1,1,QUESO,4208,36,00,KILOGRAMO,12,1,0,00, , , , ,36,00,0,00, 
2021,01,AMAZONAS,05,LUYA,05,CONILA,05413,00024,4,1,2,4,27.8657142857143,1,1,1,1,1,1,QUESO,4208,80,00,KILOGRAMO,12,1,70,00,15,00,1050,15,8,00,2,00, 
2021,01,AMAZONAS,05,LUYA,05,CONILA,05413,00044,6,1,2,4,27.8657142857143,1,1,1,1,1,1,QUESO,4208,36,00,KILOGRAMO,12,1,10,00,15,00,150,15,20,00,6,00, 
2021,01,AMAZONAS,05,LUYA,16,SAN CRISTOBAL,05424,00080,13,1,2,4,27.8657142857143,1,1,1,1,1,1,QUESO,4208,800,00,UNIDAD,24,.2,700,00,2,00,1400,10,50,00,50,00, 
2021,01,AMAZONAS,05,LUYA,01,LAMUD,05425,00041,5,1,2,4,27.8657142857143,1,1,1,1,1,1,CUAJADA,4203,125,00,KILOGRAMO,12,1,25,00,12,00,300,12,80,00,20,00, 
2021,01,AMAZONAS,05,LUYA,01,LAMUD,05426,00026,5,1,2,4,27.8657142857143,1,1,1,1,1,1,QUESO,4208,100,00,KILOGRAMO,12,1,0,00, , , , ,100,00,0,00, 
2021,01,AMAZONAS,05,LUYA,14,PISUQUIA,05467,00064,6,1,2,4,27.8657142857143,1,1,1,1,1,1,CUAJADA,4203,295,71,KILOGRAMO,12,1,250,00,8,00,2000,8,45,71,0,00, 
2021,01,AMAZONAS,05,LUYA,14,PISUQUIA,05467,00157,13,1,2,4,27.8657142857143,1,1,1,1,1,1,QUESO,4208,61,42,KILOGRAMO,12,1,0,00, , , , ,40,00,21,42, 
2021,01,AMAZONAS,05,LUYA,14,PISUQUIA,05469,00089,8,1,2,4,27.8657142857143,1,1,1,1,1,1,CUAJADA,4203,200,00,KILOGRAMO,12,1,180,00,12,00,2160,12,20,00,0,00, 
2021,01,AMAZONAS,05,LUYA,14,PISUQUIA,05470,00056,6,1,2,4,30.0092307692308,1,1,1,1,1,1,CUAJADA,4203,187,50,KILOGRAMO,12,1,0,00, , , , ,87,00,100,50, 
2021,01,AMAZONAS,05,LUYA,03,COCABAMBA,05471,00144,12,1,2,4,30.0092307692308,1,1,1,1,1,1,CUAJADA,4203,288,90,KILOGRAMO,12,1,250,00,7,00,1750,7,38,90,0,00, 
2021,01,AMAZONAS,05,LUYA,03,COCABAMBA,05471,00169,14,1,2,4,30.0092307692308,1,1,1,1,1,1,CUAJADA,4203,100,00,KILOGRAMO,12,1,20,00,7,00,140,7,60,00,20,00, 
2021,01,AMAZONAS,05,LUYA,21,SANTO TOMAS,05478,00012,1,1,2,4,27.8657142857143,1,1,1,1,1,1,CUAJADA,4203,12,50,KILOGRAMO,12,1,0,00, , , , ,10,00,2,50, 
2021,01,AMAZONAS,05,LUYA,21,SANTO TOMAS,05478,00117,9,1,2,4,27.8657142857143,1,1,1,1,1,1,QUESO,4208,100,00,KILOGRAMO,12,1,0,00, , , , ,100,00,0,00, 
2021,01,AMAZONAS,05,LUYA,21,SANTO TOMAS,05481,00002,1,1,2,4,30.0092307692308,1,1,1,1,1,1,CUAJADA,4203,32,40,KILOGRAMO,12,1,0,00, , , , ,22,00,10,40, 
2021,01,AMAZONAS,01,CHACHAPOYAS,17,QUINJALCA,05489,00122,11,1,2,4,27.8657142857143,1,1,1,1,1,1,CUAJADA,4203,350,00,KILOGRAMO,12,1,300,00,8,00,2400,8,50,00,0,00, 
2021,01,AMAZONAS,01,CHACHAPOYAS,05,CHILIQUIN,05491,00014,2,1,2,4,27.8657142857143,1,1,1,1,1,1,CUAJADA,4203,800,00,KILOGRAMO,12,1,750,00,8,00,6000,8,50,00,0,00, 
2021,01,AMAZONAS,01,CHACHAPOYAS,05,CHILIQUIN,05491,00030,4,1,2,4,27.8657142857143,1,1,1,1,1,1,QUESO,4208,1750,00,UNIDAD,24,.2,1700,00,2,20,3740,11,50,00,0,00, 
2021,01,AMAZONAS,01,CHACHAPOYAS,05,CHILIQUIN,05491,00034,5,1,2,4,27.8657142857143,1,1,1,1,1,1,QUESO,4208,26,00,KILOGRAMO,12,1,20,00,14,00,280,14,6,00,0,00, 
2021,01,AMAZONAS,01,CHACHAPOYAS,05,CHILIQUIN,05491,00040,6,1,2,4,27.8657142857143,1,1,1,1,1,1,QUESO,4208,2450,00,UNIDAD,24,.2,2400,00,2,20,5280,11,50,00,0,00, 
2021,01,AMAZONAS,01,CHACHAPOYAS,05,CHILIQUIN,05491,00083,11,1,2,4,27.8657142857143,1,1,1,1,1,1,QUESO,4208,100,00,KILOGRAMO,12,1,90,00,12,00,1080,12,10,00,0,00, 
2021,01,AMAZONAS,01,CHACHAPOYAS,05,CHILIQUIN,05491,00101,13,1,2,4,27.8657142857143,1,1,1,1,1,1,CUAJADA,4203,600,00,KILOGRAMO,12,1,580,00,10,00,5800,10,20,00,0,00, 
2021,01,AMAZONAS,01,CHACHAPOYAS,20,SOLOCO,05505,00163,11,1,2,4,27.8657142857143,1,1,1,1,1,1,QUESO,4208,22,50,KILOGRAMO,12,1,0,00, , , , ,15,00,7,50, 
2021,01,AMAZONAS,01,CHACHAPOYAS,20,SOLOCO,05505,00170,12,1,2,4,27.8657142857143,1,1,1,1,1,1,QUESO,4208,5,00,KILOGRAMO,12,1,0,00, , , , ,4,00,1,00, 
2021,01,AMAZONAS,01,CHACHAPOYAS,20,SOLOCO,05505,00187,13,1,2,4,27.8657142857143,1,1,1,1,1,1,QUESO,4208,550,00,KILOGRAMO,12,1,450,00,8,00,3600,8,50,00,50,00, 
2021,01,AMAZONAS,01,CHACHAPOYAS,20,SOLOCO,05505,00194,14,1,2,4,27.8657142857143,1,1,1,1,1,1,QUESO,4208,3,00,KILOGRAMO,12,1,0,00, , , , ,3,00,0,00, 
2021,01,AMAZONAS,01,CHACHAPOYAS,20,SOLOCO,05506,00020,3,1,2,4,27.8657142857143,1,1,1,1,1,1,QUESO,4208,10,00,KILOGRAMO,12,1,0,00, , , , ,8,00,2,00, 
2021,01,AMAZONAS,01,CHACHAPOYAS,20,SOLOCO,05506,00123,13,1,2,4,27.8657142857143,1,1,1,1,1,1,QUESO,4208,26,25,KILOGRAMO,12,1,20,00,15,00,300,15,5,25,1,00, 
2021,01,AMAZONAS,01,CHACHAPOYAS,20,SOLOCO,05506,00131,14,1,2,4,27.8657142857143,1,1,1,1,1,1,QUESO,4208,13,50,KILOGRAMO,12,1,0,00, , , , ,10,00,3,50, 
2021,01,AMAZONAS,01,CHACHAPOYAS,11,LEVANTO,05507,00035,6,1,2,4,27.8657142857143,1,1,1,1,1,1,QUESO,4208,3,00,KILOGRAMO,12,1,0,00, , , , ,3,00,0,00, 
2021,01,AMAZONAS,01,CHACHAPOYAS,19,SAN ISIDRO DE MAINO,05509,00032,3,1,2,4,27.8657142857143,1,1,1,1,1,1,QUESO,4208,40,00,UNIDAD,24,.25,0,00, , , , ,40,00,0,00, 
2021,01,AMAZONAS,01,CHACHAPOYAS,10,LEIMEBAMBA,05524,00088,10,1,2,4,27.8657142857143,1,1,1,1,1,2,YOGURT,4213,8640,00,LITRO,14,1,8640,00,5,00,43200,5,0,00,0,00, 
2021,01,AMAZONAS,01,CHACHAPOYAS,10,LEIMEBAMBA,05524,00088,10,1,2,4,27.8657142857143,1,1,1,1,1,1,QUESO,4208,2400,00,UNIDAD,24,.2,2400,00,3,50,8400,17.5,0,00,0,00, 
2021,01,AMAZONAS,01,CHACHAPOYAS,10,LEIMEBAMBA,05525,00112,9,1,2,4,27.8657142857143,1,1,1,1,1,1,QUESO,4208,167,14,KILOGRAMO,12,1,160,00,10,00,1600,10,7,14,0,00, 
2021,01,AMAZONAS,01,CHACHAPOYAS,10,LEIMEBAMBA,05525,00127,11,1,2,4,27.8657142857143,1,1,1,1,1,1,QUESO,4208,9000,00,KILOGRAMO,12,1,9000,00,8,00,72000,8,0,00,0,00, 
2021,01,AMAZONAS,01,CHACHAPOYAS,10,LEIMEBAMBA,05525,00140,12,1,2,4,27.8657142857143,1,1,1,1,1,1,QUESO,4208,23,12,KILOGRAMO,12,1,0,00, , , , ,15,00,8,12, 
2021,01,AMAZONAS,01,CHACHAPOYAS,10,LEIMEBAMBA,05525,00165,14,1,2,4,27.8657142857143,1,1,1,1,1,1,QUESO,4208,91,40,KILOGRAMO,12,1,91,40,12,00,1097,12,0,00,0,00, 
2021,01,AMAZONAS,01,CHACHAPOYAS,03,BALSAS,05527,00011,1,1,2,4,27.8657142857143,1,1,1,1,1,1,QUESO,4208,150,00,KILOGRAMO,12,1,100,00,10,00,1000,10,40,00,10,00, 
2021,01,AMAZONAS,01,CHACHAPOYAS,03,BALSAS,05527,00031,3,1,2,4,27.8657142857143,1,1,1,1,1,1,QUESO,4208,125,00,KILOGRAMO,12,1,90,00,10,00,900,10,30,00,5,00, 
2021,01,AMAZONAS,01,CHACHAPOYAS,03,BALSAS,05527,00099,11,1,2,4,27.8657142857143,1,1,1,1,1,1,CUAJADA,4203,65,00,KILOGRAMO,12,1,0,00, , , , ,45,00,20,00, 
2021,01,AMAZONAS,01,CHACHAPOYAS,06,CHUQUIBAMBA,05532,00008,1,1,2,4,27.8657142857143,1,1,1,1,1,1,CUAJADA,4203,50,00,KILOGRAMO,12,1,10,00,10,00,100,10,30,00,10,00, 
2021,01,AMAZONAS,01,CHACHAPOYAS,06,CHUQUIBAMBA,05532,00113,10,1,2,4,27.8657142857143,1,1,1,1,1,1,CUAJADA,4203,450,00,KILOGRAMO,12,1,300,00,12,00,3600,12,150,00,0,00, 
2021,01,AMAZONAS,01,CHACHAPOYAS,06,CHUQUIBAMBA,05532,00135,12,1,2,4,27.8657142857143,1,1,1,1,1,1,CUAJADA,4203,20,00,KILOGRAMO,12,1,0,00, , , , ,20,00,0,00, 
2021,01,AMAZONAS,01,CHACHAPOYAS,06,CHUQUIBAMBA,05534,00005,1,1,2,4,27.8657142857143,1,1,1,1,1,1,CUAJADA,4203,200,00,KILOGRAMO,12,1,0,00, , , , ,150,00,50,00, 
2021,01,AMAZONAS,01,CHACHAPOYAS,06,CHUQUIBAMBA,05534,00009,3,1,2,4,27.8657142857143,1,1,1,1,1,1,CUAJADA,4203,30,00,KILOGRAMO,12,1,0,00, , , , ,30,00,0,00, 
2021,01,AMAZONAS,01,CHACHAPOYAS,06,CHUQUIBAMBA,05534,00021,5,1,2,4,27.8657142857143,1,1,1,1,1,1,CUAJADA,4203,90,00,KILOGRAMO,12,1,20,00,5,00,100,5,50,00,20,00, 
2021,01,AMAZONAS,01,CHACHAPOYAS,06,CHUQUIBAMBA,05534,00048,9,1,2,4,27.8657142857143,1,1,1,1,1,1,CUAJADA,4203,70,00,KILOGRAMO,12,1,0,00, , , , ,50,00,20,00, 
2021,01,AMAZONAS,01,CHACHAPOYAS,06,CHUQUIBAMBA,05534,00059,10,1,2,4,27.8657142857143,1,1,1,1,1,1,CUAJADA,4203,100,00,KILOGRAMO,12,1,20,00,5,00,100,5,50,00,30,00, 
2021,01,AMAZONAS,01,CHACHAPOYAS,06,CHUQUIBAMBA,05534,00061,11,1,2,4,27.8657142857143,1,1,1,1,1,1,CUAJADA,4203,10,00,KILOGRAMO,12,1,0,00, , , , ,8,00,2,00, 
2021,01,AMAZONAS,01,CHACHAPOYAS,06,CHUQUIBAMBA,05534,00071,13,1,2,4,27.8657142857143,1,1,1,1,1,1,CUAJADA,4203,10,00,KILOGRAMO,12,1,0,00, , , , ,8,00,2,00, 
2021,01,AMAZONAS,06,RODRIGUEZ DE MENDOZA,01,SAN NICOLAS,05551,00075,10,1,3,7,89.8303571428571,1,1,1,1,1,1,QUESO,4208,259,00,KILOGRAMO,12,1,202,00,12,00,2424,12,45,00,12,00, 
2021,01,AMAZONAS,06,RODRIGUEZ DE MENDOZA,01,SAN NICOLAS,05551,00098,14,1,3,7,89.8303571428571,1,1,1,1,1,1,QUESO,4208,45,00,KILOGRAMO,12,1,30,00,12,00,360,12,8,00,7,00, 
2021,01,AMAZONAS,06,RODRIGUEZ DE MENDOZA,09,OMIA,05573,00069,5,1,3,7,89.8303571428571,1,1,1,1,1,1,CUAJADA,4203,130,00,KILOGRAMO,12,1,50,00,8,00,400,8,60,00,20,00, 
2021,01,AMAZONAS,06,RODRIGUEZ DE MENDOZA,09,OMIA,05573,00149,13,1,3,7,89.8303571428571,1,1,1,1,1,1,CUAJADA,4203,50,00,KILOGRAMO,12,1,40,00,7,00,280,7,10,00,0,00, 
2021,01,AMAZONAS,06,RODRIGUEZ DE MENDOZA,09,OMIA,05588,00088,10,1,3,7,96.7403846153846,1,1,1,1,1,1,QUESO,4208,89,40,KILOGRAMO,12,1,80,00,12,00,960,12,5,40,4,00, 
2021,16,LORETO,02,ALTO AMAZONAS,01,YURIMAGUAS,05742,00156,14,1,3,7,68.4942307692308,1,1,1,1,1,1,QUESO,4208,2,00,KILOGRAMO,12,1,0,00, , , , ,2,00,0,00, 
2021,16,LORETO,02,ALTO AMAZONAS,01,YURIMAGUAS,05752,00028,3,1,3,7,63.6017857142857,1,1,1,1,1,1,QUESO,4208,8,00,KILOGRAMO,12,1,4,00,20,00,80,20,4,00,0,00, 
2021,16,LORETO,02,ALTO AMAZONAS,01,YURIMAGUAS,05752,00082,13,1,3,7,63.6017857142857,1,1,1,1,1,1,QUESO,4208,210,00,KILOGRAMO,12,1,200,00,15,00,3000,15,10,00,0,00, 
2021,16,LORETO,02,ALTO AMAZONAS,01,YURIMAGUAS,05752,00092,14,1,3,7,63.6017857142857,1,1,1,1,1,1,QUESO,4208,700,00,KILOGRAMO,12,1,600,00,15,00,9000,15,100,00,0,00, 
2021,16,LORETO,02,ALTO AMAZONAS,11,TENIENTE CÉSAR LÓPEZ ROJAS,05761,00070,8,1,3,7,68.4942307692308,1,1,1,1,1,1,QUESO,4208,50,00,KILOGRAMO,12,1,0,00, , , , ,50,00,0,00, 
2021,16,LORETO,05,REQUENA,01,REQUENA,06107,00073,12,1,3,7,63.6017857142857,1,1,1,4, ,1,CESINA,4202,60,00,KILOGRAMO,12,1,60,00,10,00,600,10,0,00,0,00, 
2021,16,LORETO,06,UCAYALI,04,PAMPA HERMOSA,06153,00009,1,1,3,7,68.4942307692308,1,1,1,1,1,1,QUESO,4208,30,00,KILOGRAMO,12,1,0,00, , , , ,30,00,0,00, 
2021,16,LORETO,06,UCAYALI,04,PAMPA HERMOSA,06153,00045,5,1,3,7,68.4942307692308,1,1,1,1,1,1,QUESO,4208,14,00,KILOGRAMO,12,1,0,00, , , , ,14,00,0,00, 
2021,16,LORETO,06,UCAYALI,04,PAMPA HERMOSA,06153,00075,9,1,3,7,68.4942307692308,1,1,1,1,1,1,QUESO,4208,43,00,KILOGRAMO,12,1,0,00, , , , ,41,00,2,00, 
2021,16,LORETO,06,UCAYALI,04,PAMPA HERMOSA,06153,00104,13,1,3,7,68.4942307692308,1,1,1,1,1,1,QUESO,4208,16,00,KILOGRAMO,12,1,0,00, , , , ,16,00,0,00, 
2021,22,SAN MARTÍN,08,RIOJA,05,PARDO MIGUEL,06224,00075,14,1,3,7,93.1011904761905,1,1,1,1,1,1,QUESO,4208,42,75,KILOGRAMO,12,1,0,00, , , , ,32,75,10,00, 
2021,22,SAN MARTÍN,08,RIOJA,05,PARDO MIGUEL,06231,00048,7,1,3,7,79.8010204081633,1,1,1,1,1,1,QUESO,4208,100,00,KILOGRAMO,12,1,20,00,10,00,200,10,70,00,10,00, 
2021,22,SAN MARTÍN,08,RIOJA,05,PARDO MIGUEL,06240,00076,11,1,3,7,79.8010204081633,1,1,1,1,1,1,QUESO,4208,80,00,KILOGRAMO,12,1,50,00,12,00,600,12,20,00,10,00, 
2021,22,SAN MARTÍN,08,RIOJA,05,PARDO MIGUEL,06240,00090,14,1,3,7,79.8010204081633,1,1,1,1,1,1,QUESO,4208,10,00,KILOGRAMO,12,1,5,00,8,00,40,8,5,00,0,00, 
2021,22,SAN MARTÍN,08,RIOJA,02,AWAJUN,06245,00048,4,1,3,7,79.8010204081633,1,1,1,1,1,1,QUESO,4208,260,00,KILOGRAMO,12,1,236,00,10,00,2360,10,24,00,0,00, 
2021,22,SAN MARTÍN,01,MOYOBAMBA,01,MOYOBAMBA,06312,00047,5,1,3,7,111.721428571429,1,1,1,1,1,1,QUESO,4208,113,00,KILOGRAMO,12,1,0,00, , , , ,113,00,0,00, 
2021,22,SAN MARTÍN,01,MOYOBAMBA,01,MOYOBAMBA,06312,00073,9,1,3,7,111.721428571429,1,1,1,1,1,1,QUESO,4208,1252,00,KILOGRAMO,12,1,1142,00,9,50,10849,9.5,100,00,10,00, 
2021,22,SAN MARTÍN,01,MOYOBAMBA,01,MOYOBAMBA,06312,00107,12,1,3,7,111.721428571429,1,1,1,1,1,1,QUESO,4208,100,00,KILOGRAMO,12,1,0,00, , , , ,80,00,20,00, 
2021,22,SAN MARTÍN,01,MOYOBAMBA,01,MOYOBAMBA,06313,00020,2,1,3,7,79.8010204081633,1,1,1,1,1,1,QUESO,4208,260,00,KILOGRAMO,12,1,60,00,7,00,420,7,200,00,0,00, 
2021,22,SAN MARTÍN,01,MOYOBAMBA,01,MOYOBAMBA,06313,00111,10,1,3,7,79.8010204081633,1,1,1,1,1,1,QUESO,4208,90,00,KILOGRAMO,12,1,50,00,8,00,400,8,40,00,0,00, 
2021,22,SAN MARTÍN,01,MOYOBAMBA,01,MOYOBAMBA,06319,00033,6,1,3,7,79.8010204081633,1,1,1,1,1,1,QUESO,4208,205,20,KILOGRAMO,12,1,150,00,11,00,1650,11,50,00,5,20, 
2021,22,SAN MARTÍN,01,MOYOBAMBA,01,MOYOBAMBA,06319,00064,10,1,3,7,79.8010204081633,1,1,1,1,1,1,QUESO,4208,32,00,KILOGRAMO,12,1,30,00,10,00,300,10,2,00,0,00, 
2021,22,SAN MARTÍN,01,MOYOBAMBA,01,MOYOBAMBA,06324,00015,3,1,3,7,79.8010204081633,1,1,1,1,1,1,QUESO,4208,240,00,KILOGRAMO,12,1,0,00, , , , ,220,00,20,00, 
2021,22,SAN MARTÍN,01,MOYOBAMBA,01,MOYOBAMBA,06324,00048,8,1,3,7,79.8010204081633,1,1,1,1,1,1,QUESO,4208,34,00,KILOGRAMO,12,1,0,00, , , , ,34,00,0,00, 
2021,22,SAN MARTÍN,01,MOYOBAMBA,01,MOYOBAMBA,06324,00083,13,1,3,7,79.8010204081633,1,1,1,1,1,1,QUESO,4208,155,00,KILOGRAMO,12,1,0,00, , , , ,155,00,0,00, 
2021,22,SAN MARTÍN,01,MOYOBAMBA,01,MOYOBAMBA,06339,00031,7,1,3,7,93.1011904761905,1,1,1,1,1,1,QUESO,4208,30,00,KILOGRAMO,12,1,0,00, , , , ,25,00,5,00, 
2021,22,SAN MARTÍN,01,MOYOBAMBA,01,MOYOBAMBA,06339,00042,9,1,3,7,93.1011904761905,1,1,1,1,1,1,QUESO,4208,10,00,KILOGRAMO,12,1,0,00, , , , ,10,00,0,00, 
2021,22,SAN MARTÍN,01,MOYOBAMBA,01,MOYOBAMBA,06339,00058,11,1,3,7,93.1011904761905,1,1,1,1,1,1,QUESO,4208,50,00,KILOGRAMO,12,1,0,00, , , , ,50,00,0,00, 
2021,22,SAN MARTÍN,01,MOYOBAMBA,01,MOYOBAMBA,06350,00057,9,1,3,7,79.8010204081633,1,1,1,1,1,1,QUESO,4208,20,00,KILOGRAMO,12,1,0,00, , , , ,20,00,0,00, 
2021,22,SAN MARTÍN,01,MOYOBAMBA,01,MOYOBAMBA,06350,00069,10,1,3,7,79.8010204081633,1,1,1,1,1,1,QUESO,4208,50,00,KILOGRAMO,12,1,30,00,12,00,360,12,15,00,5,00, 
2021,22,SAN MARTÍN,01,MOYOBAMBA,01,MOYOBAMBA,06357,00063,8,1,3,7,79.8010204081633,1,1,1,1,1,1,QUESO,4208,10,00,KILOGRAMO,12,1,0,00, , , , ,10,00,0,00, 
2021,22,SAN MARTÍN,01,MOYOBAMBA,01,MOYOBAMBA,06360,00031,5,1,3,7,85.9395604395604,1,1,1,1,1,1,QUESO,4208,15,00,KILOGRAMO,12,1,0,00, , , , ,15,00,0,00, 
2021,22,SAN MARTÍN,01,MOYOBAMBA,01,MOYOBAMBA,06360,00035,6,1,3,7,85.9395604395604,1,1,1,1,1,1,QUESO,4208,48,00,KILOGRAMO,12,1,0,00, , , , ,48,00,0,00, 
2021,22,SAN MARTÍN,01,MOYOBAMBA,01,MOYOBAMBA,06360,00043,7,1,3,7,85.9395604395604,1,1,1,1,1,1,QUESO,4208,168,00,KILOGRAMO,12,1,84,00,10,00,840,10,84,00,0,00, 
2021,22,SAN MARTÍN,01,MOYOBAMBA,01,MOYOBAMBA,06360,00068,11,1,3,7,85.9395604395604,1,1,1,1,1,1,QUESO,4208,24,00,KILOGRAMO,12,1,0,00, , , , ,20,00,4,00, 
2021,22,SAN MARTÍN,01,MOYOBAMBA,01,MOYOBAMBA,06372,00092,9,1,3,7,79.8010204081633,1,1,1,1,1,1,QUESO,4208,20,00,KILOGRAMO,12,1,18,00,15,00,270,15,2,00,0,00, 
2021,22,SAN MARTÍN,01,MOYOBAMBA,01,MOYOBAMBA,06372,00126,12,1,3,7,79.8010204081633,1,1,1,1,1,1,QUESO,4208,180,00,KILOGRAMO,12,1,0,00, , , , ,160,00,20,00, 
2021,22,SAN MARTÍN,01,MOYOBAMBA,04,JEPELACIO,06396,00021,3,1,3,7,85.9395604395604,1,1,1,1,1,1,REQUESON,4209,4,50,KILOGRAMO,12,1,0,00, , , , ,4,50,0,00, 
2021,22,SAN MARTÍN,01,MOYOBAMBA,04,JEPELACIO,06410,00076,12,1,3,7,85.9395604395604,1,1,1,1,1,1,QUESO,4208,1260,00,KILOGRAMO,12,1,1200,00,8,00,9600,8,50,00,10,00, 
2021,22,SAN MARTÍN,01,MOYOBAMBA,04,JEPELACIO,06410,00080,13,1,3,7,85.9395604395604,1,1,1,1,1,1,QUESO,4208,88,00,KILOGRAMO,12,1,0,00, , , , ,80,00,8,00, 
2021,22,SAN MARTÍN,01,MOYOBAMBA,05,SORITOR,06420,00069,3,1,3,7,159.602040816327,1,1,1,1,1,1,QUESO,4208,200,00,KILOGRAMO,12,1,150,00,10,00,1500,10,40,00,10,00, 
2021,22,SAN MARTÍN,01,MOYOBAMBA,05,SORITOR,06421,00020,2,1,3,7,85.9395604395605,1,1,1,1,1,1,QUESO,4208,1440,00,KILOGRAMO,12,1,1276,00,16,00,20416,16,144,00,20,00, 
2021,22,SAN MARTÍN,01,MOYOBAMBA,05,SORITOR,06421,00080,8,1,3,7,85.9395604395605,1,1,1,1,1,1,QUESO,4208,250,00,KILOGRAMO,12,1,245,00,12,00,2940,12,5,00,0,00, 
2021,22,SAN MARTÍN,01,MOYOBAMBA,05,SORITOR,06421,00124,13,1,3,7,85.9395604395605,1,1,1,1,1,1,QUESO,4208,250,00,KILOGRAMO,12,1,245,00,12,00,2940,12,5,00,0,00, 
2021,22,SAN MARTÍN,01,MOYOBAMBA,05,SORITOR,06437,00093,8,1,3,7,79.8010204081633,1,1,1,1,1,1,QUESO,4208,30,00,KILOGRAMO,12,1,10,00,18,00,180,18,10,00,10,00, 
2021,22,SAN MARTÍN,01,MOYOBAMBA,05,SORITOR,06437,00125,12,1,3,7,79.8010204081633,1,1,1,1,1,1,QUESO,4208,50,00,KILOGRAMO,12,1,35,00,10,00,350,10,12,00,3,00, 
2021,22,SAN MARTÍN,01,MOYOBAMBA,05,SORITOR,06437,00155,14,1,3,7,79.8010204081633,1,1,1,1,1,1,QUESO,4208,193,25,KILOGRAMO,12,1,100,00,8,00,800,8,50,25,43,00, 
2021,22,SAN MARTÍN,05,LAMAS,02,ALONSO DE ALVARADO,06451,00034,3,1,3,7,93.1011904761905,1,1,1,1,1,1,QUESO,4208,40,00,KILOGRAMO,12,1,30,00,12,00,360,12,10,00,0,00, 
2021,22,SAN MARTÍN,05,LAMAS,02,ALONSO DE ALVARADO,06451,00101,8,1,3,7,93.1011904761905,1,1,1,1,1,1,QUESO,4208,100,00,KILOGRAMO,12,1,50,00,10,00,500,10,50,00,0,00, 
2021,22,SAN MARTÍN,05,LAMAS,02,ALONSO DE ALVARADO,06451,00124,10,1,3,7,93.1011904761905,1,1,1,1,1,1,QUESO,4208,125,00,KILOGRAMO,12,1,20,00,9,00,180,9,100,00,5,00, 
2021,22,SAN MARTÍN,05,LAMAS,02,ALONSO DE ALVARADO,06451,00178,14,1,3,7,93.1011904761905,1,1,1,1,1,1,QUESO,4208,50,00,KILOGRAMO,12,1,25,00,15,00,375,15,20,00,5,00, 
2021,22,SAN MARTÍN,05,LAMAS,06,PINTO RECODO,06480,00114,14,1,3,7,85.9395604395604,1,1,1,1,1,1,REQUESON,4209,1,00,KILOGRAMO,12,1,1,00,10,00,10,10,0,00,0,00, 
2021,22,SAN MARTÍN,05,LAMAS,03,BARRANQUITA,06498,00029,5,1,3,7,79.8010204081633,1,1,1,1,1,1,QUESO,4208,72,00,KILOGRAMO,12,1,0,00, , , , ,72,00,0,00, 
2021,22,SAN MARTÍN,05,LAMAS,03,BARRANQUITA,06498,00050,7,1,3,7,79.8010204081633,1,1,1,1,1,1,QUESO,4208,173,00,KILOGRAMO,12,1,0,00, , , , ,173,00,0,00, 
2021,22,SAN MARTÍN,05,LAMAS,10,TABALOSOS,06520,00033,6,1,3,7,79.8010204081633,1,1,1,1,1,1,QUESO,4208,34,00,KILOGRAMO,12,1,17,00,8,00,136,8,17,00,0,00, 
2021,22,SAN MARTÍN,05,LAMAS,10,TABALOSOS,06520,00049,8,1,3,7,79.8010204081633,1,1,1,1,1,1,QUESO,4208,111,00,KILOGRAMO,12,1,60,00,10,00,600,10,51,00,0,00, 
2021,22,SAN MARTÍN,05,LAMAS,10,TABALOSOS,06520,00078,12,1,3,7,79.8010204081633,1,1,1,1,1,1,QUESO,4208,12,00,KILOGRAMO,12,1,0,00, , , , ,12,00,0,00, 
2021,22,SAN MARTÍN,09,SAN MARTIN,06,EL PORVENIR,06567,00033,4,1,3,7,79.8010204081633,1,1,1,1,1,1,QUESO,4208,810,00,KILOGRAMO,12,1,800,00,12,00,9600,12,10,00,0,00, 
2021,22,SAN MARTÍN,09,SAN MARTIN,04,CHAZUTA,06580,00042,4,1,3,7,85.9395604395604,1,1,1,1,1,1,QUESO,4208,300,00,KILOGRAMO,12,1,250,00,15,00,3750,15,50,00,0,00, 
2021,22,SAN MARTÍN,07,PICOTA,09,TINGO DE PONASA,06623,00117,13,1,3,7,79.8010204081633,1,1,1,1,1,1,QUESO,4208,12,00,KILOGRAMO,12,1,6,00,8,00,48,8,4,00,2,00, 
2021,22,SAN MARTÍN,07,PICOTA,08,SHAMBOYACU,06632,00040,5,1,3,7,85.9395604395604,1,1,1,1,1,1,QUESO,4208,4,00,KILOGRAMO,12,1,0,00, , , , ,4,00,0,00, 
2021,22,SAN MARTÍN,07,PICOTA,08,SHAMBOYACU,06632,00064,9,1,3,7,85.9395604395604,1,1,1,1,1,1,QUESO,4208,10,00,UNIDAD,24,1,0,00, , , , ,10,00,0,00, 
2021,22,SAN MARTÍN,07,PICOTA,08,SHAMBOYACU,06632,00081,11,1,3,7,85.9395604395604,1,1,1,1,1,1,QUESO,4208,120,00,KILOGRAMO,12,1,120,00,13,00,1560,13,0,00,0,00, 
2021,22,SAN MARTÍN,07,PICOTA,08,SHAMBOYACU,06633,00068,9,1,3,7,79.8010204081633,1,1,1,1,1,1,QUESO,4208,3,00,KILOGRAMO,12,1,0,00, , , , ,3,00,0,00, 
2021,22,SAN MARTÍN,07,PICOTA,08,SHAMBOYACU,06635,00001,1,1,3,7,79.8010204081633,1,1,1,1,1,1,QUESO,4208,60,00,KILOGRAMO,12,1,0,00, , , , ,60,00,0,00, 
2021,22,SAN MARTÍN,07,PICOTA,08,SHAMBOYACU,06635,00007,2,1,3,7,79.8010204081633,1,1,1,1,1,1,QUESO,4208,5,00,KILOGRAMO,12,1,0,00, , , , ,5,00,0,00, 
2021,22,SAN MARTÍN,07,PICOTA,08,SHAMBOYACU,06635,00024,5,1,3,7,79.8010204081633,1,1,1,1,1,1,QUESO,4208,5,00,KILOGRAMO,12,1,0,00, , , , ,5,00,0,00, 
2021,22,SAN MARTÍN,07,PICOTA,08,SHAMBOYACU,06635,00029,6,1,3,7,79.8010204081633,1,1,1,1,1,1,QUESO,4208,6,00,KILOGRAMO,12,1,0,00, , , , ,5,00,1,00, 
2021,22,SAN MARTÍN,07,PICOTA,08,SHAMBOYACU,06635,00041,7,1,3,7,79.8010204081633,1,1,1,1,1,1,QUESO,4208,5,00,KILOGRAMO,12,1,0,00, , , , ,5,00,0,00, 
2021,22,SAN MARTÍN,07,PICOTA,08,SHAMBOYACU,06635,00060,10,1,3,7,79.8010204081633,1,1,1,1,1,1,QUESO,4208,10,00,KILOGRAMO,12,1,0,00, , , , ,10,00,0,00, 
2021,22,SAN MARTÍN,07,PICOTA,08,SHAMBOYACU,06635,00080,13,1,3,7,79.8010204081633,1,1,1,1,1,1,QUESO,4208,10,00,KILOGRAMO,12,1,0,00, , , , ,10,00,0,00, 
2021,22,SAN MARTÍN,07,PICOTA,08,SHAMBOYACU,06635,00083,14,1,3,7,79.8010204081633,1,1,1,1,1,1,QUESO,4208,100,00,KILOGRAMO,12,1,0,00, , , , ,85,00,15,00, 
2021,22,SAN MARTÍN,03,EL DORADO,01,SAN JOSÉ DE SISA,06661,00029,4,1,3,7,79.8010204081633,1,1,1,1,1,1,QUESO,4208,22,00,KILOGRAMO,12,1,0,00, , , , ,22,00,0,00, 
2021,22,SAN MARTÍN,03,EL DORADO,01,SAN JOSÉ DE SISA,06661,00075,8,1,3,7,79.8010204081633,1,1,1,4, ,1,CESINA,4202,20,00,KILOGRAMO,12,1,0,00, , , , ,20,00,0,00, 
2021,22,SAN MARTÍN,03,EL DORADO,01,SAN JOSÉ DE SISA,06661,00115,12,1,3,7,79.8010204081633,1,1,1,1,1,1,QUESO,4208,200,00,KILOGRAMO,12,1,50,00,15,00,750,15,100,00,50,00, 
2021,22,SAN MARTÍN,03,EL DORADO,04,SANTA ROSA,06681,00046,4,1,3,7,79.8010204081633,1,1,1,1,1,1,QUESO,4208,150,00,KILOGRAMO,12,1,100,00,12,00,1200,12,30,00,20,00, 
2021,22,SAN MARTÍN,04,HUALLAGA,02,ALTO SAPOSOA,06686,00011,1,1,3,7,93.1011904761905,1,1,1,1,1,1,QUESO,4208,9,00,KILOGRAMO,12,1,0,00, , , , ,9,00,0,00, 
2021,22,SAN MARTÍN,04,HUALLAGA,01,SAPOSOA,06693,00003,1,1,3,7,93.1011904761905,1,1,1,1,1,1,QUESO,4208,15,00,KILOGRAMO,12,1,0,00, , , , ,15,00,0,00, 
2021,22,SAN MARTÍN,04,HUALLAGA,01,SAPOSOA,06693,00054,5,1,3,7,93.1011904761905,1,1,1,1,1,1,QUESO,4208,30,00,KILOGRAMO,12,1,0,00, , , , ,30,00,0,00, 
2021,22,SAN MARTÍN,06,MARISCAL CACERES,05,PAJARILLO,06759,00010,1,1,3,7,85.9395604395604,1,1,1,1,1,1,QUESO,4208,26,00,KILOGRAMO,12,1,0,00, , , , ,26,00,0,00, 
2021,22,SAN MARTÍN,06,MARISCAL CACERES,05,PAJARILLO,06759,00038,4,1,3,7,85.9395604395604,1,1,1,1,1,1,QUESO,4208,60,00,KILOGRAMO,12,1,55,00,10,00,550,10,5,00,0,00, 
2021,22,SAN MARTÍN,06,MARISCAL CACERES,05,PAJARILLO,06759,00120,11,1,3,7,85.9395604395604,1,1,1,1,1,1,QUESO,4208,36,00,KILOGRAMO,12,1,0,00, , , , ,36,00,0,00, 
2021,22,SAN MARTÍN,02,BELLAVISTA,03,BAJO BIAVO,06819,00009,1,1,3,7,85.9395604395605,1,1,1,1,1,1,QUESO,4208,30,00,KILOGRAMO,12,1,15,00,10,00,150,10,15,00,0,00, 
2021,22,SAN MARTÍN,02,BELLAVISTA,03,BAJO BIAVO,06826,00007,1,1,3,7,85.9395604395604,1,1,1,1,1,1,QUESO,4208,10,00,KILOGRAMO,12,1,10,00,12,00,120,12,0,00,0,00, 
2021,22,SAN MARTÍN,02,BELLAVISTA,03,BAJO BIAVO,06826,00058,7,1,3,7,85.9395604395604,1,1,1,1,1,1,QUESO,4208,68,50,KILOGRAMO,12,1,0,00, , , , ,48,50,20,00, 
2021,22,SAN MARTÍN,02,BELLAVISTA,03,BAJO BIAVO,06830,00011,2,1,3,7,85.9395604395604,1,1,1,1,1,1,QUESO,4208,9,60,KILOGRAMO,12,1,0,00, , , , ,9,60,0,00, 
2021,22,SAN MARTÍN,02,BELLAVISTA,03,BAJO BIAVO,06830,00130,13,1,3,7,85.9395604395604,1,1,1,1,1,1,QUESO,4208,30,00,KILOGRAMO,12,1,0,00, , , , ,20,00,10,00, 
2021,22,SAN MARTÍN,02,BELLAVISTA,03,BAJO BIAVO,06834,00025,4,1,3,7,93.1011904761905,1,1,1,1,1,1,QUESO,4208,17,00,KILOGRAMO,12,1,0,00, , , , ,17,00,0,00, 
2021,22,SAN MARTÍN,02,BELLAVISTA,03,BAJO BIAVO,06834,00026,5,1,3,7,93.1011904761905,1,1,1,1,1,1,QUESO,4208,50,00,KILOGRAMO,12,1,40,00,10,00,400,10,10,00,0,00, 
2021,22,SAN MARTÍN,02,BELLAVISTA,03,BAJO BIAVO,06834,00053,7,1,3,7,93.1011904761905,1,1,1,1,1,1,QUESO,4208,50,00,KILOGRAMO,12,1,10,00,10,00,100,10,30,00,10,00, 
2021,22,SAN MARTÍN,02,BELLAVISTA,03,BAJO BIAVO,06834,00068,9,1,3,7,93.1011904761905,1,1,1,1,1,1,QUESO,4208,50,00,KILOGRAMO,12,1,10,00,10,00,100,10,20,00,20,00, 
2021,22,SAN MARTÍN,02,BELLAVISTA,03,BAJO BIAVO,06834,00085,11,1,3,7,93.1011904761905,1,1,1,1,1,1,QUESO,4208,80,00,KILOGRAMO,12,1,40,00,10,00,400,10,30,00,10,00, 
2021,22,SAN MARTÍN,02,BELLAVISTA,03,BAJO BIAVO,06834,00100,13,1,3,7,93.1011904761905,1,1,1,1,1,1,QUESO,4208,50,00,KILOGRAMO,12,1,0,00, , , , ,45,00,5,00, 
2021,22,SAN MARTÍN,02,BELLAVISTA,03,BAJO BIAVO,06834,00109,14,1,3,7,93.1011904761905,1,1,1,1,1,1,QUESO,4208,20,00,KILOGRAMO,12,1,10,00,10,00,100,10,10,00,0,00, 
2021,22,SAN MARTÍN,10,TOCACHE,05,UCHIZA,06921,00088,8,1,3,7,79.8010204081633,1,1,1,1,1,1,QUESO,4208,100,00,KILOGRAMO,12,1,0,00, , , , ,100,00,0,00, 
2021,22,SAN MARTÍN,10,TOCACHE,05,UCHIZA,06921,00130,13,1,3,7,79.8010204081633,1,1,1,1,1,1,QUESO,4208,15,00,KILOGRAMO,12,1,10,00,20,00,200,20,5,00,0,00, 
2021,13,LA LIBERTAD,07,PACASMAYO,05,SAN JOSE,07039,00061,9,1,1,1,97.2392857142857,1,1,1,1,1,1,QUESO,4208,34,00,KILOGRAMO,12,1,0,00, , , , ,34,00,0,00, 
2021,13,LA LIBERTAD,02,ASCOPE,03,CHOCOPE,07091,00098,12,1,1,1,97.2392857142857,1,1,1,1,1,1,CUAJADA,4203,64,00,KILOGRAMO,12,1,0,00, , , , ,64,00,0,00, 
2021,13,LA LIBERTAD,06,OTUZCO,10,PARANDAY,07191,00013,2,1,2,4,94.2802197802198,1,1,1,1,1,1,QUESO,4208,30,00,KILOGRAMO,12,1,20,00,12,00,240,12,10,00,0,00, 
2021,13,LA LIBERTAD,06,OTUZCO,10,PARANDAY,07191,00020,3,1,2,4,94.2802197802198,1,1,1,1,1,1,QUESO,4208,100,00,KILOGRAMO,12,1,0,00, , , , ,100,00,0,00, 
2021,13,LA LIBERTAD,06,OTUZCO,10,PARANDAY,07191,00028,4,1,2,4,94.2802197802198,1,1,1,1,1,1,QUESO,4208,12,00,KILOGRAMO,12,1,0,00, , , , ,12,00,0,00, 
2021,13,LA LIBERTAD,06,OTUZCO,10,PARANDAY,07191,00039,5,1,2,4,94.2802197802198,1,1,1,1,1,1,QUESO,4208,100,00,KILOGRAMO,12,1,95,00,12,00,1140,12,5,00,0,00, 
2021,13,LA LIBERTAD,06,OTUZCO,10,PARANDAY,07191,00045,6,1,2,4,94.2802197802198,1,1,1,1,1,1,QUESO,4208,50,00,KILOGRAMO,12,1,10,00,8,00,80,8,40,00,0,00, 
2021,13,LA LIBERTAD,06,OTUZCO,10,PARANDAY,07191,00073,11,1,2,4,94.2802197802198,1,1,1,1,1,1,QUESO,4208,20,00,KILOGRAMO,12,1,0,00, , , , ,20,00,0,00, 
2021,13,LA LIBERTAD,06,OTUZCO,10,PARANDAY,07191,00078,12,1,2,4,94.2802197802198,1,1,1,1,1,1,QUESO,4208,30,00,KILOGRAMO,12,1,0,00, , , , ,30,00,0,00, 
2021,13,LA LIBERTAD,06,OTUZCO,10,PARANDAY,07191,00085,13,1,2,4,94.2802197802198,1,1,1,1,1,1,QUESO,4208,150,00,KILOGRAMO,12,1,120,00,10,00,1200,10,30,00,0,00, 
2021,13,LA LIBERTAD,06,OTUZCO,01,OTUZCO,07202,00019,4,1,2,4,94.2802197802198,1,1,1,1,1,1,QUESO,4208,21,60,KILOGRAMO,12,1,10,80,9,00,97,9,10,80,0,00, 
2021,13,LA LIBERTAD,06,OTUZCO,01,OTUZCO,07202,00044,8,1,2,4,94.2802197802198,1,1,1,1,1,1,QUESO,4208,360,00,UNIDAD,24,.125,360,00,1,00,360,8,0,00,0,00, 
2021,13,LA LIBERTAD,06,OTUZCO,01,OTUZCO,07202,00079,14,1,2,4,94.2802197802198,1,1,1,1,1,1,QUESO,4208,100,00,UNIDAD,24,.25,0,00, , , , ,100,00,0,00, 
2021,13,LA LIBERTAD,06,OTUZCO,01,OTUZCO,07233,00029,5,1,2,4,94.2802197802198,1,1,1,1,1,1,QUESO,4208,45,00,UNIDAD,24,.2,40,00,1,00,40,5,5,00,0,00, 
2021,13,LA LIBERTAD,06,OTUZCO,04,CHARAT,07262,00046,7,1,2,4,94.2802197802198,1,1,1,1,1,1,QUESO,4208,40,00,UNIDAD,24,1,10,00,8,00,80,8,30,00,0,00, 
2021,13,LA LIBERTAD,06,OTUZCO,05,HUARANCHAL,07287,00045,6,1,2,4,94.2802197802198,1,1,1,4, ,1,CESINA,4202,10,00,KILOGRAMO,12,1,0,00, , , , ,10,00,0,00, 
2021,13,LA LIBERTAD,06,OTUZCO,14,USQUIL,07296,00071,6,1,2,4,94.2802197802198,1,1,1,1,1,1,CUAJADA,4203,30,00,UNIDAD,24,.5,25,00,8,00,200,16,5,00,0,00, 
2021,13,LA LIBERTAD,06,OTUZCO,14,USQUIL,07328,00012,2,1,2,4,94.2802197802198,1,1,1,1,1,1,QUESO,4208,30,00,KILOGRAMO,12,1,28,00,12,00,336,12,2,00,0,00, 
2021,13,LA LIBERTAD,06,OTUZCO,14,USQUIL,07332,00055,11,1,2,4,101.532544378698,1,1,1,1,1,1,QUESO,4208,34,00,UNIDAD,24,.9,9,00,9,00,81,10,5,00,20,00, 
2021,13,LA LIBERTAD,06,OTUZCO,14,USQUIL,07332,00061,12,1,2,4,101.532544378698,1,1,1,1,1,1,QUESO,4208,83,00,UNIDAD,24,.8,47,00,8,00,376,10,36,00,0,00, 
2021,13,LA LIBERTAD,06,OTUZCO,14,USQUIL,07345,00011,1,1,2,4,94.2802197802198,1,1,1,1,1,1,QUESO,4208,360,00,UNIDAD,24,1,360,00,10,00,3600,10,0,00,0,00, 
2021,13,LA LIBERTAD,06,OTUZCO,14,USQUIL,07345,00104,10,1,2,4,94.2802197802198,1,1,1,1,1,1,QUESO,4208,10,00,UNIDAD,24,1,10,00,10,00,100,10,0,00,0,00, 
2021,13,LA LIBERTAD,06,OTUZCO,08,MACHE,07385,00007,2,1,2,4,94.2802197802198,1,1,1,1,1,1,CUAJADA,4203,120,00,UNIDAD,24,3,100,00,21,00,2100,7,20,00,0,00, 
2021,13,LA LIBERTAD,06,OTUZCO,08,MACHE,07385,00017,3,1,2,4,94.2802197802198,1,1,1,1,1,1,CUAJADA,4203,96,00,UNIDAD,24,1.5,56,00,9,00,504,6,40,00,0,00, 
2021,13,LA LIBERTAD,06,OTUZCO,08,MACHE,07385,00030,5,1,2,4,94.2802197802198,1,1,1,1,1,1,CUAJADA,4203,24,00,UNIDAD,24,.5,0,00, , , , ,24,00,0,00, 
2021,13,LA LIBERTAD,06,OTUZCO,08,MACHE,07385,00049,6,1,2,4,94.2802197802198,1,1,1,1,1,1,CUAJADA,4203,50,00,UNIDAD,24,1,0,00, , , , ,50,00,0,00, 
2021,13,LA LIBERTAD,06,OTUZCO,08,MACHE,07385,00084,10,1,2,4,94.2802197802198,1,1,1,1,1,1,CUAJADA,4203,20,00,UNIDAD,24,2,15,00,14,00,210,7,5,00,0,00, 
2021,13,LA LIBERTAD,06,OTUZCO,08,MACHE,07385,00099,12,1,2,4,94.2802197802198,1,1,1,1,1,1,CUAJADA,4203,96,00,UNIDAD,24,2,50,00,20,00,1000,10,46,00,0,00, 
2021,13,LA LIBERTAD,06,OTUZCO,11,SALPO,07398,00004,1,1,2,4,94.2802197802198,1,1,1,1,1,1,QUESO,4208,4,00,KILOGRAMO,12,1,0,00, , , , ,4,00,0,00, 
2021,13,LA LIBERTAD,06,OTUZCO,11,SALPO,07398,00025,3,1,2,4,94.2802197802198,1,1,1,1,1,1,QUESO,4208,11,00,KILOGRAMO,12,1,0,00, , , , ,11,00,0,00, 
2021,13,LA LIBERTAD,06,OTUZCO,11,SALPO,07402,00025,5,1,2,4,94.2802197802198,1,1,1,1,1,1,QUESO,4208,40,00,UNIDAD,24,1,20,00,5,00,100,5,20,00,0,00, 
2021,13,LA LIBERTAD,06,OTUZCO,11,SALPO,07402,00030,6,1,2,4,94.2802197802198,1,1,1,1,1,1,QUESO,4208,8,00,UNIDAD,24,1,0,00, , , , ,8,00,0,00, 
2021,13,LA LIBERTAD,06,OTUZCO,11,SALPO,07402,00073,13,1,2,4,94.2802197802198,1,1,1,1,1,1,QUESO,4208,31,00,UNIDAD,24,1,0,00, , , , ,31,00,0,00, 
2021,13,LA LIBERTAD,06,OTUZCO,11,SALPO,07402,00080,14,1,2,4,94.2802197802198,1,1,1,1,1,1,QUESO,4208,8,00,UNIDAD,24,.25,0,00, , , , ,8,00,0,00, 
2021,13,LA LIBERTAD,01,TRUJILLO,07,MOCHE,07455,00021,1,1,1,1,97.2392857142857,1,1,1,1,1,1,CUAJADA,4203,405,00,KILOGRAMO,12,1,305,00,12,00,3660,12,100,00,0,00, 
2021,13,LA LIBERTAD,05,JULCAN,01,JULCAN,07530,00119,12,1,2,4,94.2802197802198,1,1,1,1,1,1,CUAJADA,4203,40,00,KILOGRAMO,12,1,30,00,9,00,270,9,10,00,0,00, 
2021,13,LA LIBERTAD,05,JULCAN,01,JULCAN,07532,00098,13,1,2,4,94.2802197802198,1,1,1,1,1,1,QUESO,4208,204,00,KILOGRAMO,12,1,204,00,10,00,2040,10,0,00,0,00, 
2021,13,LA LIBERTAD,10,SANTIAGO DE CHUCO,06,QUIRUVILCA,07588,00042,9,1,2,4,94.2802197802198,1,1,1,1,1,1,QUESO,4208,15,00,KILOGRAMO,12,1,0,00, , , , ,15,00,0,00, 
2021,13,LA LIBERTAD,10,SANTIAGO DE CHUCO,06,QUIRUVILCA,07588,00067,13,1,2,4,94.2802197802198,1,1,1,1,1,1,QUESO,4208,34,00,KILOGRAMO,12,1,0,00, , , , ,34,00,0,00, 
2021,13,LA LIBERTAD,10,SANTIAGO DE CHUCO,06,QUIRUVILCA,07588,00071,14,1,2,4,94.2802197802198,1,1,1,1,1,1,QUESO,4208,50,00,UNIDAD,24,1,0,00, , , , ,40,00,10,00, 
2021,13,LA LIBERTAD,10,SANTIAGO DE CHUCO,03,CACHICADAN,07599,00024,3,1,2,4,94.2802197802198,1,1,1,1,1,1,QUESO,4208,300,00,KILOGRAMO,12,1,280,00,12,00,3360,12,20,00,0,00, 
2021,13,LA LIBERTAD,10,SANTIAGO DE CHUCO,03,CACHICADAN,07599,00035,4,1,2,4,94.2802197802198,1,1,1,1,1,1,QUESO,4208,40,00,KILOGRAMO,12,1,0,00, , , , ,40,00,0,00, 
2021,13,LA LIBERTAD,10,SANTIAGO DE CHUCO,03,CACHICADAN,07599,00077,9,1,2,4,94.2802197802198,1,1,1,1,1,1,QUESO,4208,5,00,KILOGRAMO,12,1,0,00, , , , ,5,00,0,00, 
2021,13,LA LIBERTAD,10,SANTIAGO DE CHUCO,03,CACHICADAN,07599,00095,10,1,2,4,94.2802197802198,1,1,1,1,1,1,QUESO,4208,48,00,KILOGRAMO,12,1,0,00, , , , ,48,00,0,00, 
2021,13,LA LIBERTAD,10,SANTIAGO DE CHUCO,03,CACHICADAN,07599,00115,13,1,2,4,94.2802197802198,1,1,1,1,1,1,QUESO,4208,3,00,KILOGRAMO,12,1,0,00, , , , ,3,00,0,00, 
2021,13,LA LIBERTAD,10,SANTIAGO DE CHUCO,05,MOLLEPATA,07619,00015,2,1,2,4,94.2802197802198,1,1,1,4, ,1,JAMON,4204,12,00,KILOGRAMO,12,1,0,00, , , , ,12,00,0,00, 
2021,13,LA LIBERTAD,10,SANTIAGO DE CHUCO,05,MOLLEPATA,07619,00015,2,1,2,4,94.2802197802198,1,1,1,1,1,2,QUESO,4208,48,00,KILOGRAMO,12,1,0,00, , , , ,48,00,0,00, 
2021,13,LA LIBERTAD,10,SANTIAGO DE CHUCO,05,MOLLEPATA,07619,00034,4,1,2,4,94.2802197802198,1,1,1,4, ,1,JAMON,4204,10,00,KILOGRAMO,12,1,0,00, , , , ,10,00,0,00, 
2021,13,LA LIBERTAD,10,SANTIAGO DE CHUCO,05,MOLLEPATA,07619,00061,8,1,2,4,94.2802197802198,1,1,1,1,1,2,QUESO,4208,10,00,KILOGRAMO,12,1,0,00, , , , ,10,00,0,00, 
2021,13,LA LIBERTAD,10,SANTIAGO DE CHUCO,05,MOLLEPATA,07619,00061,8,1,2,4,94.2802197802198,1,1,1,4, ,1,JAMON,4204,8,00,KILOGRAMO,12,1,0,00, , , , ,8,00,0,00, 
2021,13,LA LIBERTAD,10,SANTIAGO DE CHUCO,05,MOLLEPATA,07619,00128,14,1,2,4,94.2802197802198,1,1,1,1,1,2,CUAJADA,4203,6,00,KILOGRAMO,12,1,0,00, , , , ,6,00,0,00, 
2021,13,LA LIBERTAD,10,SANTIAGO DE CHUCO,05,MOLLEPATA,07619,00128,14,1,2,4,94.2802197802198,1,1,1,4, ,1,JAMON,4204,15,00,KILOGRAMO,12,1,0,00, , , , ,15,00,0,00, 
2021,13,LA LIBERTAD,10,SANTIAGO DE CHUCO,05,MOLLEPATA,07623,00058,7,1,2,4,94.2802197802198,1,1,1,1,1,1,QUESO,4208,16,20,KILOGRAMO,12,1,0,00, , , , ,16,20,0,00, 
2021,13,LA LIBERTAD,10,SANTIAGO DE CHUCO,05,MOLLEPATA,07623,00083,9,1,2,4,94.2802197802198,1,1,1,1,1,1,QUESO,4208,24,00,KILOGRAMO,12,1,0,00, , , , ,24,00,0,00, 
2021,13,LA LIBERTAD,10,SANTIAGO DE CHUCO,05,MOLLEPATA,07623,00113,13,1,2,4,94.2802197802198,1,1,1,1,1,1,QUESO,4208,30,00,KILOGRAMO,12,1,0,00, , , , ,30,00,0,00, 
2021,13,LA LIBERTAD,09,SANCHEZ CARRION,06,SANAGORAN,07704,00070,12,1,2,4,94.2802197802198,1,1,1,4, ,1,JAMON,4204,10,00,KILOGRAMO,12,1,0,00, , , , ,10,00,0,00, 
2021,13,LA LIBERTAD,09,SANCHEZ CARRION,02,CHUGAY,07792,00094,12,1,2,4,94.2802197802198,1,1,1,4, ,1,JAMON,4204,20,00,KILOGRAMO,12,1,0,00, , , , ,20,00,0,00, 
2021,13,LA LIBERTAD,09,SANCHEZ CARRION,04,CURGOS,07847,00006,1,1,2,4,94.2802197802198,1,1,1,1,1,1,QUESO,4208,3,00,UNIDAD,24,1,0,00, , , , ,3,00,0,00, 
2021,13,LA LIBERTAD,09,SANCHEZ CARRION,04,CURGOS,07847,00127,14,1,2,4,94.2802197802198,1,1,1,1,1,1,QUESO,4208,5,00,UNIDAD,24,.5,0,00, , , , ,3,00,2,00, 
2021,13,LA LIBERTAD,09,SANCHEZ CARRION,01,HUAMACHUCO,07909,00030,3,1,2,4,94.2802197802198,1,1,1,1,1,1,QUESO,4208,450,00,UNIDAD,24,.5,400,00,8,00,3200,16,50,00,0,00, 
2021,13,LA LIBERTAD,09,SANCHEZ CARRION,01,HUAMACHUCO,07909,00058,6,1,2,4,94.2802197802198,1,1,1,1,1,1,QUESO,4208,24,00,UNIDAD,24,.25,0,00, , , , ,24,00,0,00, 
2021,13,LA LIBERTAD,09,SANCHEZ CARRION,01,HUAMACHUCO,07909,00109,11,1,2,4,94.2802197802198,1,1,1,1,1,1,QUESO,4208,50,00,UNIDAD,24,.5,30,00,5,00,150,10,20,00,0,00, 
2021,13,LA LIBERTAD,09,SANCHEZ CARRION,01,HUAMACHUCO,07909,00117,12,1,2,4,94.2802197802198,1,1,1,1,1,1,QUESO,4208,100,00,UNIDAD,24,.5,0,00, , , , ,80,00,20,00, 
2021,13,LA LIBERTAD,09,SANCHEZ CARRION,01,HUAMACHUCO,07909,00134,13,1,2,4,94.2802197802198,1,1,1,1,1,1,QUESO,4208,875,00,UNIDAD,24,.8,850,00,7,03,5976,8.7875,25,00,0,00, 
2021,13,LA LIBERTAD,09,SANCHEZ CARRION,01,HUAMACHUCO,07923,00001,1,1,2,4,94.2802197802198,1,1,1,1,1,1,CUAJADA,4203,50,00,KILOGRAMO,12,1,0,00, , , , ,50,00,0,00, 
2021,13,LA LIBERTAD,09,SANCHEZ CARRION,01,HUAMACHUCO,07923,00030,5,1,2,4,94.2802197802198,1,1,1,4, ,1,JAMON,4204,10,00,KILOGRAMO,12,1,0,00, , , , ,10,00,0,00, 
2021,13,LA LIBERTAD,09,SANCHEZ CARRION,01,HUAMACHUCO,07923,00047,7,1,2,4,94.2802197802198,1,1,1,1,1,1,CUAJADA,4203,50,00,KILOGRAMO,12,1,30,00,12,00,360,12,20,00,0,00, 
2021,13,LA LIBERTAD,09,SANCHEZ CARRION,01,HUAMACHUCO,07925,00093,12,1,2,4,94.2802197802198,1,1,1,1,1,1,QUESO,4208,12,00,UNIDAD,24,.25,0,00, , , , ,12,00,0,00, 
2021,13,LA LIBERTAD,03,BOLIVAR,01,BOLIVAR,07966,00069,6,1,2,4,94.2802197802198,1,1,1,1,1,1,CUAJADA,4203,20,00,KILOGRAMO,12,1,0,00, , , , ,20,00,0,00, 
2021,13,LA LIBERTAD,03,BOLIVAR,01,BOLIVAR,07966,00092,8,1,2,4,94.2802197802198,1,1,1,1,1,1,CUAJADA,4203,15,00,KILOGRAMO,12,1,0,00, , , , ,15,00,0,00, 
2021,13,LA LIBERTAD,03,BOLIVAR,01,BOLIVAR,07966,00116,10,1,2,4,94.2802197802198,1,1,1,1,1,1,CUAJADA,4203,30,00,KILOGRAMO,12,1,0,00, , , , ,30,00,0,00, 
2021,13,LA LIBERTAD,03,BOLIVAR,01,BOLIVAR,07966,00128,11,1,2,4,94.2802197802198,1,1,1,1,1,1,CUAJADA,4203,100,00,KILOGRAMO,12,1,0,00, , , , ,80,00,20,00, 
2021,13,LA LIBERTAD,03,BOLIVAR,01,BOLIVAR,07966,00136,12,1,2,4,94.2802197802198,1,1,1,1,1,1,CUAJADA,4203,20,00,KILOGRAMO,12,1,0,00, , , , ,20,00,0,00, 
2021,13,LA LIBERTAD,03,BOLIVAR,01,BOLIVAR,07966,00173,14,1,2,4,94.2802197802198,1,1,1,1,1,1,CUAJADA,4203,10,00,KILOGRAMO,12,1,0,00, , , , ,10,00,0,00, 
2021,13,LA LIBERTAD,03,BOLIVAR,03,CONDORMARCA,07977,00004,1,1,2,4,94.2802197802198,1,1,1,1,1,1,CUAJADA,4203,20,00,KILOGRAMO,12,1,0,00, , , , ,15,00,5,00, 
2021,13,LA LIBERTAD,03,BOLIVAR,03,CONDORMARCA,07977,00036,6,1,2,4,94.2802197802198,1,1,1,1,1,1,CUAJADA,4203,20,00,KILOGRAMO,12,1,0,00, , , , ,15,00,5,00, 
2021,13,LA LIBERTAD,03,BOLIVAR,03,CONDORMARCA,07977,00042,7,1,2,4,94.2802197802198,1,1,1,1,1,1,CUAJADA,4203,20,00,KILOGRAMO,12,1,0,00, , , , ,20,00,0,00, 
2021,13,LA LIBERTAD,03,BOLIVAR,03,CONDORMARCA,07977,00063,10,1,2,4,94.2802197802198,1,1,1,1,1,1,CUAJADA,4203,20,00,KILOGRAMO,12,1,0,00, , , , ,15,00,5,00, 
2021,13,LA LIBERTAD,03,BOLIVAR,03,CONDORMARCA,07977,00070,11,1,2,4,94.2802197802198,1,1,1,1,1,1,CUAJADA,4203,10,00,KILOGRAMO,12,1,0,00, , , , ,10,00,0,00, 
2021,13,LA LIBERTAD,03,BOLIVAR,03,CONDORMARCA,07977,00073,12,1,2,4,94.2802197802198,1,1,1,1,1,1,CUAJADA,4203,20,00,KILOGRAMO,12,1,0,00, , , , ,15,00,5,00, 
2021,13,LA LIBERTAD,08,PATAZ,01,TAYABAMBA,08056,00019,2,1,2,4,94.2802197802198,1,1,1,1, ,1,CHARQUI,4211,100,00,KILOGRAMO,12,1,0,00, , , , ,90,00,10,00, 
2021,13,LA LIBERTAD,08,PATAZ,01,TAYABAMBA,08056,00103,12,1,2,4,94.2802197802198,1,1,1,1, ,1,CHARQUI,4211,150,00,KILOGRAMO,12,1,0,00, , , , ,100,00,50,00, 
2021,02,ANCASH,15,PALLASCA,01,CABANA,08126,00047,6,1,2,5,141.126748251748,1,1,1,1,1,1,QUESO,4208,74,00,KILOGRAMO,12,1,0,00, , , , ,74,00,0,00, 
2021,02,ANCASH,15,PALLASCA,01,CABANA,08126,00087,10,1,2,5,141.126748251748,1,1,1,1,1,1,QUESO,4208,400,00,KILOGRAMO,12,1,380,00,12,00,4560,12,20,00,0,00, 
2021,02,ANCASH,15,PALLASCA,01,CABANA,08127,00029,5,1,2,5,141.126748251748,1,1,1,1,1,1,QUESO,4208,840,00,KILOGRAMO,12,1,810,00,12,00,9720,12,30,00,0,00, 
2021,02,ANCASH,15,PALLASCA,01,CABANA,08127,00046,7,1,2,5,141.126748251748,1,1,1,1,1,1,QUESO,4208,48,00,KILOGRAMO,12,1,30,00,25,00,750,25,18,00,0,00, 
2021,02,ANCASH,15,PALLASCA,01,CABANA,08127,00062,10,1,2,5,141.126748251748,1,1,1,1,1,1,QUESO,4208,69,00,KILOGRAMO,12,1,50,00,12,00,600,12,19,00,0,00, 
2021,02,ANCASH,15,PALLASCA,01,CABANA,08127,00072,12,1,2,5,141.126748251748,1,1,1,1,1,2,QUESO,4208,20,00,KILOGRAMO,12,1,0,00, , , , ,20,00,0,00, 
2021,02,ANCASH,15,PALLASCA,01,CABANA,08127,00072,12,1,2,5,141.126748251748,1,1,1,1,1,1,MANJAR BLANCO,4215,304,00,KILOGRAMO,12,1,274,00,10,00,2740,10,30,00,0,00, 
2021,02,ANCASH,15,PALLASCA,01,CABANA,08127,00078,13,1,2,5,141.126748251748,1,1,1,1,1,1,QUESO,4208,100,00,KILOGRAMO,12,1,90,00,10,00,900,10,5,00,5,00, 
2021,02,ANCASH,15,PALLASCA,10,SANTA ROSA,08140,00033,5,1,2,5,141.126748251748,1,1,1,1,1,1,QUESO,4208,100,00,UNIDAD,24,.5,80,00,12,00,960,24,20,00,0,00, 
2021,02,ANCASH,19,SIHUAS,05,CHINGALPO,08145,00049,6,1,2,5,131.046266233766,1,1,1,4, ,1,JAMON,4204,20,00,KILOGRAMO,12,1,0,00, , , , ,20,00,0,00, 
2021,02,ANCASH,19,SIHUAS,05,CHINGALPO,08145,00075,9,1,2,5,131.046266233766,1,1,1,4, ,1,JAMON,4204,15,00,KILOGRAMO,12,1,0,00, , , , ,15,00,0,00, 
2021,02,ANCASH,18,SANTA,01,CHIMBOTE,08241,00060,11,1,1,2,60.8080357142857,1,1,1,1,1,1,QUESO,4208,1155,00,UNIDAD,24,3.2,1155,00,57,60,66528,18,0,00,0,00, 
2021,02,ANCASH,18,SANTA,01,CHIMBOTE,08241,00060,11,1,1,2,60.8080357142857,1,1,1,1,1,2,YOGURT,4213,34650,00,LITRO,14,1,34650,00,2,00,69300,2,0,00,0,00, 
2021,02,ANCASH,18,SANTA,04,MACATE,08276,00001,1,1,2,5,152.887310606061,1,1,1,1,1,1,QUESO,4208,200,00,KILOGRAMO,12,1,150,00,5,00,750,5,50,00,0,00, 
2021,02,ANCASH,18,SANTA,04,MACATE,08276,00004,2,1,2,5,152.887310606061,1,1,1,1,1,1,QUESO,4208,90,00,UNIDAD,24,.5,0,00, , , , ,60,00,30,00, 
2021,02,ANCASH,18,SANTA,04,MACATE,08276,00018,3,1,2,5,152.887310606061,1,1,1,1,1,1,QUESO,4208,50,00,KILOGRAMO,12,1,0,00, , , , ,20,00,30,00, 
2021,02,ANCASH,18,SANTA,04,MACATE,08276,00030,4,1,2,5,152.887310606061,1,1,1,1,1,1,QUESO,4208,100,00,KILOGRAMO,12,1,80,00,5,00,400,5,20,00,0,00, 
2021,02,ANCASH,18,SANTA,04,MACATE,08276,00053,6,1,2,5,152.887310606061,1,1,1,1,1,1,REQUESON,4209,90,00,KILOGRAMO,12,1,0,00, , , , ,45,00,45,00, 
2021,02,ANCASH,18,SANTA,04,MACATE,08276,00075,8,1,2,5,152.887310606061,1,1,1,1,1,1,QUESO,4208,160,00,UNIDAD,24,.6,100,00,6,00,600,10,60,00,0,00, 
2021,02,ANCASH,18,SANTA,04,MACATE,08276,00100,10,1,2,5,152.887310606061,1,1,1,1,1,1,QUESO,4208,40,00,KILOGRAMO,12,1,35,00,10,00,350,10,5,00,0,00, 
2021,02,ANCASH,12,HUAYLAS,08,SANTA CRUZ,08338,00090,9,1,2,5,141.126748251748,1,1,1,1,1,1,QUESO,4208,20,00,KILOGRAMO,12,1,0,00, , , , ,15,00,5,00, 
2021,02,ANCASH,12,HUAYLAS,06,PAMPAROMAS,08358,00004,1,1,2,5,131.046266233766,1,1,1,1,1,1,QUESO,4208,30,00,KILOGRAMO,12,1,0,00, , , , ,20,00,10,00, 
2021,02,ANCASH,12,HUAYLAS,07,PUEBLO LIBRE,08425,00023,4,1,2,5,131.046266233766,1,1,1,2, ,1,CHARQUI,4211,30,00,KILOGRAMO,12,1,0,00, , , , ,30,00,0,00, 
2021,02,ANCASH,20,YUNGAY,05,QUILLO,08683,00037,5,1,2,5,131.046266233766,1,1,1,1,1,1,QUESO,4208,10,00,UNIDAD,24,1,0,00, , , , ,10,00,0,00, 
2021,02,ANCASH,01,HUARAZ,02,COCHABAMBA,08727,00040,4,1,2,5,131.046266233766,1,1,1,1,1,2,QUESO,4208,10,00,KILOGRAMO,12,1,0,00, , , , ,10,00,0,00, 
2021,02,ANCASH,01,HUARAZ,02,COCHABAMBA,08727,00040,4,1,2,5,131.046266233766,1,1,1,4, ,1,JAMON,4204,25,00,KILOGRAMO,12,1,0,00, , , , ,25,00,0,00, 
2021,02,ANCASH,01,HUARAZ,02,COCHABAMBA,08727,00085,8,1,2,5,131.046266233766,1,1,1,1,1,2,QUESO,4208,20,00,KILOGRAMO,12,1,12,00,15,00,180,15,7,00,1,00, 
2021,02,ANCASH,01,HUARAZ,02,COCHABAMBA,08727,00085,8,1,2,5,131.046266233766,1,1,1,4, ,1,JAMON,4204,30,00,KILOGRAMO,12,1,0,00, , , , ,30,00,0,00, 
2021,02,ANCASH,01,HUARAZ,02,COCHABAMBA,08727,00102,9,1,2,5,131.046266233766,1,1,1,1,1,1,QUESO,4208,90,00,KILOGRAMO,12,1,50,00,20,00,1000,20,35,00,5,00, 
2021,02,ANCASH,01,HUARAZ,02,COCHABAMBA,08727,00164,12,1,2,5,131.046266233766,1,1,1,1,1,1,QUESO,4208,100,00,KILOGRAMO,12,1,50,00,20,00,1000,20,50,00,0,00, 
2021,02,ANCASH,01,HUARAZ,11,PIRA,08874,00019,2,1,2,5,131.046266233766,1,1,1,1,1,1,QUESO,4208,360,00,KILOGRAMO,12,1,300,00,20,00,6000,20,50,00,10,00, 
2021,02,ANCASH,01,HUARAZ,08,OLLEROS,08972,00018,2,1,2,5,131.046266233766,1,1,1,1,1,1,QUESO,4208,180,00,UNIDAD,24,.3,140,00,3,00,420,10,30,00,10,00, 
2021,02,ANCASH,06,CARHUAZ,03,AMASHCA,08995,00004,1,1,2,5,152.887310606061,1,1,1,1,1,1,QUESO,4208,400,00,UNIDAD,24,.125,200,00,2,50,500,20,200,00,0,00, 
2021,02,ANCASH,06,CARHUAZ,06,MARCARA,09089,00023,2,1,2,5,131.046266233766,1,1,1,1,1,1,QUESO,4208,40,00,KILOGRAMO,12,1,20,00,18,00,360,18,10,00,10,00, 
2021,02,ANCASH,06,CARHUAZ,06,MARCARA,09089,00280,14,1,2,5,131.046266233766,1,1,1,1,1,1,QUESO,4208,42,00,KILOGRAMO,12,1,10,00,18,00,180,18,20,00,12,00, 
2021,02,ANCASH,07,CARLOS FERMIN FITZCARRALD,02,SAN NICOLAS,09217,00041,3,1,2,5,131.046266233766,1,1,1,2, ,1,CHARQUI,4211,2,00,KILOGRAMO,12,1,0,00, , , , ,2,00,0,00, 
2021,02,ANCASH,10,HUARI,04,CHAVIN DE HUANTAR,09324,00064,9,1,2,5,152.887310606061,1,1,1,4, ,1,JAMON,4204,10,00,KILOGRAMO,12,1,0,00, , , , ,7,00,3,00, 
2021,02,ANCASH,10,HUARI,04,CHAVIN DE HUANTAR,09324,00105,14,1,2,5,152.887310606061,1,1,1,1,1,1,QUESO,4208,50,00,UNIDAD,24,.3,20,00,3,00,60,10,20,00,10,00, 
2021,02,ANCASH,17,RECUAY,01,RECUAY,09438,00100,12,1,2,5,141.126748251748,1,1,1,1,1,1,QUESO,4208,20,00,KILOGRAMO,12,1,10,00,18,00,180,18,5,00,5,00, 
2021,02,ANCASH,17,RECUAY,10,TICAPAMPA,09445,00027,4,1,2,5,141.126748251748,1,1,1,1,1,1,QUESO,4208,300,00,KILOGRAMO,12,1,290,00,12,00,3480,12,10,00,0,00, 
2021,02,ANCASH,17,RECUAY,10,TICAPAMPA,09445,00028,5,1,2,5,141.126748251748,1,1,1,1,1,1,QUESO,4208,194,00,KILOGRAMO,12,1,180,00,12,00,2160,12,14,00,0,00, 
2021,02,ANCASH,17,RECUAY,10,TICAPAMPA,09445,00053,10,1,2,5,141.126748251748,1,1,1,1,1,1,QUESO,4208,212,00,KILOGRAMO,12,1,200,00,12,00,2400,12,10,00,2,00, 
2021,02,ANCASH,17,RECUAY,10,TICAPAMPA,09445,00061,11,1,2,5,141.126748251748,1,1,1,1,1,1,QUESO,4208,113,00,KILOGRAMO,12,1,103,00,12,00,1236,12,10,00,0,00, 
2021,02,ANCASH,17,RECUAY,10,TICAPAMPA,09445,00087,14,1,2,5,141.126748251748,1,1,1,1,1,1,QUESO,4208,80,00,KILOGRAMO,12,1,70,00,12,00,840,12,10,00,0,00, 
2021,02,ANCASH,02,AIJA,04,LA MERCED,09476,00075,7,1,2,5,131.046266233766,1,1,1,1,1,1,QUESO,4208,168,00,KILOGRAMO,12,1,150,00,25,00,3750,25,18,00,0,00, 
2021,02,ANCASH,02,AIJA,04,LA MERCED,09476,00138,10,1,2,5,131.046266233766,1,1,1,1,1,1,QUESO,4208,225,00,KILOGRAMO,12,1,220,00,15,00,3300,15,5,00,0,00, 
2021,02,ANCASH,02,AIJA,01,AIJA,09479,00071,6,1,2,5,131.046266233766,1,1,1,1,1,1,QUESO,4208,20,00,UNIDAD,24,1,0,00, , , , ,20,00,0,00, 
2021,02,ANCASH,02,AIJA,01,AIJA,09479,00097,8,1,2,5,131.046266233766,1,1,1,1,1,1,QUESO,4208,25,00,KILOGRAMO,12,1,10,00,18,00,180,18,15,00,0,00, 
2021,02,ANCASH,02,AIJA,01,AIJA,09479,00119,10,1,2,5,131.046266233766,1,1,1,1,1,1,QUESO,4208,62,00,KILOGRAMO,12,1,40,00,18,00,720,18,22,00,0,00, 
2021,02,ANCASH,02,AIJA,01,AIJA,09479,00151,13,1,2,5,131.046266233766,1,1,1,1,1,1,QUESO,4208,20,00,KILOGRAMO,12,1,0,00, , , , ,20,00,0,00, 
2021,02,ANCASH,05,BOLOGNESI,04,AQUIA,09510,00134,12,1,2,5,141.126748251748,1,1,1,1,1,1,QUESO,4208,157,50,KILOGRAMO,12,1,57,50,15,00,863,15,100,00,0,00, 
2021,02,ANCASH,05,BOLOGNESI,03,ANTONIO RAYMONDI,09530,00088,10,1,2,5,131.046266233766,1,1,1,1,1,1,QUESO,4208,10,00,KILOGRAMO,12,1,8,00,10,00,80,10,2,00,0,00, 
2021,02,ANCASH,14,OCROS,06,CONGAS,09540,00006,1,1,2,5,131.046266233766,1,1,1,1,1,1,QUESO,4208,11,00,UNIDAD,24,1,10,00,16,00,160,16,1,00,0,00, 
2021,02,ANCASH,14,OCROS,06,CONGAS,09540,00028,3,1,2,5,131.046266233766,1,1,1,1,1,1,QUESO,4208,2160,00,UNIDAD,24,1,2100,00,16,00,33600,16,60,00,0,00, 
2021,02,ANCASH,14,OCROS,06,CONGAS,09540,00072,6,1,2,5,131.046266233766,1,1,1,1,1,1,QUESO,4208,1012,00,UNIDAD,24,1,1000,00,16,00,16000,16,12,00,0,00, 
2021,02,ANCASH,14,OCROS,06,CONGAS,09540,00078,7,1,2,5,131.046266233766,1,1,1,1,1,1,QUESO,4208,1237,00,UNIDAD,24,1,1200,00,16,00,19200,16,37,00,0,00, 
2021,02,ANCASH,14,OCROS,06,CONGAS,09540,00086,8,1,2,5,131.046266233766,1,1,1,1,1,1,QUESO,4208,242,00,UNIDAD,24,1,230,00,16,00,3680,16,12,00,0,00, 
2021,02,ANCASH,14,OCROS,06,CONGAS,09540,00111,9,1,2,5,131.046266233766,1,1,1,1,1,1,QUESO,4208,877,00,UNIDAD,24,1,800,00,16,00,12800,16,77,00,0,00, 
2021,02,ANCASH,14,OCROS,06,CONGAS,09540,00114,10,1,2,5,131.046266233766,1,1,1,1,1,1,QUESO,4208,1000,00,UNIDAD,24,1,950,00,16,00,15200,16,50,00,0,00, 
2021,02,ANCASH,14,OCROS,06,CONGAS,09540,00140,11,1,2,5,131.046266233766,1,1,1,1,1,1,QUESO,4208,1314,00,KILOGRAMO,12,1,1300,00,16,00,20800,16,14,00,0,00, 
2021,02,ANCASH,14,OCROS,06,CONGAS,09540,00144,13,1,2,5,131.046266233766,1,1,1,1,1,1,QUESO,4208,612,00,UNIDAD,24,1,612,00,16,00,9792,16,0,00,0,00, 
2021,02,ANCASH,14,OCROS,06,CONGAS,09540,00149,14,1,2,5,131.046266233766,1,1,1,1,1,1,QUESO,4208,2156,00,KILOGRAMO,12,1,2100,00,16,00,33600,16,56,00,0,00, 
2021,02,ANCASH,14,OCROS,05,COCHAS,09555,00160,13,1,1,2,60.8080357142857,1,0,1,3,3,1,QUESO,4208,144,00,UNIDAD,24,2,135,00,25,00,3375,12.5,5,00,4,00, 
2021,10,HUÁNUCO,07,MARAÑON,01,HUACRACHUCO,09560,00058,8,1,2,5,76.7151675485009,1,1,1,1,1,1,QUESO,4208,140,00,UNIDAD,24,1,100,00,16,00,1600,16,40,00,0,00, 
2021,10,HUÁNUCO,04,HUACAYBAMBA,04,PINRA,09619,00014,1,1,2,5,76.7151675485009,1,1,1,1,1,1,QUESO,4208,3,00,MOLDE,41,1,0,00, , , , ,3,00,0,00, 
2021,10,HUÁNUCO,04,HUACAYBAMBA,04,PINRA,09619,00014,1,1,2,5,76.7151675485009,1,1,1,2, ,2,CHARQUI,4211,8,00,KILOGRAMO,12,1,0,00, , , , ,8,00,0,00, 
2021,10,HUÁNUCO,04,HUACAYBAMBA,04,PINRA,09619,00060,3,1,2,5,76.7151675485009,1,1,1,2, ,1,CHARQUI,4211,8,00,KILOGRAMO,12,1,0,00, , , , ,8,00,0,00, 
2021,10,HUÁNUCO,04,HUACAYBAMBA,04,PINRA,09619,00105,5,1,2,5,76.7151675485009,1,1,1,2, ,1,CHARQUI,4211,7,00,KILOGRAMO,12,1,0,00, , , , ,7,00,0,00, 
2021,10,HUÁNUCO,04,HUACAYBAMBA,04,PINRA,09619,00201,11,1,2,5,76.7151675485009,1,1,1,2, ,1,CHARQUI,4211,7,00,KILOGRAMO,12,1,0,00, , , , ,7,00,0,00, 
2021,10,HUÁNUCO,05,HUAMALIES,10,SINGA,09693,00023,4,1,2,5,82.616334283001,1,1,1,2, ,1,CHARQUI,4211,32,00,KILOGRAMO,12,1,0,00, , , , ,32,00,0,00, 
2021,10,HUÁNUCO,05,HUAMALIES,10,SINGA,09693,00043,6,1,2,5,82.616334283001,1,1,1,1,1,1,QUESO,4208,30,00,MOLDE,41,1,15,00,15,00,225,15,10,00,5,00, 
2021,10,HUÁNUCO,05,HUAMALIES,10,SINGA,09693,00052,8,1,2,5,82.616334283001,1,1,1,2, ,1,CHARQUI,4211,21,00,KILOGRAMO,12,1,0,00, , , , ,21,00,0,00, 
2021,10,HUÁNUCO,05,HUAMALIES,10,SINGA,09694,00125,13,1,2,5,76.7151675485009,1,1,1,2, ,1,CHARQUI,4211,8,00,KILOGRAMO,12,1,0,00, , , , ,8,00,0,00, 
2021,10,HUÁNUCO,05,HUAMALIES,10,SINGA,09696,00070,9,1,2,5,76.7151675485009,1,1,1,4, ,1,JAMON,4204,60,00,KILOGRAMO,12,1,0,00, , , , ,60,00,0,00, 
2021,10,HUÁNUCO,05,HUAMALIES,01,LLATA,09722,00016,3,1,2,5,76.7151675485009,1,1,1,4, ,1,JAMON,4204,10,00,KILOGRAMO,12,1,0,00, , , , ,10,00,0,00, 
2021,10,HUÁNUCO,05,HUAMALIES,01,LLATA,09731,00140,14,1,2,5,76.7151675485009,1,1,1,2, ,1,CHARQUI,4211,10,00,KILOGRAMO,12,1,0,00, , , , ,8,00,2,00, 
2021,10,HUÁNUCO,09,PUERTO INCA,04,TOURNAVISTA,09871,00070,10,1,3,7,163.793650793651,1,1,1,1,1,1,QUESO,4208,10,00,KILOGRAMO,12,1,0,00, , , , ,10,00,0,00, 
2021,10,HUÁNUCO,09,PUERTO INCA,02,CODO DEL POZUZO,09905,00015,2,1,3,7,176.393162393162,1,1,1,1,1,1,QUESO,4208,25,00,KILOGRAMO,12,1,0,00, , , , ,25,00,0,00, 
2021,10,HUÁNUCO,09,PUERTO INCA,02,CODO DEL POZUZO,09905,00021,3,1,3,7,176.393162393162,1,1,1,1,1,1,QUESO,4208,76,00,KILOGRAMO,12,1,70,00,15,00,1050,15,6,00,0,00, 
2021,10,HUÁNUCO,09,PUERTO INCA,02,CODO DEL POZUZO,09905,00024,4,1,3,7,176.393162393162,1,1,1,1,1,1,QUESO,4208,42,00,KILOGRAMO,12,1,0,00, , , , ,42,00,0,00, 
2021,10,HUÁNUCO,09,PUERTO INCA,02,CODO DEL POZUZO,09905,00077,10,1,3,7,176.393162393162,1,1,1,1,1,1,QUESO,4208,15,00,MOLDE,41,1,0,00, , , , ,15,00,0,00, 
2021,10,HUÁNUCO,09,PUERTO INCA,02,CODO DEL POZUZO,09905,00088,12,1,3,7,176.393162393162,1,1,1,1,1,1,QUESO,4208,50,00,KILOGRAMO,12,1,0,00, , , , ,50,00,0,00, 
2021,10,HUÁNUCO,09,PUERTO INCA,02,CODO DEL POZUZO,09908,00010,1,1,3,7,163.793650793651,1,1,1,1,1,1,QUESO,4208,8,00,MOLDE,41,1,0,00, , , , ,8,00,0,00, 
2021,10,HUÁNUCO,09,PUERTO INCA,02,CODO DEL POZUZO,09908,00015,2,1,3,7,163.793650793651,1,1,1,1,1,1,QUESO,4208,20,00,KILOGRAMO,12,1,20,00,12,00,240,12,0,00,0,00, 
2021,10,HUÁNUCO,08,PACHITEA,03,MOLINO,09961,00010,3,1,2,5,76.7151675485009,1,1,1,1,1,1,QUESO,4208,22,00,KILOGRAMO,12,1,10,00,18,00,180,18,5,00,7,00, 
2021,10,HUÁNUCO,08,PACHITEA,01,PANAO,09975,00104,13,1,2,5,76.7151675485009,1,1,1,2, ,1,CHARQUI,4211,10,00,KILOGRAMO,12,1,0,00, , , , ,10,00,0,00, 
2021,10,HUÁNUCO,08,PACHITEA,01,PANAO,09975,00110,14,1,2,5,76.7151675485009,1,1,1,2, ,1,CHARQUI,4211,10,00,KILOGRAMO,12,1,0,00, , , , ,10,00,0,00, 
2021,10,HUÁNUCO,08,PACHITEA,01,PANAO,09979,00083,9,1,2,5,76.7151675485009,1,1,1,1,1,1,QUESO,4208,100,00,MOLDE,41,.5,60,00,25,00,1500,50,30,00,10,00, 
2021,10,HUÁNUCO,01,HUANUCO,02,AMARILIS,10122,00016,1,1,2,5,76.7151675485009,1,1,1,1,1,1,QUESO,4208,5,00,KILOGRAMO,12,1,0,00, , , , ,5,00,0,00, 
2021,10,HUÁNUCO,01,HUANUCO,02,AMARILIS,10122,00021,2,1,2,5,76.7151675485009,1,1,1,1,1,1,QUESO,4208,15,00,KILOGRAMO,12,1,12,00,22,00,264,22,3,00,0,00, 
2021,10,HUÁNUCO,01,HUANUCO,02,AMARILIS,10122,00034,3,1,2,5,76.7151675485009,1,1,1,2, ,1,CHARQUI,4211,5,00,KILOGRAMO,12,1,0,00, , , , ,5,00,0,00, 
2021,10,HUÁNUCO,01,HUANUCO,02,AMARILIS,10122,00034,3,1,2,5,76.7151675485009,1,1,1,1,1,2,QUESO,4208,7,00,KILOGRAMO,12,1,0,00, , , , ,7,00,0,00, 
2021,10,HUÁNUCO,01,HUANUCO,02,AMARILIS,10122,00071,6,1,2,5,76.7151675485009,1,1,1,1,1,1,QUESO,4208,10,00,KILOGRAMO,12,1,0,00, , , , ,10,00,0,00, 
2021,10,HUÁNUCO,01,HUANUCO,02,AMARILIS,10122,00123,10,1,2,5,76.7151675485009,1,1,1,1,1,1,QUESO,4208,20,00,MOLDE,41,1.2,10,00,18,00,180,15,8,00,2,00, 
2021,10,HUÁNUCO,01,HUANUCO,02,AMARILIS,10122,00138,12,1,2,5,76.7151675485009,1,1,1,1,1,1,QUESO,4208,25,00,MOLDE,41,1.2,0,00, , , , ,20,00,5,00, 
2021,10,HUÁNUCO,01,HUANUCO,05,MARGOS,10160,00029,4,1,2,5,76.7151675485009,1,1,1,2, ,1,CHARQUI,4211,20,00,KILOGRAMO,12,1,0,00, , , , ,20,00,0,00, 
2021,10,HUÁNUCO,01,HUANUCO,05,MARGOS,10160,00094,12,1,2,5,76.7151675485009,1,1,1,2, ,1,CHARQUI,4211,12,00,KILOGRAMO,12,1,0,00, , , , ,12,00,0,00, 
2021,10,HUÁNUCO,01,HUANUCO,05,MARGOS,10160,00100,13,1,2,5,76.7151675485009,1,1,1,2, ,1,CHARQUI,4211,20,00,KILOGRAMO,12,1,0,00, , , , ,20,00,0,00, 
2021,10,HUÁNUCO,03,DOS DE MAYO,13,PACHAS,10171,00006,1,1,2,5,82.6163342830009,1,1,1,1,1,1,QUESO,4208,180,00,KILOGRAMO,12,1,100,00,10,00,1000,10,80,00,0,00, 
2021,10,HUÁNUCO,03,DOS DE MAYO,13,PACHAS,10171,00045,5,1,2,5,82.6163342830009,1,1,1,1,1,1,QUESO,4208,81,00,KILOGRAMO,12,1,70,00,20,00,1400,20,11,00,0,00, 
2021,10,HUÁNUCO,03,DOS DE MAYO,13,PACHAS,10171,00083,9,1,2,5,82.6163342830009,1,1,1,2, ,1,CHARQUI,4211,50,00,KILOGRAMO,12,1,0,00, , , , ,50,00,0,00, 
2021,10,HUÁNUCO,03,DOS DE MAYO,13,PACHAS,10171,00083,9,1,2,5,82.6163342830009,1,1,1,1,1,2,QUESO,4208,300,00,KILOGRAMO,12,1,250,00,20,00,5000,20,30,00,20,00, 
2021,10,HUÁNUCO,03,DOS DE MAYO,13,PACHAS,10171,00105,12,1,2,5,82.6163342830009,1,1,1,1,1,1,QUESO,4208,74,00,KILOGRAMO,12,1,0,00, , , , ,74,00,0,00, 
2021,10,HUÁNUCO,03,DOS DE MAYO,13,PACHAS,10178,00014,1,1,2,5,76.7151675485009,1,1,1,1,1,1,QUESO,4208,5,00,MOLDE,41,1,0,00, , , , ,4,00,1,00, 
2021,10,HUÁNUCO,03,DOS DE MAYO,13,PACHAS,10178,00216,13,1,2,5,76.7151675485009,1,1,1,4, ,1,JAMON,4204,30,00,KILOGRAMO,12,1,0,00, , , , ,20,00,10,00, 
2021,10,HUÁNUCO,03,DOS DE MAYO,13,PACHAS,10178,00216,13,1,2,5,76.7151675485009,1,1,1,1,1,2,QUESO,4208,150,00,MOLDE,41,1,120,00,25,00,3000,25,5,00,25,00, 
2021,10,HUÁNUCO,03,DOS DE MAYO,13,PACHAS,10178,00225,14,1,2,5,76.7151675485009,1,1,1,1,1,2,QUESO,4208,20,00,MOLDE,41,1,10,00,25,00,250,25,10,00,0,00, 
2021,10,HUÁNUCO,03,DOS DE MAYO,13,PACHAS,10178,00225,14,1,2,5,76.7151675485009,1,1,1,4, ,1,JAMON,4204,20,00,KILOGRAMO,12,1,0,00, , , , ,15,00,5,00, 
2021,10,HUÁNUCO,03,DOS DE MAYO,11,MARIAS,10182,00207,13,1,2,5,76.7151675485009,1,1,1,2, ,1,CHARQUI,4211,10,00,KILOGRAMO,12,1,0,00, , , , ,8,00,2,00, 
2021,10,HUÁNUCO,03,DOS DE MAYO,11,MARIAS,10188,00066,8,1,2,5,76.7151675485009,1,1,1,2, ,1,CHARQUI,4211,40,00,KILOGRAMO,12,1,0,00, , , , ,40,00,0,00, 
2021,10,HUÁNUCO,03,DOS DE MAYO,21,SHUNQUI,10215,00001,1,1,2,5,76.7151675485009,1,1,1,2, ,1,CHARQUI,4211,12,00,KILOGRAMO,12,1,0,00, , , , ,12,00,0,00, 
2021,10,HUÁNUCO,03,DOS DE MAYO,21,SHUNQUI,10215,00008,2,1,2,5,76.7151675485009,1,1,1,2, ,1,CHARQUI,4211,8,00,KILOGRAMO,12,1,0,00, , , , ,8,00,0,00, 
2021,10,HUÁNUCO,03,DOS DE MAYO,21,SHUNQUI,10215,00018,3,1,2,5,76.7151675485009,1,1,1,2, ,1,CHARQUI,4211,50,00,KILOGRAMO,12,1,0,00, , , , ,50,00,0,00, 
2021,10,HUÁNUCO,03,DOS DE MAYO,21,SHUNQUI,10215,00026,4,1,2,5,76.7151675485009,1,1,1,2, ,1,CHARQUI,4211,8,00,KILOGRAMO,12,1,0,00, , , , ,8,00,0,00, 
2021,10,HUÁNUCO,03,DOS DE MAYO,21,SHUNQUI,10215,00029,5,1,2,5,76.7151675485009,1,1,1,2, ,1,CHARQUI,4211,60,00,KILOGRAMO,12,1,0,00, , , , ,60,00,0,00, 
2021,10,HUÁNUCO,03,DOS DE MAYO,21,SHUNQUI,10215,00038,6,1,2,5,76.7151675485009,1,1,1,2, ,1,CHARQUI,4211,12,00,KILOGRAMO,12,1,0,00, , , , ,12,00,0,00, 
2021,10,HUÁNUCO,03,DOS DE MAYO,21,SHUNQUI,10215,00083,11,1,2,5,76.7151675485009,1,1,1,1,1,1,QUESO,4208,27,50,KILOGRAMO,12,1,0,00, , , , ,27,50,0,00, 
2021,10,HUÁNUCO,03,DOS DE MAYO,21,SHUNQUI,10215,00088,12,1,2,5,76.7151675485009,1,1,1,1,1,1,QUESO,4208,1,00,KILOGRAMO,12,1,0,00, , , , ,1,00,0,00, 
2021,10,HUÁNUCO,03,DOS DE MAYO,21,SHUNQUI,10215,00095,13,1,2,5,76.7151675485009,1,1,1,1,1,2,QUESO,4208,1,00,KILOGRAMO,12,1,0,00, , , , ,1,00,0,00, 
2021,10,HUÁNUCO,03,DOS DE MAYO,21,SHUNQUI,10215,00095,13,1,2,5,76.7151675485009,1,1,1,2, ,1,CHARQUI,4211,7,00,KILOGRAMO,12,1,0,00, , , , ,7,00,0,00, 
2021,10,HUÁNUCO,03,DOS DE MAYO,17,RIPAN,10223,00009,1,1,2,5,76.7151675485009,1,1,1,2, ,1,CHARQUI,4211,10,00,KILOGRAMO,12,1,0,00, , , , ,10,00,0,00, 
2021,10,HUÁNUCO,03,DOS DE MAYO,17,RIPAN,10223,00025,3,1,2,5,76.7151675485009,1,1,1,2, ,1,CHARQUI,4211,7,00,KILOGRAMO,12,1,0,00, , , , ,7,00,0,00, 
2021,10,HUÁNUCO,03,DOS DE MAYO,17,RIPAN,10223,00045,6,1,2,5,76.7151675485009,1,1,1,2, ,1,CHARQUI,4211,8,00,KILOGRAMO,12,1,0,00, , , , ,8,00,0,00, 
2021,10,HUÁNUCO,11,YAROWILCA,04,APARICIO POMARES,10243,00029,4,1,2,5,82.616334283001,1,1,1,1,1,1,QUESO,4208,50,00,KILOGRAMO,12,1,0,00, , , , ,50,00,0,00, 
2021,10,HUÁNUCO,11,YAROWILCA,04,APARICIO POMARES,10243,00106,13,1,2,5,82.616334283001,1,1,1,1,1,1,QUESO,4208,50,00,KILOGRAMO,12,1,45,00,12,00,540,12,5,00,0,00, 
2021,10,HUÁNUCO,11,YAROWILCA,04,APARICIO POMARES,10244,00015,1,1,2,5,76.7151675485009,1,1,1,2, ,1,CHARQUI,4211,7,00,KILOGRAMO,12,1,0,00, , , , ,7,00,0,00, 
2021,10,HUÁNUCO,11,YAROWILCA,04,APARICIO POMARES,10244,00026,3,1,2,5,76.7151675485009,1,1,1,2, ,1,CHARQUI,4211,8,00,KILOGRAMO,12,1,0,00, , , , ,8,00,0,00, 
2021,10,HUÁNUCO,11,YAROWILCA,04,APARICIO POMARES,10244,00060,7,1,2,5,76.7151675485009,1,1,1,2, ,1,CHARQUI,4211,7,00,KILOGRAMO,12,1,0,00, , , , ,7,00,0,00, 
2021,10,HUÁNUCO,11,YAROWILCA,04,APARICIO POMARES,10244,00105,12,1,2,5,76.7151675485009,1,1,1,2, ,1,CHARQUI,4211,8,00,KILOGRAMO,12,1,0,00, , , , ,8,00,0,00, 
2021,10,HUÁNUCO,11,YAROWILCA,01,CHAVINILLO,10248,00001,1,1,2,5,76.7151675485009,1,1,1,2, ,1,CHARQUI,4211,20,00,KILOGRAMO,12,1,0,00, , , , ,20,00,0,00, 
2021,10,HUÁNUCO,11,YAROWILCA,01,CHAVINILLO,10248,00020,2,1,2,5,76.7151675485009,1,1,1,2, ,1,CHARQUI,4211,15,00,KILOGRAMO,12,1,0,00, , , , ,15,00,0,00, 
2021,10,HUÁNUCO,11,YAROWILCA,01,CHAVINILLO,10248,00037,3,1,2,5,76.7151675485009,1,1,1,2, ,1,CHARQUI,4211,28,00,KILOGRAMO,12,1,0,00, , , , ,28,00,0,00, 
2021,10,HUÁNUCO,11,YAROWILCA,01,CHAVINILLO,10248,00091,7,1,2,5,76.7151675485009,1,1,1,2, ,1,CHARQUI,4211,42,00,KILOGRAMO,12,1,0,00, , , , ,42,00,0,00, 
2021,10,HUÁNUCO,11,YAROWILCA,01,CHAVINILLO,10248,00169,12,1,2,5,76.7151675485009,1,1,1,2, ,1,CHARQUI,4211,42,00,KILOGRAMO,12,1,0,00, , , , ,42,00,0,00, 
2021,10,HUÁNUCO,11,YAROWILCA,02,CAHUAC,10274,00032,5,1,2,5,82.6163342830009,1,1,1,2, ,1,CHARQUI,4211,16,00,KILOGRAMO,12,1,0,00, , , , ,16,00,0,00, 
2021,10,HUÁNUCO,11,YAROWILCA,02,CAHUAC,10274,00038,6,1,2,5,82.6163342830009,1,1,1,2, ,1,CHARQUI,4211,18,00,KILOGRAMO,12,1,0,00, , , , ,18,00,0,00, 
2021,10,HUÁNUCO,11,YAROWILCA,02,CAHUAC,10274,00053,9,1,2,5,82.6163342830009,1,1,1,2, ,1,CHARQUI,4211,8,00,KILOGRAMO,12,1,0,00, , , , ,8,00,0,00, 
2021,10,HUÁNUCO,11,YAROWILCA,02,CAHUAC,10274,00054,10,1,2,5,82.6163342830009,1,1,1,2, ,1,CHARQUI,4211,6,00,KILOGRAMO,12,1,0,00, , , , ,6,00,0,00, 
2021,10,HUÁNUCO,11,YAROWILCA,08,CHORAS,10280,00126,13,1,2,5,76.7151675485009,1,1,1,1,1,1,QUESO,4208,10,00,MOLDE,41,1,0,00, , , , ,10,00,0,00, 
2021,10,HUÁNUCO,10,LAURICOCHA,05,RONDOS,10301,00001,1,1,2,5,76.7151675485009,1,1,1,1,1,1,QUESO,4208,437,50,KILOGRAMO,12,1,430,00,15,00,6450,15,7,50,0,00, 
2021,10,HUÁNUCO,10,LAURICOCHA,05,RONDOS,10301,00006,2,1,2,5,76.7151675485009,1,1,1,1,1,1,QUESO,4208,270,00,KILOGRAMO,12,1,270,00,15,00,4050,15,0,00,0,00, 
2021,10,HUÁNUCO,10,LAURICOCHA,05,RONDOS,10301,00013,3,1,2,5,76.7151675485009,1,1,1,1,1,1,QUESO,4208,200,00,KILOGRAMO,12,1,190,00,13,00,2470,13,10,00,0,00, 
2021,10,HUÁNUCO,10,LAURICOCHA,05,RONDOS,10301,00023,4,1,2,5,76.7151675485009,1,1,1,1,1,1,QUESO,4208,250,00,KILOGRAMO,12,1,240,00,15,00,3600,15,10,00,0,00, 
2021,10,HUÁNUCO,10,LAURICOCHA,05,RONDOS,10301,00034,5,1,2,5,76.7151675485009,1,1,1,2, ,1,CHARQUI,4211,120,00,KILOGRAMO,12,1,0,00, , , , ,120,00,0,00, 
2021,10,HUÁNUCO,10,LAURICOCHA,05,RONDOS,10301,00034,5,1,2,5,76.7151675485009,1,1,1,1,1,2,QUESO,4208,1000,00,KILOGRAMO,12,1,970,00,15,00,14550,15,30,00,0,00, 
2021,10,HUÁNUCO,10,LAURICOCHA,05,RONDOS,10301,00046,6,1,2,5,76.7151675485009,1,1,1,2, ,2,CHARQUI,4211,30,00,KILOGRAMO,12,1,0,00, , , , ,30,00,0,00, 
2021,10,HUÁNUCO,10,LAURICOCHA,05,RONDOS,10301,00046,6,1,2,5,76.7151675485009,1,1,1,1,1,1,QUESO,4208,1750,00,KILOGRAMO,12,1,1700,00,13,00,22100,13,30,00,20,00, 
2021,10,HUÁNUCO,10,LAURICOCHA,05,RONDOS,10301,00062,7,1,2,5,76.7151675485009,1,1,1,1,1,1,QUESO,4208,212,50,KILOGRAMO,12,1,200,00,15,00,3000,15,12,50,0,00, 
2021,10,HUÁNUCO,10,LAURICOCHA,05,RONDOS,10301,00078,9,1,2,5,76.7151675485009,1,1,1,1,1,1,QUESO,4208,57,50,KILOGRAMO,12,1,50,50,10,00,505,10,7,00,0,00, 
2021,10,HUÁNUCO,10,LAURICOCHA,05,RONDOS,10301,00092,10,1,2,5,76.7151675485009,1,1,1,1,1,1,QUESO,4208,875,00,KILOGRAMO,12,1,850,00,12,00,10200,12,25,00,0,00, 
2021,10,HUÁNUCO,10,LAURICOCHA,05,RONDOS,10301,00105,11,1,2,5,76.7151675485009,1,1,1,1,1,1,QUESO,4208,375,00,KILOGRAMO,12,1,300,00,12,00,3600,12,75,00,0,00, 
2021,10,HUÁNUCO,10,LAURICOCHA,05,RONDOS,10301,00107,12,1,2,5,76.7151675485009,1,1,1,1,1,1,QUESO,4208,325,00,KILOGRAMO,12,1,225,00,10,00,2250,10,100,00,0,00, 
2021,10,HUÁNUCO,10,LAURICOCHA,05,RONDOS,10301,00129,14,1,2,5,76.7151675485009,1,1,1,1,1,1,QUESO,4208,106,25,KILOGRAMO,12,1,100,25,12,00,1203,12,6,00,0,00, 
2021,10,HUÁNUCO,10,LAURICOCHA,06,SAN FRANCISCO DE ASIS,10302,00050,11,1,2,5,76.7151675485009,1,1,1,1,1,1,QUESO,4208,50,00,UNIDAD,24,1,25,00,10,00,250,10,25,00,0,00, 
2021,10,HUÁNUCO,10,LAURICOCHA,06,SAN FRANCISCO DE ASIS,10302,00064,13,1,2,5,76.7151675485009,1,1,1,1,1,1,QUESO,4208,20,00,MOLDE,41,1,0,00, , , , ,20,00,0,00, 
2021,10,HUÁNUCO,10,LAURICOCHA,06,SAN FRANCISCO DE ASIS,10302,00071,14,1,2,5,76.7151675485009,1,1,1,1,1,1,QUESO,4208,540,00,MOLDE,41,1,510,00,15,00,7650,15,20,00,10,00, 
2021,10,HUÁNUCO,10,LAURICOCHA,03,JIVIA,10307,00032,3,1,2,5,76.7151675485009,1,1,1,1,1,1,QUESO,4208,252,00,KILOGRAMO,12,1,200,00,12,00,2400,12,52,00,0,00, 
2021,10,HUÁNUCO,10,LAURICOCHA,03,JIVIA,10307,00055,4,1,2,5,76.7151675485009,1,1,1,1,1,1,QUESO,4208,700,00,KILOGRAMO,12,1,650,00,12,00,7800,12,50,00,0,00, 
2021,10,HUÁNUCO,10,LAURICOCHA,03,JIVIA,10307,00071,5,1,2,5,76.7151675485009,1,1,1,1,1,1,QUESO,4208,4,00,KILOGRAMO,12,1,0,00, , , , ,4,00,0,00, 
2021,10,HUÁNUCO,10,LAURICOCHA,03,JIVIA,10307,00113,9,1,2,5,76.7151675485009,1,1,1,1,1,1,QUESO,4208,10,00,MOLDE,41,1,0,00, , , , ,10,00,0,00, 
2021,10,HUÁNUCO,10,LAURICOCHA,02,BAÑOS,10310,00004,1,1,2,5,76.7151675485009,1,1,1,1,1,1,QUESO,4208,537,00,KILOGRAMO,12,1,533,00,13,00,6929,13,4,00,0,00, 
2021,10,HUÁNUCO,10,LAURICOCHA,02,BAÑOS,10310,00009,2,1,2,5,76.7151675485009,1,1,1,1,1,1,QUESO,4208,210,00,KILOGRAMO,12,1,200,00,14,00,2800,14,10,00,0,00, 
2021,10,HUÁNUCO,10,LAURICOCHA,02,BAÑOS,10310,00019,3,1,2,5,76.7151675485009,1,1,1,1,1,1,QUESO,4208,222,50,KILOGRAMO,12,1,220,00,13,00,2860,13,2,50,0,00, 
2021,10,HUÁNUCO,10,LAURICOCHA,02,BAÑOS,10310,00039,5,1,2,5,76.7151675485009,1,1,1,1,1,1,QUESO,4208,250,00,KILOGRAMO,12,1,240,00,13,00,3120,13,10,00,0,00, 
2021,10,HUÁNUCO,10,LAURICOCHA,02,BAÑOS,10310,00054,6,1,2,5,76.7151675485009,1,1,1,1,1,1,QUESO,4208,445,00,KILOGRAMO,12,1,435,00,14,00,6090,14,10,00,0,00, 
2021,10,HUÁNUCO,10,LAURICOCHA,02,BAÑOS,10310,00079,9,1,2,5,76.7151675485009,1,1,1,1,1,1,QUESO,4208,463,75,KILOGRAMO,12,1,462,00,13,00,6006,13,1,75,0,00, 
2021,10,HUÁNUCO,10,LAURICOCHA,02,BAÑOS,10310,00083,10,1,2,5,76.7151675485009,1,1,1,1,1,1,QUESO,4208,29,00,KILOGRAMO,12,1,23,00,13,00,299,13,6,00,0,00, 
2021,10,HUÁNUCO,10,LAURICOCHA,02,BAÑOS,10310,00103,11,1,2,5,76.7151675485009,1,1,1,1,1,1,QUESO,4208,447,00,KILOGRAMO,12,1,440,00,13,00,5720,13,7,00,0,00, 
2021,10,HUÁNUCO,10,LAURICOCHA,02,BAÑOS,10310,00117,13,1,2,5,76.7151675485009,1,1,1,1,1,1,QUESO,4208,1078,50,KILOGRAMO,12,1,1075,00,13,00,13975,13,3,50,0,00, 
2021,10,HUÁNUCO,10,LAURICOCHA,02,BAÑOS,10310,00122,14,1,2,5,76.7151675485009,1,1,1,1,1,1,QUESO,4208,297,50,KILOGRAMO,12,1,297,50,13,00,3868,13,0,00,0,00, 
2021,10,HUÁNUCO,10,LAURICOCHA,02,BAÑOS,10311,00005,1,1,2,5,76.7151675485009,1,1,1,1,1,1,QUESO,4208,297,50,KILOGRAMO,12,1,287,00,12,00,3444,12,10,50,0,00, 
2021,10,HUÁNUCO,10,LAURICOCHA,02,BAÑOS,10311,00015,2,1,2,5,76.7151675485009,1,1,1,1,1,1,QUESO,4208,204,00,KILOGRAMO,12,1,190,00,13,00,2470,13,14,00,0,00, 
2021,10,HUÁNUCO,10,LAURICOCHA,02,BAÑOS,10311,00022,3,1,2,5,76.7151675485009,1,1,1,1,1,1,QUESO,4208,328,75,KILOGRAMO,12,1,320,00,12,00,3840,12,8,00,0,75, 
2021,10,HUÁNUCO,10,LAURICOCHA,02,BAÑOS,10311,00032,4,1,2,5,76.7151675485009,1,1,1,1,1,1,QUESO,4208,1110,00,KILOGRAMO,12,1,1060,00,13,00,13780,13,50,00,0,00, 
2021,10,HUÁNUCO,10,LAURICOCHA,02,BAÑOS,10311,00042,6,1,2,5,76.7151675485009,1,1,1,1,1,1,QUESO,4208,56,25,KILOGRAMO,12,1,54,00,12,00,648,12,2,25,0,00, 
2021,10,HUÁNUCO,10,LAURICOCHA,02,BAÑOS,10311,00044,7,1,2,5,76.7151675485009,1,1,1,1,1,1,QUESO,4208,58,12,KILOGRAMO,12,1,0,00, , , , ,58,12,0,00, 
2021,10,HUÁNUCO,10,LAURICOCHA,02,BAÑOS,10311,00051,8,1,2,5,76.7151675485009,1,1,1,1,1,1,QUESO,4208,28,75,KILOGRAMO,12,1,26,00,12,00,312,12,2,75,0,00, 
2021,10,HUÁNUCO,10,LAURICOCHA,02,BAÑOS,10311,00058,9,1,2,5,76.7151675485009,1,1,1,1,1,1,QUESO,4208,225,00,KILOGRAMO,12,1,200,00,13,00,2600,13,20,00,5,00, 
2021,10,HUÁNUCO,10,LAURICOCHA,02,BAÑOS,10311,00069,10,1,2,5,76.7151675485009,1,1,1,1,1,1,QUESO,4208,225,00,KILOGRAMO,12,1,200,00,13,00,2600,13,25,00,0,00, 
2021,10,HUÁNUCO,10,LAURICOCHA,02,BAÑOS,10311,00077,11,1,2,5,76.7151675485009,1,1,1,1,1,1,QUESO,4208,836,25,KILOGRAMO,12,1,810,00,12,00,9720,12,20,00,6,25, 
2021,10,HUÁNUCO,10,LAURICOCHA,02,BAÑOS,10311,00083,12,1,2,5,76.7151675485009,1,1,1,1,1,1,QUESO,4208,225,00,KILOGRAMO,12,1,205,00,13,00,2665,13,20,00,0,00, 
2021,10,HUÁNUCO,10,LAURICOCHA,02,BAÑOS,10311,00095,14,1,2,5,76.7151675485009,1,1,1,1,1,1,QUESO,4208,630,00,KILOGRAMO,12,1,600,00,13,00,7800,13,30,00,0,00, 
2021,10,HUÁNUCO,10,LAURICOCHA,01,JESUS,10316,00007,1,1,2,5,82.616334283001,1,1,1,1,1,1,QUESO,4208,300,00,KILOGRAMO,12,1,250,00,12,00,3000,12,50,00,0,00, 
2021,10,HUÁNUCO,10,LAURICOCHA,01,JESUS,10316,00012,2,1,2,5,82.616334283001,1,1,1,1,1,1,QUESO,4208,325,00,KILOGRAMO,12,1,300,00,12,00,3600,12,25,00,0,00, 
2021,10,HUÁNUCO,10,LAURICOCHA,01,JESUS,10316,00021,3,1,2,5,82.616334283001,1,1,1,1,1,1,QUESO,4208,319,00,KILOGRAMO,12,1,300,00,12,00,3600,12,19,00,0,00, 
2021,10,HUÁNUCO,10,LAURICOCHA,01,JESUS,10316,00029,4,1,2,5,82.616334283001,1,1,1,1,1,1,QUESO,4208,70,00,KILOGRAMO,12,1,30,00,11,00,330,11,40,00,0,00, 
2021,10,HUÁNUCO,10,LAURICOCHA,01,JESUS,10316,00053,7,1,2,5,82.616334283001,1,1,1,1,1,1,QUESO,4208,200,00,KILOGRAMO,12,1,150,00,12,00,1800,12,50,00,0,00, 
2021,10,HUÁNUCO,10,LAURICOCHA,01,JESUS,10316,00074,12,1,2,5,82.616334283001,1,1,1,1,1,1,QUESO,4208,340,00,KILOGRAMO,12,1,240,00,11,00,2640,11,100,00,0,00, 
2021,10,HUÁNUCO,10,LAURICOCHA,07,SAN MIGUEL DE CAURI,10325,00006,1,1,2,5,76.7151675485009,1,1,1,1,1,2,QUESO,4208,62,00,MOLDE,41,1,40,00,20,01,800,20.01,12,00,10,00, 
2021,10,HUÁNUCO,10,LAURICOCHA,07,SAN MIGUEL DE CAURI,10325,00006,1,1,2,5,76.7151675485009,1,1,1,2, ,1,CHARQUI,4211,9,00,KILOGRAMO,12,1,0,00, , , , ,9,00,0,00, 
2021,10,HUÁNUCO,10,LAURICOCHA,07,SAN MIGUEL DE CAURI,10325,00018,2,1,2,5,76.7151675485009,1,1,1,1,1,1,QUESO,4208,90,00,MOLDE,41,1,60,00,15,00,900,15,20,00,10,00, 
2021,10,HUÁNUCO,10,LAURICOCHA,07,SAN MIGUEL DE CAURI,10325,00028,3,1,2,5,76.7151675485009,1,1,1,2, ,1,CHARQUI,4211,10,00,KILOGRAMO,12,1,0,00, , , , ,10,00,0,00, 
2021,10,HUÁNUCO,10,LAURICOCHA,07,SAN MIGUEL DE CAURI,10325,00040,4,1,2,5,76.7151675485009,1,1,1,1,1,1,QUESO,4208,100,00,MOLDE,41,1,75,00,15,00,1125,15,20,00,5,00, 
2021,10,HUÁNUCO,10,LAURICOCHA,07,SAN MIGUEL DE CAURI,10325,00052,5,1,2,5,76.7151675485009,1,1,1,1,1,1,QUESO,4208,70,00,MOLDE,41,1,50,00,18,00,900,18,10,00,10,00, 
2021,10,HUÁNUCO,10,LAURICOCHA,07,SAN MIGUEL DE CAURI,10325,00053,6,1,2,5,76.7151675485009,1,1,1,2, ,2,CHARQUI,4211,8,00,KILOGRAMO,12,1,0,00, , , , ,8,00,0,00, 
2021,10,HUÁNUCO,10,LAURICOCHA,07,SAN MIGUEL DE CAURI,10325,00053,6,1,2,5,76.7151675485009,1,1,1,1,1,1,QUESO,4208,120,00,MOLDE,41,1,100,00,20,00,2000,20,10,00,10,00, 
2021,10,HUÁNUCO,10,LAURICOCHA,07,SAN MIGUEL DE CAURI,10325,00067,7,1,2,5,76.7151675485009,1,1,1,1,1,1,QUESO,4208,100,00,MOLDE,41,1,65,00,18,00,1170,18,25,00,10,00, 
2021,10,HUÁNUCO,10,LAURICOCHA,07,SAN MIGUEL DE CAURI,10325,00085,8,1,2,5,76.7151675485009,1,1,1,1,1,1,QUESO,4208,120,00,MOLDE,41,1,105,00,25,00,2625,25,10,00,5,00, 
2021,10,HUÁNUCO,10,LAURICOCHA,07,SAN MIGUEL DE CAURI,10325,00100,10,1,2,5,76.7151675485009,1,1,1,1,1,1,QUESO,4208,100,00,MOLDE,41,1,85,00,20,00,1700,20,10,00,5,00, 
2021,10,HUÁNUCO,10,LAURICOCHA,07,SAN MIGUEL DE CAURI,10325,00113,11,1,2,5,76.7151675485009,1,1,1,2, ,1,CHARQUI,4211,8,00,KILOGRAMO,12,1,0,00, , , , ,8,00,0,00, 
2021,10,HUÁNUCO,10,LAURICOCHA,07,SAN MIGUEL DE CAURI,10325,00113,11,1,2,5,76.7151675485009,1,1,1,1,1,2,QUESO,4208,100,00,MOLDE,41,1,90,00,20,00,1800,20,9,00,1,00, 
2021,10,HUÁNUCO,10,LAURICOCHA,07,SAN MIGUEL DE CAURI,10325,00122,12,1,2,5,76.7151675485009,1,1,1,1,1,1,QUESO,4208,129,00,MOLDE,41,1,90,00,18,00,1620,18,20,00,19,00, 
2021,10,HUÁNUCO,10,LAURICOCHA,07,SAN MIGUEL DE CAURI,10325,00131,13,1,2,5,76.7151675485009,1,1,1,1,1,2,QUESO,4208,94,00,MOLDE,41,1,90,00,25,00,2250,25,4,00,0,00, 
2021,10,HUÁNUCO,10,LAURICOCHA,07,SAN MIGUEL DE CAURI,10325,00131,13,1,2,5,76.7151675485009,1,1,1,2, ,1,CHARQUI,4211,10,00,KILOGRAMO,12,1,0,00, , , , ,10,00,0,00, 
2021,10,HUÁNUCO,10,LAURICOCHA,07,SAN MIGUEL DE CAURI,10325,00134,14,1,2,5,76.7151675485009,1,1,1,2, ,1,CHARQUI,4211,8,00,KILOGRAMO,12,1,0,00, , , , ,8,00,0,00, 
2021,10,HUÁNUCO,10,LAURICOCHA,07,SAN MIGUEL DE CAURI,10331,00040,2,1,2,5,89.5010288065844,1,1,1,1,1,1,QUESO,4208,310,00,KILOGRAMO,12,1,210,00,13,00,2730,13,100,00,0,00, 
2021,10,HUÁNUCO,10,LAURICOCHA,07,SAN MIGUEL DE CAURI,10331,00046,3,1,2,5,89.5010288065844,1,1,1,1,1,1,QUESO,4208,140,00,MOLDE,41,1,120,00,10,00,1200,10,20,00,0,00, 
2021,10,HUÁNUCO,10,LAURICOCHA,07,SAN MIGUEL DE CAURI,10331,00074,6,1,2,5,89.5010288065844,1,1,1,1,1,1,QUESO,4208,76,00,MOLDE,41,1,50,00,10,00,500,10,26,00,0,00, 
2021,10,HUÁNUCO,10,LAURICOCHA,07,SAN MIGUEL DE CAURI,10331,00111,8,1,2,5,89.5010288065844,1,1,1,1,1,2,QUESO,4208,200,00,MOLDE,41,1,180,00,10,00,1800,10,20,00,0,00, 
2021,10,HUÁNUCO,10,LAURICOCHA,07,SAN MIGUEL DE CAURI,10331,00111,8,1,2,5,89.5010288065844,1,1,1,2, ,1,CHARQUI,4211,60,00,KILOGRAMO,12,1,0,00, , , , ,60,00,0,00, 
2021,10,HUÁNUCO,10,LAURICOCHA,07,SAN MIGUEL DE CAURI,10331,00125,9,1,2,5,89.5010288065844,1,1,1,"2,5", ,1,CHARQUI,4211,80,00,KILOGRAMO,12,1,0,00, , , , ,80,00,0,00, 
2021,10,HUÁNUCO,10,LAURICOCHA,07,SAN MIGUEL DE CAURI,10331,00140,10,1,2,5,89.5010288065844,1,1,1,1,1,1,QUESO,4208,300,00,KILOGRAMO,12,1,250,00,12,00,3000,12,50,00,0,00, 
2021,10,HUÁNUCO,10,LAURICOCHA,07,SAN MIGUEL DE CAURI,10331,00197,14,1,2,5,89.5010288065844,1,1,1,1,1,1,QUESO,4208,200,00,KILOGRAMO,12,1,150,00,12,00,1800,12,50,00,0,00, 
2021,10,HUÁNUCO,02,AMBO,07,SAN RAFAEL,10397,00080,7,1,2,5,76.7151675485009,1,1,1,2, ,1,CHARQUI,4211,14,00,KILOGRAMO,12,1,0,00, , , , ,14,00,0,00, 
2021,10,HUÁNUCO,02,AMBO,07,SAN RAFAEL,10397,00118,11,1,2,5,76.7151675485009,1,1,1,2, ,1,CHARQUI,4211,35,00,KILOGRAMO,12,1,0,00, , , , ,35,00,0,00, 
2021,25,UCAYALI,03,PADRE ABAD,03,CURIMANA,10440,00041,5,1,3,7,25.6193293885602,1,1,1,1,1,1,QUESO,4208,75,00,MOLDE,41,.5,50,00,20,00,1000,40,15,00,10,00, 
2021,25,UCAYALI,03,PADRE ABAD,02,IRAZOLA,10451,00104,12,1,3,7,23.7893772893773,1,1,1,1,1,1,QUESO,4208,30,00,KILOGRAMO,12,1,0,00, , , , ,30,00,0,00, 
2021,25,UCAYALI,03,PADRE ABAD,02,IRAZOLA,10456,00001,1,1,3,7,23.7893772893773,1,1,1,1,1,1,QUESO,4208,250,00,KILOGRAMO,12,1,250,00,24,00,6000,24,0,00,0,00, 
2021,25,UCAYALI,03,PADRE ABAD,02,IRAZOLA,10456,00001,1,1,3,7,23.7893772893773,1,1,1,1,1,2,YOGURT,4213,450,00,LITRO,14,1,430,00,7,00,3010,7,20,00,0,00, 
2021,25,UCAYALI,01,CORONEL PORTILLO,05,YARINACOCHA,10487,00059,9,1,3,7,23.7893772893773,1,1,1,4, ,1,CESINA,4202,50,00,KILOGRAMO,12,1,30,00,29,13,874,29.13,15,00,5,00, 
2021,25,UCAYALI,01,CORONEL PORTILLO,02,CAMPOVERDE,10513,00076,14,1,3,7,23.7893772893773,1,1,1,1,1,1,YOGURT,4213,300,00,LITRO,14,1,300,00,7,00,2100,7,0,00,0,00, 
2021,25,UCAYALI,01,CORONEL PORTILLO,02,CAMPOVERDE,10513,00076,14,1,3,7,23.7893772893773,1,1,1,1,1,2,QUESO,4208,80,00,KILOGRAMO,12,1,80,00,25,00,2000,25,0,00,0,00, 
2021,19,PASCO,02,DANIEL ALCIDES CARRION,05,SAN PEDRO DE PILLAO,10604,00001,1,1,2,5,23.3119047619048,1,1,1,2, ,1,CHARQUI,4211,12,00,KILOGRAMO,12,1,0,00, , , , ,12,00,0,00, 
2021,19,PASCO,02,DANIEL ALCIDES CARRION,05,SAN PEDRO DE PILLAO,10604,00003,2,1,2,5,23.3119047619048,1,1,1,2, ,1,CHARQUI,4211,17,50,KILOGRAMO,12,1,0,00, , , , ,17,50,0,00, 
2021,19,PASCO,02,DANIEL ALCIDES CARRION,05,SAN PEDRO DE PILLAO,10604,00003,2,1,2,5,23.3119047619048,1,1,1,1,1,2,QUESO,4208,30,00,UNIDAD,24,.8,0,00, , , , ,30,00,0,00, 
2021,19,PASCO,02,DANIEL ALCIDES CARRION,05,SAN PEDRO DE PILLAO,10604,00008,3,1,2,5,23.3119047619048,1,1,1,1,1,1,QUESO,4208,6,00,UNIDAD,24,.8,0,00, , , , ,6,00,0,00, 
2021,19,PASCO,02,DANIEL ALCIDES CARRION,05,SAN PEDRO DE PILLAO,10604,00008,3,1,2,5,23.3119047619048,1,1,1,2, ,2,CHARQUI,4211,27,00,KILOGRAMO,12,1,0,00, , , , ,27,00,0,00, 
2021,19,PASCO,02,DANIEL ALCIDES CARRION,05,SAN PEDRO DE PILLAO,10604,00021,4,1,2,5,23.3119047619048,1,1,1,2, ,1,CHARQUI,4211,15,00,KILOGRAMO,12,1,0,00, , , , ,15,00,0,00, 
2021,19,PASCO,02,DANIEL ALCIDES CARRION,05,SAN PEDRO DE PILLAO,10604,00066,8,1,2,5,23.3119047619048,1,1,1,2, ,1,CHARQUI,4211,22,75,KILOGRAMO,12,1,0,00, , , , ,22,75,0,00, 
2021,19,PASCO,02,DANIEL ALCIDES CARRION,05,SAN PEDRO DE PILLAO,10604,00066,8,1,2,5,23.3119047619048,1,1,1,1,1,2,QUESO,4208,25,00,UNIDAD,24,1,0,00, , , , ,25,00,0,00, 
2021,19,PASCO,02,DANIEL ALCIDES CARRION,07,TAPUC,10608,00081,6,1,2,5,23.3119047619048,1,1,1,2, ,1,CHARQUI,4211,6,00,KILOGRAMO,12,1,0,00, , , , ,6,00,0,00, 
2021,19,PASCO,02,DANIEL ALCIDES CARRION,07,TAPUC,10608,00235,14,1,2,5,23.3119047619048,1,1,1,2, ,1,CHARQUI,4211,6,00,KILOGRAMO,12,1,0,00, , , , ,6,00,0,00, 
2021,19,PASCO,02,DANIEL ALCIDES CARRION,04,PAUCAR,10612,00074,10,1,2,5,23.3119047619048,1,1,1,2, ,1,CHARQUI,4211,6,00,KILOGRAMO,12,1,0,00, , , , ,6,00,0,00, 
2021,19,PASCO,02,DANIEL ALCIDES CARRION,06,SANTA ANA DE TUSI,10620,00088,6,1,2,5,23.3119047619048,1,1,1,2, ,1,CHARQUI,4211,15,00,KILOGRAMO,12,1,0,00, , , , ,15,00,0,00, 
2021,19,PASCO,02,DANIEL ALCIDES CARRION,06,SANTA ANA DE TUSI,10620,00120,8,1,2,5,23.3119047619048,1,1,1,2, ,1,CHARQUI,4211,15,00,KILOGRAMO,12,1,0,00, , , , ,15,00,0,00, 
2021,19,PASCO,02,DANIEL ALCIDES CARRION,06,SANTA ANA DE TUSI,10621,00007,2,1,2,5,23.3119047619048,1,1,1,2, ,1,CHARQUI,4211,6,00,KILOGRAMO,12,1,0,00, , , , ,6,00,0,00, 
2021,19,PASCO,02,DANIEL ALCIDES CARRION,06,SANTA ANA DE TUSI,10621,00013,3,1,2,5,23.3119047619048,1,1,1,2, ,1,CHARQUI,4211,6,00,KILOGRAMO,12,1,0,00, , , , ,6,00,0,00, 
2021,19,PASCO,02,DANIEL ALCIDES CARRION,06,SANTA ANA DE TUSI,10621,00025,5,1,2,5,23.3119047619048,1,1,1,2, ,1,CHARQUI,4211,7,00,KILOGRAMO,12,1,0,00, , , , ,7,00,0,00, 
2021,19,PASCO,02,DANIEL ALCIDES CARRION,06,SANTA ANA DE TUSI,10621,00032,7,1,2,5,23.3119047619048,1,1,1,2, ,1,CHARQUI,4211,6,00,KILOGRAMO,12,1,0,00, , , , ,6,00,0,00, 
2021,19,PASCO,02,DANIEL ALCIDES CARRION,06,SANTA ANA DE TUSI,10621,00038,8,1,2,5,23.3119047619048,1,1,1,2, ,1,CHARQUI,4211,6,00,KILOGRAMO,12,1,0,00, , , , ,6,00,0,00, 
2021,19,PASCO,02,DANIEL ALCIDES CARRION,06,SANTA ANA DE TUSI,10621,00079,14,1,2,5,23.3119047619048,1,1,1,2, ,1,CHARQUI,4211,6,00,KILOGRAMO,12,1,0,00, , , , ,6,00,0,00, 
2021,19,PASCO,02,DANIEL ALCIDES CARRION,06,SANTA ANA DE TUSI,10623,00016,2,1,2,5,23.3119047619048,1,1,1,"2,6", ,1,CHARQUI,4211,6,00,KILOGRAMO,12,1,0,00, , , , ,6,00,0,00, 
2021,19,PASCO,02,DANIEL ALCIDES CARRION,06,SANTA ANA DE TUSI,10623,00016,2,1,2,5,23.3119047619048,1,1,1,1,1,2,QUESO,4208,200,00,KILOGRAMO,12,1,180,00,15,00,2700,15,15,00,5,00, 
2021,19,PASCO,02,DANIEL ALCIDES CARRION,06,SANTA ANA DE TUSI,10623,00031,3,1,2,5,23.3119047619048,1,1,1,2, ,1,CHARQUI,4211,3,00,KILOGRAMO,12,1,0,00, , , , ,3,00,0,00, 
2021,19,PASCO,02,DANIEL ALCIDES CARRION,06,SANTA ANA DE TUSI,10623,00102,11,1,2,5,23.3119047619048,1,1,1,1,1,2,QUESO,4208,50,00,KILOGRAMO,12,1,25,00,15,00,375,15,25,00,0,00, 
2021,19,PASCO,02,DANIEL ALCIDES CARRION,06,SANTA ANA DE TUSI,10623,00102,11,1,2,5,23.3119047619048,1,1,1,"2,6", ,1,CHARQUI,4211,40,00,KILOGRAMO,12,1,0,00, , , , ,40,00,0,00, 
2021,19,PASCO,02,DANIEL ALCIDES CARRION,06,SANTA ANA DE TUSI,10626,00012,2,1,2,5,23.3119047619048,1,1,1,2, ,1,CHARQUI,4211,110,00,KILOGRAMO,12,1,0,00, , , , ,110,00,0,00, 
2021,19,PASCO,02,DANIEL ALCIDES CARRION,06,SANTA ANA DE TUSI,10626,00016,3,1,2,5,23.3119047619048,1,1,1,2, ,1,CHARQUI,4211,100,00,KILOGRAMO,12,1,0,00, , , , ,100,00,0,00, 
2021,19,PASCO,02,DANIEL ALCIDES CARRION,06,SANTA ANA DE TUSI,10626,00049,5,1,2,5,23.3119047619048,1,1,1,2, ,1,CHARQUI,4211,50,00,KILOGRAMO,12,1,0,00, , , , ,50,00,0,00, 
2021,19,PASCO,02,DANIEL ALCIDES CARRION,06,SANTA ANA DE TUSI,10626,00063,7,1,2,5,23.3119047619048,1,1,1,2, ,2,CHARQUI,4211,35,00,KILOGRAMO,12,1,0,00, , , , ,35,00,0,00, 
2021,19,PASCO,02,DANIEL ALCIDES CARRION,06,SANTA ANA DE TUSI,10626,00063,7,1,2,5,23.3119047619048,1,1,1,1,1,1,QUESO,4208,12,00,UNIDAD,24,1,0,00, , , , ,12,00,0,00, 
2021,19,PASCO,02,DANIEL ALCIDES CARRION,06,SANTA ANA DE TUSI,10626,00077,8,1,2,5,23.3119047619048,1,1,1,5, ,1,CHARQUI,4211,40,00,KILOGRAMO,12,1,0,00, , , , ,40,00,0,00, 
2021,19,PASCO,02,DANIEL ALCIDES CARRION,06,SANTA ANA DE TUSI,10626,00077,8,1,2,5,23.3119047619048,1,1,1,1,1,2,QUESO,4208,300,00,UNIDAD,24,1,250,00,12,00,3000,12,40,00,10,00, 
2021,19,PASCO,02,DANIEL ALCIDES CARRION,06,SANTA ANA DE TUSI,10626,00107,10,1,2,5,23.3119047619048,1,1,1,6, ,1,CHARQUI,4211,22,00,KILOGRAMO,12,1,0,00, , , , ,22,00,0,00, 
2021,19,PASCO,02,DANIEL ALCIDES CARRION,06,SANTA ANA DE TUSI,10626,00108,11,1,2,5,23.3119047619048,1,1,1,5, ,1,CHARQUI,4211,15,00,KILOGRAMO,12,1,0,00, , , , ,15,00,0,00, 
2021,19,PASCO,02,DANIEL ALCIDES CARRION,06,SANTA ANA DE TUSI,10626,00108,11,1,2,5,23.3119047619048,1,1,1,1,1,2,YOGURT,4213,140,00,LITRO,14,1,0,00, , , , ,140,00,0,00, 
2021,19,PASCO,02,DANIEL ALCIDES CARRION,06,SANTA ANA DE TUSI,10626,00129,12,1,2,5,23.3119047619048,1,1,1,2, ,1,CHARQUI,4211,12,00,KILOGRAMO,12,1,0,00, , , , ,12,00,0,00, 
2021,19,PASCO,02,DANIEL ALCIDES CARRION,03,GOYLLARISQUIZGA,10628,00024,3,1,2,5,25.1051282051282,1,1,1,"2,5,6", ,1,CHARQUI,4211,15,00,KILOGRAMO,12,1,0,00, , , , ,15,00,0,00, 
2021,19,PASCO,02,DANIEL ALCIDES CARRION,03,GOYLLARISQUIZGA,10628,00028,4,1,2,5,25.1051282051282,1,1,1,2, ,1,CHARQUI,4211,8,00,KILOGRAMO,12,1,0,00, , , , ,8,00,0,00, 
2021,19,PASCO,02,DANIEL ALCIDES CARRION,03,GOYLLARISQUIZGA,10628,00037,5,1,2,5,25.1051282051282,1,1,1,2, ,1,CHARQUI,4211,14,00,KILOGRAMO,12,1,0,00, , , , ,14,00,0,00, 
2021,19,PASCO,02,DANIEL ALCIDES CARRION,03,GOYLLARISQUIZGA,10628,00090,12,1,2,5,25.1051282051282,1,1,1,6, ,1,CHARQUI,4211,6,00,KILOGRAMO,12,1,0,00, , , , ,6,00,0,00, 
2021,19,PASCO,02,DANIEL ALCIDES CARRION,03,GOYLLARISQUIZGA,10628,00103,14,1,2,5,25.1051282051282,1,1,1,2, ,1,CHARQUI,4211,5,00,KILOGRAMO,12,1,0,00, , , , ,5,00,0,00, 
2021,19,PASCO,02,DANIEL ALCIDES CARRION,02,CHACAYAN,10630,00035,4,1,2,5,23.3119047619048,1,1,1,2, ,1,CHARQUI,4211,4,00,KILOGRAMO,12,1,0,00, , , , ,4,00,0,00, 
2021,19,PASCO,02,DANIEL ALCIDES CARRION,01,YANAHUANCA,10637,00006,1,1,2,5,23.3119047619048,1,0,1,2, ,1,CHARQUI,4211,40,50,KILOGRAMO,12,1,0,00, , , , ,38,50,2,00, 
2021,19,PASCO,02,DANIEL ALCIDES CARRION,01,YANAHUANCA,10637,00045,5,1,2,5,23.3119047619048,1,1,1,1,1,1,QUESO,4208,200,00,UNIDAD,24,1,100,00,12,00,1200,12,100,00,0,00, 
2021,19,PASCO,02,DANIEL ALCIDES CARRION,01,YANAHUANCA,10637,00067,8,1,2,5,23.3119047619048,1,1,1,2, ,1,CHARQUI,4211,90,00,KILOGRAMO,12,1,0,00, , , , ,80,00,10,00, 
2021,19,PASCO,02,DANIEL ALCIDES CARRION,01,YANAHUANCA,10637,00082,9,1,2,5,23.3119047619048,1,1,1,2, ,1,CHARQUI,4211,6,75,KILOGRAMO,12,1,0,00, , , , ,6,75,0,00, 
2021,19,PASCO,02,DANIEL ALCIDES CARRION,01,YANAHUANCA,10637,00087,10,1,2,5,23.3119047619048,1,1,1,1,1,1,QUESO,4208,10,00,UNIDAD,24,1,0,00, , , , ,10,00,0,00, 
2021,19,PASCO,02,DANIEL ALCIDES CARRION,01,YANAHUANCA,10637,00087,10,1,2,5,23.3119047619048,1,1,1,2, ,2,CHARQUI,4211,50,00,KILOGRAMO,12,1,0,00, , , , ,50,00,0,00, 
2021,19,PASCO,02,DANIEL ALCIDES CARRION,01,YANAHUANCA,10637,00101,11,1,2,5,23.3119047619048,1,0,1,2, ,1,CHARQUI,4211,90,00,KILOGRAMO,12,1,0,00, , , , ,90,00,0,00, 
2021,19,PASCO,02,DANIEL ALCIDES CARRION,01,YANAHUANCA,10637,00102,12,1,2,5,23.3119047619048,1,1,1,2, ,1,CHARQUI,4211,117,00,KILOGRAMO,12,1,0,00, , , , ,117,00,0,00, 
2021,19,PASCO,02,DANIEL ALCIDES CARRION,01,YANAHUANCA,10637,00105,13,1,2,5,23.3119047619048,1,1,1,2, ,1,CHARQUI,4211,90,00,KILOGRAMO,12,1,0,00, , , , ,90,00,0,00, 
2021,19,PASCO,02,DANIEL ALCIDES CARRION,01,YANAHUANCA,10638,00059,8,1,2,5,23.3119047619048,1,1,1,1,1,1,QUESO,4208,840,00,UNIDAD,24,1,835,00,10,00,8350,10,5,00,0,00, 
2021,19,PASCO,02,DANIEL ALCIDES CARRION,01,YANAHUANCA,10638,00071,9,1,2,5,23.3119047619048,1,1,1,1,1,2,YOGURT,4213,2520,00,LITRO,14,1,2520,00,5,00,12600,5,0,00,0,00, 
2021,19,PASCO,02,DANIEL ALCIDES CARRION,01,YANAHUANCA,10638,00071,9,1,2,5,23.3119047619048,1,1,1,1,1,1,QUESO,4208,315,00,KILOGRAMO,12,1,315,00,14,00,4410,14,0,00,0,00, 
2021,19,PASCO,02,DANIEL ALCIDES CARRION,01,YANAHUANCA,10638,00084,10,1,2,5,23.3119047619048,1,1,1,1,1,1,QUESO,4208,420,00,UNIDAD,24,1,420,00,10,00,4200,10,0,00,0,00, 
2021,19,PASCO,02,DANIEL ALCIDES CARRION,01,YANAHUANCA,10638,00094,11,1,2,5,23.3119047619048,1,1,1,1,1,1,QUESO,4208,840,00,KILOGRAMO,12,1,840,00,12,80,10752,12.8,0,00,0,00, 
2021,19,PASCO,02,DANIEL ALCIDES CARRION,01,YANAHUANCA,10638,00096,13,1,2,5,23.3119047619048,1,1,1,1,1,1,QUESO,4208,324,00,UNIDAD,24,1,324,00,10,00,3240,10,0,00,0,00, 
2021,19,PASCO,02,DANIEL ALCIDES CARRION,01,YANAHUANCA,10638,00106,14,1,2,5,23.3119047619048,1,1,1,2, ,1,CHARQUI,4211,10,00,KILOGRAMO,12,1,0,00, , , , ,10,00,0,00, 
2021,19,PASCO,02,DANIEL ALCIDES CARRION,01,YANAHUANCA,10642,00011,2,1,2,5,23.3119047619048,1,1,1,2, ,1,CHARQUI,4211,6,00,KILOGRAMO,12,1,0,00, , , , ,6,00,0,00, 
2021,19,PASCO,02,DANIEL ALCIDES CARRION,01,YANAHUANCA,10645,00069,7,1,2,5,23.3119047619048,1,1,1,2, ,1,CHARQUI,4211,6,00,KILOGRAMO,12,1,0,00, , , , ,6,00,0,00, 
2021,19,PASCO,02,DANIEL ALCIDES CARRION,01,YANAHUANCA,10645,00090,10,1,2,5,23.3119047619048,1,1,1,2, ,1,CHARQUI,4211,6,00,KILOGRAMO,12,1,0,00, , , , ,6,00,0,00, 
2021,19,PASCO,02,DANIEL ALCIDES CARRION,01,YANAHUANCA,10648,00008,1,1,2,5,25.1051282051282,1,1,1,"2,6", ,1,CHARQUI,4211,25,00,KILOGRAMO,12,1,0,00, , , , ,25,00,0,00, 
2021,19,PASCO,02,DANIEL ALCIDES CARRION,01,YANAHUANCA,10648,00020,2,1,2,5,25.1051282051282,1,1,1,6, ,1,CHARQUI,4211,20,00,KILOGRAMO,12,1,0,00, , , , ,20,00,0,00, 
2021,19,PASCO,02,DANIEL ALCIDES CARRION,01,YANAHUANCA,10648,00040,4,1,2,5,25.1051282051282,1,1,1,"2,6", ,1,CHARQUI,4211,30,00,KILOGRAMO,12,1,0,00, , , , ,30,00,0,00, 
2021,19,PASCO,02,DANIEL ALCIDES CARRION,01,YANAHUANCA,10648,00043,5,1,2,5,25.1051282051282,1,1,1,6, ,1,CHARQUI,4211,18,00,KILOGRAMO,12,1,0,00, , , , ,18,00,0,00, 
2021,19,PASCO,02,DANIEL ALCIDES CARRION,01,YANAHUANCA,10648,00051,6,1,2,5,25.1051282051282,1,1,1,2, ,1,CHARQUI,4211,12,00,KILOGRAMO,12,1,0,00, , , , ,12,00,0,00, 
2021,19,PASCO,02,DANIEL ALCIDES CARRION,01,YANAHUANCA,10648,00072,8,1,2,5,25.1051282051282,1,1,1,2, ,1,CHARQUI,4211,8,00,KILOGRAMO,12,1,0,00, , , , ,8,00,0,00, 
2021,19,PASCO,02,DANIEL ALCIDES CARRION,01,YANAHUANCA,10648,00105,11,1,2,5,25.1051282051282,1,1,1,6, ,1,CHARQUI,4211,10,00,KILOGRAMO,12,1,0,00, , , , ,10,00,0,00, 
2021,19,PASCO,02,DANIEL ALCIDES CARRION,01,YANAHUANCA,10648,00123,13,1,2,5,25.1051282051282,1,1,1,"2,5,6", ,1,CHARQUI,4211,20,70,KILOGRAMO,12,1,0,00, , , , ,12,00,8,70, 
2021,19,PASCO,02,DANIEL ALCIDES CARRION,01,YANAHUANCA,10649,00010,2,1,2,5,23.3119047619048,1,1,1,1,1,1,QUESO,4208,375,00,MOLDE,41,1,375,00,13,00,4875,13,0,00,0,00, 
2021,19,PASCO,02,DANIEL ALCIDES CARRION,01,YANAHUANCA,10649,00023,3,1,2,5,23.3119047619048,1,1,1,1,1,1,QUESO,4208,180,00,MOLDE,41,1,150,00,11,00,1650,11,30,00,0,00, 
2021,19,PASCO,02,DANIEL ALCIDES CARRION,01,YANAHUANCA,10649,00035,4,1,2,5,23.3119047619048,1,1,1,1,1,1,QUESO,4208,150,00,MOLDE,41,1,140,00,11,79,1651,11.79,10,00,0,00, 
2021,19,PASCO,02,DANIEL ALCIDES CARRION,01,YANAHUANCA,10649,00039,5,1,2,5,23.3119047619048,1,1,1,6, ,1,CHARQUI,4211,10,00,KILOGRAMO,12,1,0,00, , , , ,10,00,0,00, 
2021,19,PASCO,02,DANIEL ALCIDES CARRION,01,YANAHUANCA,10649,00049,6,1,2,5,23.3119047619048,1,1,1,1,1,1,QUESO,4208,430,00,MOLDE,41,1.1,400,00,12,00,4800,10.9091,20,00,10,00, 
2021,19,PASCO,02,DANIEL ALCIDES CARRION,01,YANAHUANCA,10649,00069,8,1,2,5,23.3119047619048,1,1,1,6, ,1,CHARQUI,4211,10,00,KILOGRAMO,12,1,0,00, , , , ,10,00,0,00, 
2021,19,PASCO,02,DANIEL ALCIDES CARRION,01,YANAHUANCA,10649,00078,9,1,2,5,23.3119047619048,1,1,1,1,1,1,QUESO,4208,268,00,MOLDE,41,1,200,00,10,00,2000,10,18,00,50,00, 
2021,19,PASCO,02,DANIEL ALCIDES CARRION,01,YANAHUANCA,10649,00094,11,1,2,5,23.3119047619048,1,1,1,1,1,1,QUESO,4208,120,00,MOLDE,41,1,120,00,11,50,1380,11.5,0,00,0,00, 
2021,19,PASCO,02,DANIEL ALCIDES CARRION,01,YANAHUANCA,10649,00104,12,1,2,5,23.3119047619048,1,1,1,1,1,2,QUESO,4208,144,00,MOLDE,41,1,140,00,15,00,2100,15,4,00,0,00, 
2021,19,PASCO,02,DANIEL ALCIDES CARRION,01,YANAHUANCA,10649,00104,12,1,2,5,23.3119047619048,1,1,1,2, ,1,CHARQUI,4211,6,00,KILOGRAMO,12,1,0,00, , , , ,6,00,0,00, 
2021,19,PASCO,02,DANIEL ALCIDES CARRION,01,YANAHUANCA,10649,00118,14,1,2,5,23.3119047619048,1,1,1,1,1,1,QUESO,4208,360,00,MOLDE,41,1.2,350,00,13,00,4550,10.8333,10,00,0,00, 
2021,19,PASCO,01,PASCO,06,PALLANCHACRA,10655,00054,7,1,2,5,23.3119047619048,1,1,1,1,1,1,QUESO,4208,20,00,KILOGRAMO,12,1,0,00, , , , ,10,00,10,00, 
2021,19,PASCO,01,PASCO,06,PALLANCHACRA,10658,00064,7,1,2,5,23.3119047619048,1,1,1,2, ,1,CHARQUI,4211,13,00,KILOGRAMO,12,1,0,00, , , , ,13,00,0,00, 
2021,19,PASCO,01,PASCO,06,PALLANCHACRA,10659,00027,4,1,2,5,23.3119047619048,1,1,1,2, ,1,CHARQUI,4211,6,00,KILOGRAMO,12,1,0,00, , , , ,6,00,0,00, 
2021,19,PASCO,01,PASCO,06,PALLANCHACRA,10659,00041,6,1,2,5,23.3119047619048,1,1,1,2, ,1,CHARQUI,4211,24,00,KILOGRAMO,12,1,0,00, , , , ,24,00,0,00, 
2021,19,PASCO,01,PASCO,03,HUARIACA,10662,00016,3,1,2,5,23.3119047619048,1,1,1,2, ,1,CHARQUI,4211,16,00,KILOGRAMO,12,1,0,00, , , , ,16,00,0,00, 
2021,19,PASCO,01,PASCO,03,HUARIACA,10663,00014,1,1,2,5,23.3119047619048,1,1,1,2, ,1,CHARQUI,4211,12,00,KILOGRAMO,12,1,0,00, , , , ,12,00,0,00, 
2021,19,PASCO,01,PASCO,03,HUARIACA,10663,00018,2,1,2,5,23.3119047619048,1,1,1,2, ,1,CHARQUI,4211,25,00,KILOGRAMO,12,1,0,00, , , , ,25,00,0,00, 
2021,19,PASCO,01,PASCO,03,HUARIACA,10663,00029,3,1,2,5,23.3119047619048,1,1,1,2, ,1,CHARQUI,4211,35,00,KILOGRAMO,12,1,0,00, , , , ,30,00,5,00, 
2021,19,PASCO,01,PASCO,03,HUARIACA,10663,00074,8,1,2,5,23.3119047619048,1,1,1,2, ,1,CHARQUI,4211,18,00,KILOGRAMO,12,1,0,00, , , , ,18,00,0,00, 
2021,19,PASCO,01,PASCO,03,HUARIACA,10663,00077,9,1,2,5,23.3119047619048,1,1,1,2, ,1,CHARQUI,4211,60,00,KILOGRAMO,12,1,0,00, , , , ,60,00,0,00, 
2021,19,PASCO,01,PASCO,10,TICLACAYAN,10664,00126,9,1,2,5,23.3119047619048,1,1,1,2, ,1,CHARQUI,4211,250,00,KILOGRAMO,12,1,0,00, , , , ,250,00,0,00, 
2021,19,PASCO,01,PASCO,10,TICLACAYAN,10666,00014,1,1,2,5,23.3119047619048,1,1,1,1,1,2,QUESO,4208,5,00,KILOGRAMO,12,1,0,00, , , , ,5,00,0,00, 
2021,19,PASCO,01,PASCO,10,TICLACAYAN,10666,00014,1,1,2,5,23.3119047619048,1,1,1,2, ,1,CHARQUI,4211,8,00,KILOGRAMO,12,1,0,00, , , , ,8,00,0,00, 
2021,19,PASCO,01,PASCO,10,TICLACAYAN,10666,00029,2,1,2,5,23.3119047619048,1,1,1,1,1,1,QUESO,4208,20,00,KILOGRAMO,12,1,20,00,10,00,200,10,0,00,0,00, 
2021,19,PASCO,01,PASCO,10,TICLACAYAN,10666,00029,2,1,2,5,23.3119047619048,1,1,1,2, ,2,CHARQUI,4211,16,00,KILOGRAMO,12,1,0,00, , , , ,16,00,0,00, 
2021,19,PASCO,01,PASCO,10,TICLACAYAN,10666,00042,3,1,2,5,23.3119047619048,1,1,1,2, ,1,CHARQUI,4211,40,00,KILOGRAMO,12,1,0,00, , , , ,40,00,0,00, 
2021,19,PASCO,01,PASCO,10,TICLACAYAN,10666,00042,3,1,2,5,23.3119047619048,1,1,1,1,1,2,QUESO,4208,100,00,KILOGRAMO,12,1,80,00,10,00,800,10,20,00,0,00, 
2021,19,PASCO,01,PASCO,10,TICLACAYAN,10666,00047,4,1,2,5,23.3119047619048,1,1,1,2, ,1,CHARQUI,4211,8,00,KILOGRAMO,12,1,0,00, , , , ,8,00,0,00, 
2021,19,PASCO,01,PASCO,10,TICLACAYAN,10666,00092,7,1,2,5,23.3119047619048,1,1,1,2, ,1,CHARQUI,4211,8,00,KILOGRAMO,12,1,0,00, , , , ,8,00,0,00, 
2021,19,PASCO,01,PASCO,10,TICLACAYAN,10666,00102,8,1,2,5,23.3119047619048,1,1,1,2, ,1,CHARQUI,4211,8,00,KILOGRAMO,12,1,0,00, , , , ,8,00,0,00, 
2021,19,PASCO,01,PASCO,10,TICLACAYAN,10666,00131,11,1,2,5,23.3119047619048,1,1,1,2, ,1,CHARQUI,4211,6,00,KILOGRAMO,12,1,0,00, , , , ,6,00,0,00, 
2021,19,PASCO,01,PASCO,10,TICLACAYAN,10666,00141,13,1,2,5,23.3119047619048,1,1,1,1,1,1,QUESO,4208,20,00,KILOGRAMO,12,1,15,00,10,00,150,10,5,00,0,00, 
2021,19,PASCO,01,PASCO,10,TICLACAYAN,10666,00141,13,1,2,5,23.3119047619048,1,1,1,2, ,2,CHARQUI,4211,32,00,KILOGRAMO,12,1,0,00, , , , ,32,00,0,00, 
2021,19,PASCO,01,PASCO,10,TICLACAYAN,10666,00146,14,1,2,5,23.3119047619048,1,1,1,2, ,1,CHARQUI,4211,24,00,KILOGRAMO,12,1,0,00, , , , ,24,00,0,00, 
2021,19,PASCO,01,PASCO,10,TICLACAYAN,10670,00002,1,1,2,5,23.3119047619048,1,1,1,1,1,1,QUESO,4208,274,00,KILOGRAMO,12,1,220,00,12,00,2640,12,54,00,0,00, 
2021,19,PASCO,01,PASCO,10,TICLACAYAN,10670,00020,4,1,2,5,23.3119047619048,1,1,1,2, ,1,CHARQUI,4211,10,00,KILOGRAMO,12,1,0,00, , , , ,10,00,0,00, 
2021,19,PASCO,01,PASCO,10,TICLACAYAN,10670,00032,5,1,2,5,23.3119047619048,1,1,1,1,1,1,QUESO,4208,505,00,KILOGRAMO,12,1,500,00,10,00,5000,10,5,00,0,00, 
2021,19,PASCO,01,PASCO,10,TICLACAYAN,10670,00053,8,1,2,5,23.3119047619048,1,1,1,1,1,1,QUESO,4208,105,00,KILOGRAMO,12,1,53,00,10,00,530,10,52,00,0,00, 
2021,19,PASCO,01,PASCO,10,TICLACAYAN,10670,00064,9,1,2,5,23.3119047619048,1,1,1,1,1,1,QUESO,4208,50,00,KILOGRAMO,12,1,44,00,7,00,308,7,6,00,0,00, 
2021,19,PASCO,01,PASCO,10,TICLACAYAN,10670,00078,10,1,2,5,23.3119047619048,1,1,1,1,1,1,QUESO,4208,45,00,KILOGRAMO,12,1,45,00,10,00,450,10,0,00,0,00, 
2021,19,PASCO,01,PASCO,10,TICLACAYAN,10670,00090,11,1,2,5,23.3119047619048,1,1,1,1,1,2,QUESO,4208,150,00,KILOGRAMO,12,1,150,00,10,00,1500,10,0,00,0,00, 
2021,19,PASCO,01,PASCO,10,TICLACAYAN,10670,00090,11,1,2,5,23.3119047619048,1,1,1,2, ,1,CHARQUI,4211,6,00,KILOGRAMO,12,1,0,00, , , , ,6,00,0,00, 
2021,19,PASCO,01,PASCO,10,TICLACAYAN,10670,00094,12,1,2,5,23.3119047619048,1,1,1,2, ,1,CHARQUI,4211,11,00,KILOGRAMO,12,1,0,00, , , , ,11,00,0,00, 
2021,19,PASCO,01,PASCO,10,TICLACAYAN,10670,00103,13,1,2,5,23.3119047619048,1,1,1,1,1,1,QUESO,4208,142,00,KILOGRAMO,12,1,130,00,10,00,1300,10,12,00,0,00, 
2021,19,PASCO,01,PASCO,10,TICLACAYAN,10670,00107,14,1,2,5,23.3119047619048,1,1,1,1,1,2,QUESO,4208,405,00,KILOGRAMO,12,1,405,00,10,00,4050,10,0,00,0,00, 
2021,19,PASCO,01,PASCO,10,TICLACAYAN,10670,00107,14,1,2,5,23.3119047619048,1,1,1,2, ,1,CHARQUI,4211,24,00,KILOGRAMO,12,1,0,00, , , , ,24,00,0,00, 
2021,19,PASCO,01,PASCO,02,HUACHON,10672,00001,1,1,2,5,23.3119047619048,1,1,1,2, ,1,CHARQUI,4211,9,00,KILOGRAMO,12,1,0,00, , , , ,9,00,0,00, 
2021,19,PASCO,01,PASCO,02,HUACHON,10675,00004,1,1,2,5,23.3119047619048,1,1,1,1, ,1,CHARQUI,4211,10,00,KILOGRAMO,12,1,0,00, , , , ,10,00,0,00, 
2021,19,PASCO,01,PASCO,02,HUACHON,10675,00093,9,1,2,5,23.3119047619048,1,1,1,1, ,1,CHARQUI,4211,25,00,KILOGRAMO,12,1,0,00, , , , ,25,00,0,00, 
2021,19,PASCO,01,PASCO,02,HUACHON,10678,00034,2,1,2,5,23.3119047619048,1,1,1,1, ,1,CHARQUI,4211,40,00,KILOGRAMO,12,1,0,00, , , , ,20,00,20,00, 
2021,19,PASCO,01,PASCO,02,HUACHON,10678,00062,6,1,2,5,23.3119047619048,1,1,1,2, ,1,CHARQUI,4211,8,00,KILOGRAMO,12,1,0,00, , , , ,8,00,0,00, 
2021,19,PASCO,01,PASCO,02,HUACHON,10678,00063,7,1,2,5,23.3119047619048,1,1,1,2, ,1,CHARQUI,4211,10,00,KILOGRAMO,12,1,0,00, , , , ,10,00,0,00, 
2021,19,PASCO,01,PASCO,07,PAUCARTAMBO,10679,00025,3,1,2,5,25.1051282051282,1,1,1,2, ,1,CHARQUI,4211,20,00,KILOGRAMO,12,1,0,00, , , , ,20,00,0,00, 
2021,19,PASCO,01,PASCO,07,PAUCARTAMBO,10679,00041,5,1,2,5,25.1051282051282,1,1,1,2, ,1,CHARQUI,4211,24,00,KILOGRAMO,12,1,0,00, , , , ,24,00,0,00, 
2021,19,PASCO,01,PASCO,07,PAUCARTAMBO,10682,00007,2,1,2,5,23.3119047619048,1,1,1,2, ,1,CHARQUI,4211,7,00,KILOGRAMO,12,1,0,00, , , , ,7,00,0,00, 
2021,19,PASCO,01,PASCO,07,PAUCARTAMBO,10690,00004,1,1,2,5,25.1051282051282,1,1,1,1,1,1,QUESO,4208,46,71,MOLDE,41,.7,0,00, , , , ,40,71,6,00, 
2021,19,PASCO,01,PASCO,07,PAUCARTAMBO,10692,00097,7,1,2,5,25.1051282051282,1,1,1,2, ,1,CHARQUI,4211,14,00,KILOGRAMO,12,1,0,00, , , , ,14,00,0,00, 
2021,19,PASCO,01,PASCO,07,PAUCARTAMBO,10695,00007,1,1,2,5,27.1972222222222,1,1,1,2, ,1,CHARQUI,4211,15,00,KILOGRAMO,12,1,0,00, , , , ,15,00,0,00, 
2021,19,PASCO,01,PASCO,07,PAUCARTAMBO,10701,00066,9,1,2,5,23.3119047619048,1,1,1,2, ,1,CHARQUI,4211,5,00,KILOGRAMO,12,1,0,00, , , , ,5,00,0,00, 
2021,19,PASCO,01,PASCO,07,PAUCARTAMBO,10705,00073,10,1,2,5,23.3119047619048,1,1,1,2, ,1,CHARQUI,4211,8,00,KILOGRAMO,12,1,0,00, , , , ,8,00,0,00, 
2021,19,PASCO,01,PASCO,07,PAUCARTAMBO,10705,00078,11,1,2,5,23.3119047619048,1,1,1,2, ,1,CHARQUI,4211,7,00,KILOGRAMO,12,1,0,00, , , , ,7,00,0,00, 
2021,19,PASCO,01,PASCO,07,PAUCARTAMBO,10706,00039,5,1,2,5,23.3119047619048,1,1,1,2, ,1,CHARQUI,4211,6,00,KILOGRAMO,12,1,0,00, , , , ,6,00,0,00, 
2021,19,PASCO,01,PASCO,07,PAUCARTAMBO,10706,00103,11,1,2,5,23.3119047619048,1,1,1,2, ,1,CHARQUI,4211,16,00,KILOGRAMO,12,1,0,00, , , , ,16,00,0,00, 
2021,19,PASCO,01,PASCO,05,NINACACA,10712,00024,5,1,2,5,23.3119047619048,1,1,1,2, ,1,CHARQUI,4211,6,00,KILOGRAMO,12,1,0,00, , , , ,6,00,0,00, 
2021,19,PASCO,01,PASCO,05,NINACACA,10712,00084,14,1,2,5,23.3119047619048,1,1,1,"2,5", ,1,CHARQUI,4211,32,00,KILOGRAMO,12,1,0,00, , , , ,32,00,0,00, 
2021,19,PASCO,01,PASCO,05,NINACACA,10713,00022,5,1,2,5,23.3119047619048,1,1,1,1,1,1,QUESO,4208,72,00,MOLDE,41,.8,72,00,12,00,864,15,0,00,0,00, 
2021,19,PASCO,01,PASCO,05,NINACACA,10713,00025,6,1,2,5,23.3119047619048,1,1,1,2, ,1,CHARQUI,4211,4,00,KILOGRAMO,12,1,0,00, , , , ,4,00,0,00, 
2021,19,PASCO,01,PASCO,05,NINACACA,10713,00074,10,1,2,5,23.3119047619048,1,1,1,"5,6", ,1,CHARQUI,4211,90,00,KILOGRAMO,12,1,0,00, , , , ,90,00,0,00, 
2021,19,PASCO,01,PASCO,05,NINACACA,10713,00084,11,1,2,5,23.3119047619048,1,1,1,6, ,1,CHARQUI,4211,10,00,KILOGRAMO,12,1,0,00, , , , ,10,00,0,00, 
2021,19,PASCO,01,PASCO,05,NINACACA,10713,00085,12,1,2,5,23.3119047619048,1,1,1,1,1,2,QUESO,4208,162,00,MOLDE,41,.8,150,00,12,00,1800,15,12,00,0,00, 
2021,19,PASCO,01,PASCO,05,NINACACA,10713,00085,12,1,2,5,23.3119047619048,1,1,1,"2,5", ,1,CHARQUI,4211,100,00,KILOGRAMO,12,1,0,00, , , , ,100,00,0,00, 
2021,19,PASCO,01,PASCO,05,NINACACA,10713,00096,13,1,2,5,23.3119047619048,1,0,1,5, ,1,CHARQUI,4211,10,00,KILOGRAMO,12,1,0,00, , , , ,10,00,0,00, 
2021,19,PASCO,01,PASCO,05,NINACACA,10714,00008,1,1,2,5,23.3119047619048,1,1,1,5, ,1,CHARQUI,4211,30,00,KILOGRAMO,12,1,0,00, , , , ,25,00,5,00, 
2021,19,PASCO,01,PASCO,05,NINACACA,10714,00008,1,1,2,5,23.3119047619048,1,1,1,1,1,2,QUESO,4208,292,00,UNIDAD,24,1,267,00,12,00,3204,12,20,00,5,00, 
2021,19,PASCO,01,PASCO,05,NINACACA,10714,00016,2,1,2,5,23.3119047619048,1,1,1,"2,6", ,1,CHARQUI,4211,18,00,KILOGRAMO,12,1,0,00, , , , ,10,00,8,00, 
2021,19,PASCO,01,PASCO,05,NINACACA,10714,00024,3,1,2,5,23.3119047619048,1,1,1,2, ,1,CHARQUI,4211,8,00,KILOGRAMO,12,1,0,00, , , , ,8,00,0,00, 
2021,19,PASCO,01,PASCO,05,NINACACA,10714,00037,4,1,2,5,23.3119047619048,1,0,1,6, ,1,CHARQUI,4211,10,00,KILOGRAMO,12,1,0,00, , , , ,10,00,0,00, 
2021,19,PASCO,01,PASCO,05,NINACACA,10714,00043,5,1,2,5,23.3119047619048,1,1,1,2, ,1,CHARQUI,4211,20,00,KILOGRAMO,12,1,0,00, , , , ,15,00,5,00, 
2021,19,PASCO,01,PASCO,05,NINACACA,10714,00044,6,1,2,5,23.3119047619048,1,1,1,"2,5", ,1,CHARQUI,4211,23,00,KILOGRAMO,12,1,0,00, , , , ,13,00,10,00, 
2021,19,PASCO,01,PASCO,05,NINACACA,10714,00070,7,1,2,5,23.3119047619048,1,1,1,1,1,2,QUESO,4208,690,00,KILOGRAMO,12,1,620,00,12,00,7440,12,40,00,30,00, 
2021,19,PASCO,01,PASCO,05,NINACACA,10714,00070,7,1,2,5,23.3119047619048,1,1,1,5, ,1,CHARQUI,4211,15,00,KILOGRAMO,12,1,0,00, , , , ,15,00,0,00, 
2021,19,PASCO,01,PASCO,05,NINACACA,10714,00071,8,1,2,5,23.3119047619048,1,1,1,2, ,1,CHARQUI,4211,10,00,KILOGRAMO,12,1,0,00, , , , ,10,00,0,00, 
2021,19,PASCO,01,PASCO,05,NINACACA,10714,00077,9,1,2,5,23.3119047619048,1,1,1,2, ,1,CHARQUI,4211,6,00,KILOGRAMO,12,1,0,00, , , , ,6,00,0,00, 
2021,19,PASCO,01,PASCO,05,NINACACA,10714,00093,10,1,2,5,23.3119047619048,1,1,1,"2,6", ,1,CHARQUI,4211,17,00,KILOGRAMO,12,1,0,00, , , , ,10,00,7,00, 
2021,19,PASCO,01,PASCO,05,NINACACA,10714,00112,11,1,2,5,23.3119047619048,1,1,1,"2,5", ,1,CHARQUI,4211,22,00,KILOGRAMO,12,1,0,00, , , , ,22,00,0,00, 
2021,19,PASCO,01,PASCO,05,NINACACA,10714,00113,12,1,2,5,23.3119047619048,1,1,1,2, ,1,CHARQUI,4211,10,00,KILOGRAMO,12,1,0,00, , , , ,10,00,0,00, 
2021,19,PASCO,01,PASCO,05,NINACACA,10714,00131,13,1,2,5,23.3119047619048,1,1,1,2, ,1,CHARQUI,4211,10,00,KILOGRAMO,12,1,0,00, , , , ,8,00,2,00, 
2021,19,PASCO,01,PASCO,05,NINACACA,10714,00134,14,1,2,5,23.3119047619048,1,1,1,2, ,2,CHARQUI,4211,16,00,KILOGRAMO,12,1,0,00, , , , ,16,00,0,00, 
2021,19,PASCO,01,PASCO,05,NINACACA,10714,00134,14,1,2,5,23.3119047619048,1,1,1,1,1,1,QUESO,4208,200,00,UNIDAD,24,.7,180,00,10,00,1800,14.2857,20,00,0,00, 
2021,19,PASCO,01,PASCO,13,YANACANCHA,10720,00009,1,1,2,5,23.3119047619048,1,1,1,"2,5", ,1,CHARQUI,4211,16,00,KILOGRAMO,12,1,0,00, , , , ,16,00,0,00, 
2021,19,PASCO,01,PASCO,13,YANACANCHA,10720,00035,3,1,2,5,23.3119047619048,1,1,1,1,1,1,QUESO,4208,228,00,KILOGRAMO,12,1,200,00,10,00,2000,10,28,00,0,00, 
2021,19,PASCO,01,PASCO,13,YANACANCHA,10720,00047,4,1,2,5,23.3119047619048,1,1,1,2, ,2,CHARQUI,4211,7,00,KILOGRAMO,12,1,0,00, , , , ,7,00,0,00, 
2021,19,PASCO,01,PASCO,13,YANACANCHA,10720,00047,4,1,2,5,23.3119047619048,1,1,1,1,1,1,QUESO,4208,12,00,UNIDAD,24,.06,10,00,1,00,10,16.67,2,00,0,00, 
2021,19,PASCO,01,PASCO,13,YANACANCHA,10720,00072,5,1,2,5,23.3119047619048,1,1,1,1,1,1,QUESO,4208,17,50,UNIDAD,24,.5,0,00, , , , ,17,50,0,00, 
2021,19,PASCO,01,PASCO,13,YANACANCHA,10720,00072,5,1,2,5,23.3119047619048,1,1,1,2, ,2,CHARQUI,4211,30,00,KILOGRAMO,12,1,0,00, , , , ,30,00,0,00, 
2021,19,PASCO,01,PASCO,13,YANACANCHA,10720,00074,6,1,2,5,23.3119047619048,1,1,1,1,1,1,QUESO,4208,80,00,UNIDAD,24,.8,70,00,10,00,700,12.5,10,00,0,00, 
2021,19,PASCO,01,PASCO,13,YANACANCHA,10720,00077,7,1,2,5,23.3119047619048,1,1,1,2, ,2,CHARQUI,4211,3,00,KILOGRAMO,12,1,0,00, , , , ,3,00,0,00, 
2021,19,PASCO,01,PASCO,13,YANACANCHA,10720,00077,7,1,2,5,23.3119047619048,1,1,1,1,1,1,QUESO,4208,180,00,UNIDAD,24,1,150,00,10,00,1500,10,30,00,0,00, 
2021,19,PASCO,01,PASCO,13,YANACANCHA,10720,00123,12,1,2,5,23.3119047619048,1,1,1,2, ,1,CHARQUI,4211,30,00,KILOGRAMO,12,1,0,00, , , , ,30,00,0,00, 
2021,19,PASCO,01,PASCO,13,YANACANCHA,10720,00123,12,1,2,5,23.3119047619048,1,1,1,1,1,2,QUESO,4208,40,00,KILOGRAMO,12,1,20,00,15,00,300,15,20,00,0,00, 
2021,19,PASCO,01,PASCO,13,YANACANCHA,10720,00136,14,1,2,5,23.3119047619048,1,1,1,1,1,2,QUESO,4208,12,00,UNIDAD,24,.08,0,00, , , , ,12,00,0,00, 
2021,19,PASCO,01,PASCO,13,YANACANCHA,10720,00136,14,1,2,5,23.3119047619048,1,1,1,"1,2", ,1,CHARQUI,4211,60,00,KILOGRAMO,12,1,0,00, , , , ,60,00,0,00, 
2021,19,PASCO,01,PASCO,13,YANACANCHA,10722,00048,7,1,2,5,23.3119047619048,1,1,1,1,1,1,QUESO,4208,50,00,KILOGRAMO,12,1,30,00,20,00,600,20,20,00,0,00, 
2021,19,PASCO,01,PASCO,08,SAN FRANCISCO DE ASIS DE YARUSYACAN,10723,00002,2,1,2,5,23.3119047619048,1,1,1,2, ,1,CHARQUI,4211,25,00,KILOGRAMO,12,1,0,00, , , , ,25,00,0,00, 
2021,19,PASCO,01,PASCO,08,SAN FRANCISCO DE ASIS DE YARUSYACAN,10723,00057,5,1,2,5,23.3119047619048,1,1,1,2, ,1,CHARQUI,4211,6,00,KILOGRAMO,12,1,0,00, , , , ,6,00,0,00, 
2021,19,PASCO,01,PASCO,08,SAN FRANCISCO DE ASIS DE YARUSYACAN,10723,00099,9,1,2,5,23.3119047619048,1,1,1,2, ,1,CHARQUI,4211,30,00,KILOGRAMO,12,1,0,00, , , , ,30,00,0,00, 
2021,19,PASCO,01,PASCO,08,SAN FRANCISCO DE ASIS DE YARUSYACAN,10723,00123,11,1,2,5,23.3119047619048,1,1,1,2, ,1,CHARQUI,4211,6,00,KILOGRAMO,12,1,0,00, , , , ,6,00,0,00, 
2021,19,PASCO,01,PASCO,08,SAN FRANCISCO DE ASIS DE YARUSYACAN,10723,00149,13,1,2,5,23.3119047619048,1,1,1,2, ,1,CHARQUI,4211,5,00,KILOGRAMO,12,1,0,00, , , , ,5,00,0,00, 
2021,19,PASCO,01,PASCO,08,SAN FRANCISCO DE ASIS DE YARUSYACAN,10723,00165,14,1,2,5,23.3119047619048,1,1,1,2, ,1,CHARQUI,4211,5,00,KILOGRAMO,12,1,0,00, , , , ,5,00,0,00, 
2021,19,PASCO,01,PASCO,08,SAN FRANCISCO DE ASIS DE YARUSYACAN,10728,00061,7,1,2,5,23.3119047619048,1,1,1,2, ,1,CHARQUI,4211,8,00,KILOGRAMO,12,1,0,00, , , , ,8,00,0,00, 
2021,19,PASCO,01,PASCO,08,SAN FRANCISCO DE ASIS DE YARUSYACAN,10731,00012,1,1,2,5,23.3119047619048,1,1,1,2, ,1,CHARQUI,4211,10,00,KILOGRAMO,12,1,0,00, , , , ,10,00,0,00, 
2021,19,PASCO,01,PASCO,08,SAN FRANCISCO DE ASIS DE YARUSYACAN,10731,00013,2,1,2,5,23.3119047619048,1,1,1,6, ,1,CHARQUI,4211,6,00,KILOGRAMO,12,1,0,00, , , , ,6,00,0,00, 
2021,19,PASCO,01,PASCO,08,SAN FRANCISCO DE ASIS DE YARUSYACAN,10731,00031,3,1,2,5,23.3119047619048,1,1,1,2, ,1,CHARQUI,4211,8,00,KILOGRAMO,12,1,0,00, , , , ,8,00,0,00, 
2021,19,PASCO,01,PASCO,08,SAN FRANCISCO DE ASIS DE YARUSYACAN,10731,00043,5,1,2,5,23.3119047619048,1,1,1,2, ,1,CHARQUI,4211,8,00,KILOGRAMO,12,1,0,00, , , , ,8,00,0,00, 
2021,19,PASCO,01,PASCO,08,SAN FRANCISCO DE ASIS DE YARUSYACAN,10731,00060,6,1,2,5,23.3119047619048,1,1,1,6, ,1,CHARQUI,4211,6,00,KILOGRAMO,12,1,0,00, , , , ,6,00,0,00, 
2021,19,PASCO,01,PASCO,08,SAN FRANCISCO DE ASIS DE YARUSYACAN,10731,00069,7,1,2,5,23.3119047619048,1,1,1,2, ,1,CHARQUI,4211,8,00,KILOGRAMO,12,1,0,00, , , , ,5,00,3,00, 
2021,19,PASCO,01,PASCO,08,SAN FRANCISCO DE ASIS DE YARUSYACAN,10731,00085,8,1,2,5,23.3119047619048,1,1,1,2, ,1,CHARQUI,4211,4,50,KILOGRAMO,12,1,0,00, , , , ,4,50,0,00, 
2021,19,PASCO,01,PASCO,08,SAN FRANCISCO DE ASIS DE YARUSYACAN,10731,00106,9,1,2,5,23.3119047619048,1,1,1,2, ,1,CHARQUI,4211,8,00,KILOGRAMO,12,1,0,00, , , , ,6,00,2,00, 
2021,19,PASCO,01,PASCO,08,SAN FRANCISCO DE ASIS DE YARUSYACAN,10731,00113,11,1,2,5,23.3119047619048,1,1,1,2, ,1,CHARQUI,4211,8,00,KILOGRAMO,12,1,0,00, , , , ,8,00,0,00, 
2021,19,PASCO,01,PASCO,08,SAN FRANCISCO DE ASIS DE YARUSYACAN,10731,00118,12,1,2,5,23.3119047619048,1,1,1,2, ,2,CHARQUI,4211,14,00,KILOGRAMO,12,1,0,00, , , , ,14,00,0,00, 
2021,19,PASCO,01,PASCO,08,SAN FRANCISCO DE ASIS DE YARUSYACAN,10731,00118,12,1,2,5,23.3119047619048,1,1,1,1,1,1,QUESO,4208,10,00,UNIDAD,24,1,5,00,15,00,75,15,5,00,0,00, 
2021,19,PASCO,01,PASCO,08,SAN FRANCISCO DE ASIS DE YARUSYACAN,10731,00125,13,1,2,5,23.3119047619048,1,1,1,2, ,1,CHARQUI,4211,8,00,KILOGRAMO,12,1,0,00, , , , ,6,00,2,00, 
2021,19,PASCO,01,PASCO,08,SAN FRANCISCO DE ASIS DE YARUSYACAN,10732,00029,3,1,2,5,23.3119047619048,1,1,1,2, ,1,CHARQUI,4211,105,00,KILOGRAMO,12,1,0,00, , , , ,105,00,0,00, 
2021,19,PASCO,01,PASCO,08,SAN FRANCISCO DE ASIS DE YARUSYACAN,10732,00064,7,1,2,5,23.3119047619048,1,1,1,2, ,1,CHARQUI,4211,20,25,KILOGRAMO,12,1,0,00, , , , ,20,25,0,00, 
2021,19,PASCO,01,PASCO,08,SAN FRANCISCO DE ASIS DE YARUSYACAN,10732,00080,10,1,2,5,23.3119047619048,1,1,1,2, ,1,CHARQUI,4211,35,00,KILOGRAMO,12,1,0,00, , , , ,35,00,0,00, 
2021,19,PASCO,01,PASCO,09,SIMON BOLIVAR,10735,00028,3,1,2,5,23.3119047619048,1,1,1,6, ,1,CHARQUI,4211,15,00,KILOGRAMO,12,1,0,00, , , , ,15,00,0,00, 
2021,19,PASCO,01,PASCO,09,SIMON BOLIVAR,10735,00044,4,1,2,5,23.3119047619048,1,1,1,2, ,1,CHARQUI,4211,70,00,KILOGRAMO,12,1,35,00,28,00,980,28,35,00,0,00, 
2021,19,PASCO,01,PASCO,09,SIMON BOLIVAR,10735,00059,6,1,2,5,23.3119047619048,1,0,1,2, ,1,CHARQUI,4211,8,00,KILOGRAMO,12,1,0,00, , , , ,8,00,0,00, 
2021,19,PASCO,01,PASCO,09,SIMON BOLIVAR,10735,00060,7,1,2,5,23.3119047619048,1,1,1,2, ,1,CHARQUI,4211,21,00,KILOGRAMO,12,1,0,00, , , , ,21,00,0,00, 
2021,19,PASCO,01,PASCO,09,SIMON BOLIVAR,10735,00072,8,1,2,5,23.3119047619048,1,1,1,2, ,1,CHARQUI,4211,70,00,KILOGRAMO,12,1,0,00, , , , ,70,00,0,00, 
2021,19,PASCO,01,PASCO,09,SIMON BOLIVAR,10735,00089,10,1,2,5,23.3119047619048,1,0,1,"2,6", ,1,CHARQUI,4211,50,00,KILOGRAMO,12,1,0,00, , , , ,50,00,0,00, 
2021,19,PASCO,01,PASCO,09,SIMON BOLIVAR,10735,00107,11,1,2,5,23.3119047619048,1,1,1,2, ,1,CHARQUI,4211,12,50,KILOGRAMO,12,1,0,00, , , , ,12,50,0,00, 
2021,19,PASCO,01,PASCO,09,SIMON BOLIVAR,10735,00126,13,1,2,5,23.3119047619048,1,1,1,"2,5", ,1,CHARQUI,4211,35,00,KILOGRAMO,12,1,0,00, , , , ,35,00,0,00, 
2021,19,PASCO,01,PASCO,09,SIMON BOLIVAR,10736,00008,1,1,2,5,23.3119047619048,1,0,1,2, ,1,CHARQUI,4211,8,00,KILOGRAMO,12,1,0,00, , , , ,8,00,0,00, 
2021,19,PASCO,01,PASCO,09,SIMON BOLIVAR,10736,00024,2,1,2,5,23.3119047619048,1,0,1,2, ,1,CHARQUI,4211,24,00,KILOGRAMO,12,1,0,00, , , , ,24,00,0,00, 
2021,19,PASCO,01,PASCO,09,SIMON BOLIVAR,10736,00036,3,1,2,5,23.3119047619048,1,0,1,6, ,1,CHARQUI,4211,2,00,KILOGRAMO,12,1,0,00, , , , ,2,00,0,00, 
2021,19,PASCO,01,PASCO,09,SIMON BOLIVAR,10736,00060,4,1,2,5,23.3119047619048,1,1,1,"2,6", ,1,CHARQUI,4211,27,00,KILOGRAMO,12,1,3,00,28,00,84,28,24,00,0,00, 
2021,19,PASCO,01,PASCO,09,SIMON BOLIVAR,10736,00075,5,1,2,5,23.3119047619048,1,1,1,1,1,1,QUESO,4208,10,00,UNIDAD,24,.5,0,00, , , , ,10,00,0,00, 
2021,19,PASCO,01,PASCO,09,SIMON BOLIVAR,10736,00077,6,1,2,5,23.3119047619048,1,1,1,"2,5", ,1,CHARQUI,4211,76,00,KILOGRAMO,12,1,0,00, , , , ,76,00,0,00, 
2021,19,PASCO,01,PASCO,09,SIMON BOLIVAR,10736,00146,10,1,2,5,23.3119047619048,1,1,1,1,1,2,REQUESON,4209,200,00,UNIDAD,24,1,190,00,9,00,1710,9,10,00,0,00, 
2021,19,PASCO,01,PASCO,09,SIMON BOLIVAR,10736,00146,10,1,2,5,23.3119047619048,1,1,1,1,1,1,QUESO,4208,500,00,UNIDAD,24,1,480,00,14,00,6720,14,10,00,10,00, 
2021,19,PASCO,01,PASCO,12,VICCO,10742,00028,3,1,2,5,25.1051282051282,1,1,1,2, ,1,CHARQUI,4211,15,00,KILOGRAMO,12,1,0,00, , , , ,15,00,0,00, 
2021,19,PASCO,01,PASCO,12,VICCO,10742,00073,7,1,2,5,25.1051282051282,1,1,1,2, ,1,CHARQUI,4211,8,00,KILOGRAMO,12,1,0,00, , , , ,8,00,0,00, 
2021,19,PASCO,01,PASCO,12,VICCO,10742,00087,8,1,2,5,25.1051282051282,1,1,1,2, ,1,CHARQUI,4211,10,00,KILOGRAMO,12,1,0,00, , , , ,10,00,0,00, 
2021,19,PASCO,01,PASCO,12,VICCO,10742,00102,9,1,2,5,25.1051282051282,1,0,1,2, ,1,CHARQUI,4211,10,00,KILOGRAMO,12,1,0,00, , , , ,10,00,0,00, 
2021,19,PASCO,01,PASCO,12,VICCO,10742,00140,12,1,2,5,25.1051282051282,1,1,1,"2,6", ,1,CHARQUI,4211,100,00,KILOGRAMO,12,1,0,00, , , , ,100,00,0,00, 
2021,19,PASCO,01,PASCO,12,VICCO,10742,00157,14,1,2,5,25.1051282051282,1,0,1,2, ,1,CHARQUI,4211,15,00,KILOGRAMO,12,1,0,00, , , , ,15,00,0,00, 
2021,19,PASCO,01,PASCO,04,HUAYLLAY,10743,00001,1,1,2,5,25.1051282051282,1,0,1,5, ,1,CHARQUI,4211,80,00,KILOGRAMO,12,1,0,00, , , , ,80,00,0,00, 
2021,19,PASCO,01,PASCO,04,HUAYLLAY,10743,00015,2,1,2,5,25.1051282051282,1,0,1,"2,5", ,1,CHARQUI,4211,120,00,KILOGRAMO,12,1,0,00, , , , ,120,00,0,00, 
2021,19,PASCO,01,PASCO,04,HUAYLLAY,10743,00026,3,1,2,5,25.1051282051282,1,0,1,"2,6", ,1,CHARQUI,4211,90,00,KILOGRAMO,12,1,0,00, , , , ,90,00,0,00, 
2021,19,PASCO,01,PASCO,04,HUAYLLAY,10743,00039,4,1,2,5,25.1051282051282,1,0,1,"2,6", ,1,CHARQUI,4211,60,00,KILOGRAMO,12,1,0,00, , , , ,60,00,0,00, 
2021,19,PASCO,01,PASCO,04,HUAYLLAY,10743,00053,5,1,2,5,25.1051282051282,1,0,1,"5,6", ,1,CHARQUI,4211,110,00,KILOGRAMO,12,1,0,00, , , , ,110,00,0,00, 
2021,19,PASCO,01,PASCO,04,HUAYLLAY,10743,00064,6,1,2,5,25.1051282051282,1,0,1,5, ,1,CHARQUI,4211,75,00,KILOGRAMO,12,1,0,00, , , , ,75,00,0,00, 
2021,19,PASCO,01,PASCO,04,HUAYLLAY,10743,00077,7,1,2,5,25.1051282051282,1,0,1,"2,6", ,1,CHARQUI,4211,250,00,KILOGRAMO,12,1,0,00, , , , ,250,00,0,00, 
2021,19,PASCO,01,PASCO,04,HUAYLLAY,10743,00089,8,1,2,5,25.1051282051282,1,0,1,"2,5", ,1,CHARQUI,4211,60,00,KILOGRAMO,12,1,0,00, , , , ,60,00,0,00, 
2021,19,PASCO,01,PASCO,04,HUAYLLAY,10743,00102,9,1,2,5,25.1051282051282,1,0,1,2, ,1,CHARQUI,4211,100,00,KILOGRAMO,12,1,0,00, , , , ,100,00,0,00, 
2021,19,PASCO,01,PASCO,04,HUAYLLAY,10743,00131,11,1,2,5,25.1051282051282,1,0,1,1,1,1,QUESO,4208,200,00,UNIDAD,24,1,150,00,12,00,1800,12,50,00,0,00, 
2021,19,PASCO,01,PASCO,04,HUAYLLAY,10743,00131,11,1,2,5,25.1051282051282,1,0,1,"1,2", ,2,CHARQUI,4211,130,00,KILOGRAMO,12,1,0,00, , , , ,130,00,0,00, 
2021,19,PASCO,01,PASCO,04,HUAYLLAY,10743,00144,12,1,2,5,25.1051282051282,1,0,1,"2,5", ,1,CHARQUI,4211,110,00,KILOGRAMO,12,1,0,00, , , , ,110,00,0,00, 
2021,19,PASCO,01,PASCO,04,HUAYLLAY,10743,00157,13,1,2,5,25.1051282051282,1,0,1,6, ,1,CHARQUI,4211,30,00,KILOGRAMO,12,1,0,00, , , , ,30,00,0,00, 
2021,19,PASCO,01,PASCO,04,HUAYLLAY,10743,00170,14,1,2,5,25.1051282051282,1,0,1,"2,6", ,1,CHARQUI,4211,50,00,KILOGRAMO,12,1,0,00, , , , ,50,00,0,00, 
2021,19,PASCO,01,PASCO,04,HUAYLLAY,10746,00012,1,1,2,5,29.669696969697,1,0,1,"2,6", ,1,CHARQUI,4211,26,00,KILOGRAMO,12,1,0,00, , , , ,20,00,6,00, 
2021,19,PASCO,01,PASCO,04,HUAYLLAY,10746,00025,2,1,2,5,29.669696969697,1,0,1,"2,5,6", ,1,CHARQUI,4211,40,00,KILOGRAMO,12,1,0,00, , , , ,30,00,10,00, 
2021,19,PASCO,01,PASCO,04,HUAYLLAY,10746,00038,3,1,2,5,29.669696969697,1,0,1,"2,6", ,1,CHARQUI,4211,45,00,KILOGRAMO,12,1,0,00, , , , ,45,00,0,00, 
2021,19,PASCO,01,PASCO,04,HUAYLLAY,10746,00103,8,1,2,5,29.669696969697,1,0,1,"2,6", ,1,CHARQUI,4211,26,00,KILOGRAMO,12,1,0,00, , , , ,20,00,6,00, 
2021,19,PASCO,01,PASCO,04,HUAYLLAY,10746,00116,9,1,2,5,29.669696969697,1,0,1,"2,6", ,1,CHARQUI,4211,14,00,KILOGRAMO,12,1,0,00, , , , ,2,00,12,00, 
2021,19,PASCO,01,PASCO,04,HUAYLLAY,10746,00129,10,1,2,5,29.669696969697,1,0,1,"2,5", ,1,CHARQUI,4211,20,00,KILOGRAMO,12,1,0,00, , , , ,20,00,0,00, 
2021,19,PASCO,01,PASCO,04,HUAYLLAY,10746,00143,11,1,2,5,29.669696969697,1,0,1,"2,6", ,1,CHARQUI,4211,31,00,KILOGRAMO,12,1,0,00, , , , ,31,00,0,00, 
2021,19,PASCO,01,PASCO,04,HUAYLLAY,10746,00156,12,1,2,5,29.669696969697,1,0,1,2, ,1,CHARQUI,4211,12,00,KILOGRAMO,12,1,0,00, , , , ,12,00,0,00, 
2021,19,PASCO,01,PASCO,04,HUAYLLAY,10746,00169,13,1,2,5,29.669696969697,1,0,1,2, ,1,CHARQUI,4211,12,00,KILOGRAMO,12,1,0,00, , , , ,12,00,0,00, 
2021,19,PASCO,01,PASCO,04,HUAYLLAY,10747,00037,3,1,2,5,23.3119047619048,1,0,1,2, ,1,CHARQUI,4211,9,00,KILOGRAMO,12,1,0,00, , , , ,9,00,0,00, 
2021,19,PASCO,01,PASCO,04,HUAYLLAY,10747,00069,5,1,2,5,23.3119047619048,1,0,1,5, ,1,CHARQUI,4211,3,00,KILOGRAMO,12,1,0,00, , , , ,3,00,0,00, 
2021,19,PASCO,01,PASCO,04,HUAYLLAY,10747,00118,8,1,2,5,23.3119047619048,1,0,1,2, ,1,CHARQUI,4211,2,50,KILOGRAMO,12,1,0,00, , , , ,2,50,0,00, 
2021,19,PASCO,01,PASCO,04,HUAYLLAY,10747,00134,9,1,2,5,23.3119047619048,1,0,1,5, ,1,CHARQUI,4211,12,00,KILOGRAMO,12,1,0,00, , , , ,12,00,0,00, 
2021,19,PASCO,01,PASCO,04,HUAYLLAY,10747,00214,14,1,2,5,23.3119047619048,1,0,1,5, ,1,CHARQUI,4211,3,00,KILOGRAMO,12,1,0,00, , , , ,3,00,0,00, 
2021,19,PASCO,03,OXAPAMPA,04,PALCAZU,10765,00113,13,1,3,7,47.9642857142857,1,1,1,1,1,1,QUESO,4208,33,00,UNIDAD,24,.7,13,00,8,00,104,11.4286,20,00,0,00, 
2021,19,PASCO,03,OXAPAMPA,08,CONSTITUCION,10777,00055,4,1,3,7,47.9642857142857,1,1,1,1,1,1,QUESO,4208,50,00,UNIDAD,24,1,0,00, , , , ,40,00,10,00, 
2021,19,PASCO,03,OXAPAMPA,07,VILLA RICA,10822,00152,12,1,3,7,47.9642857142857,1,1,1,1,1,1,QUESO,4208,12,00,UNIDAD,24,.25,10,00,3,50,35,14,2,00,0,00, 
2021,19,PASCO,03,OXAPAMPA,03,HUANCABAMBA,10855,00116,14,1,3,7,47.9642857142857,1,1,1,1,1,1,QUESO,4208,220,00,MOLDE,41,1,200,00,25,00,5000,25,20,00,0,00, 
2021,12,JUNÍN,08,YAULI,05,MOROCOCHA,10873,00048,6,1,2,5,132.357142857143,1,0,1,2, ,1,CHARQUI,4211,5,00,KILOGRAMO,12,1,0,00, , , , ,5,00,0,00, 
2021,12,JUNÍN,08,YAULI,05,MOROCOCHA,10873,00056,7,1,2,5,132.357142857143,1,0,1,2, ,1,CHARQUI,4211,7,00,KILOGRAMO,12,1,0,00, , , , ,7,00,0,00, 
2021,12,JUNÍN,08,YAULI,05,MOROCOCHA,10873,00065,8,1,2,5,132.357142857143,1,0,1,2, ,1,CHARQUI,4211,5,00,KILOGRAMO,12,1,4,00,18,00,72,18,1,00,0,00, 
2021,12,JUNÍN,08,YAULI,05,MOROCOCHA,10873,00068,9,1,2,5,132.357142857143,1,1,1,2, ,1,CHARQUI,4211,14,00,KILOGRAMO,12,1,0,00, , , , ,14,00,0,00, 
2021,12,JUNÍN,08,YAULI,05,MOROCOCHA,10873,00082,11,1,2,5,132.357142857143,1,0,1,2, ,1,CHARQUI,4211,14,00,KILOGRAMO,12,1,0,00, , , , ,14,00,0,00, 
2021,12,JUNÍN,08,YAULI,05,MOROCOCHA,10873,00098,13,1,2,5,132.357142857143,1,0,1,2, ,1,CHARQUI,4211,7,00,KILOGRAMO,12,1,0,00, , , , ,7,00,0,00, 
2021,12,JUNÍN,05,JUNIN,04,ULCUMAYO,10910,00071,7,1,2,5,85.0867346938775,1,1,1,5, ,1,CHARQUI,4211,15,00,KILOGRAMO,12,1,0,00, , , , ,15,00,0,00, 
2021,12,JUNÍN,07,TARMA,08,SAN PEDRO DE CAJAS,10920,00022,2,1,2,5,85.0867346938776,1,1,1,2, ,1,CHARQUI,4211,15,00,KILOGRAMO,12,1,0,00, , , , ,15,00,0,00, 
2021,12,JUNÍN,07,TARMA,08,SAN PEDRO DE CAJAS,10920,00056,5,1,2,5,85.0867346938776,1,1,1,2, ,1,CHARQUI,4211,12,00,KILOGRAMO,12,1,0,00, , , , ,12,00,0,00, 
2021,12,JUNÍN,07,TARMA,08,SAN PEDRO DE CAJAS,10920,00078,8,1,2,5,85.0867346938776,1,1,1,1,1,1,QUESO,4208,100,00,KILOGRAMO,12,1,50,00,10,00,500,10,50,00,0,00, 
2021,12,JUNÍN,07,TARMA,08,SAN PEDRO DE CAJAS,10920,00086,10,1,2,5,85.0867346938776,1,1,1,1,1,1,QUESO,4208,100,00,KILOGRAMO,12,1,50,00,10,00,500,10,50,00,0,00, 
2021,12,JUNÍN,07,TARMA,08,SAN PEDRO DE CAJAS,10926,00037,3,1,2,5,85.0867346938776,1,1,1,1,1,1,QUESO,4208,100,00,KILOGRAMO,12,1,80,00,12,00,960,12,20,00,0,00, 
2021,12,JUNÍN,07,TARMA,08,SAN PEDRO DE CAJAS,10926,00037,3,1,2,5,85.0867346938776,1,1,1,2, ,2,CHARQUI,4211,15,00,KILOGRAMO,12,1,0,00, , , , ,15,00,0,00, 
2021,12,JUNÍN,07,TARMA,08,SAN PEDRO DE CAJAS,10926,00056,5,1,2,5,85.0867346938776,1,1,1,2, ,1,CHARQUI,4211,5,00,KILOGRAMO,12,1,0,00, , , , ,5,00,0,00, 
2021,12,JUNÍN,07,TARMA,08,SAN PEDRO DE CAJAS,10926,00119,10,1,2,5,85.0867346938776,1,1,1,2, ,1,CHARQUI,4211,20,00,KILOGRAMO,12,1,0,00, , , , ,10,00,10,00, 
2021,12,JUNÍN,07,TARMA,08,SAN PEDRO DE CAJAS,10926,00138,12,1,2,5,85.0867346938776,1,1,1,2, ,1,CHARQUI,4211,15,00,KILOGRAMO,12,1,0,00, , , , ,15,00,0,00, 
2021,12,JUNÍN,07,TARMA,04,HUASAHUASI,10936,00019,3,1,2,5,85.0867346938775,1,1,1,1,1,1,QUESO,4208,200,00,KILOGRAMO,12,1,200,00,10,00,2000,10,0,00,0,00, 
2021,12,JUNÍN,07,TARMA,04,HUASAHUASI,10936,00022,5,1,2,5,85.0867346938775,1,1,1,1,1,1,QUESO,4208,10,00,KILOGRAMO,12,1,7,00,10,00,70,10,3,00,0,00, 
2021,12,JUNÍN,07,TARMA,04,HUASAHUASI,10936,00040,7,1,2,5,85.0867346938775,1,1,1,1,1,1,QUESO,4208,100,00,KILOGRAMO,12,1,80,00,10,00,800,10,20,00,0,00, 
2021,12,JUNÍN,07,TARMA,04,HUASAHUASI,10945,00020,2,1,2,5,85.0867346938775,1,1,1,1,1,1,QUESO,4208,11,00,KILOGRAMO,12,1,0,00, , , , ,11,00,0,00, 
2021,12,JUNÍN,07,TARMA,04,HUASAHUASI,10949,00076,10,1,2,5,85.0867346938775,1,1,1,1,1,1,QUESO,4208,60,00,KILOGRAMO,12,1,50,00,15,00,750,15,10,00,0,00, 
2021,12,JUNÍN,07,TARMA,02,ACOBAMBA,10985,00030,4,1,2,5,91.6318681318681,1,1,1,1,1,1,QUESO,4208,355,00,UNIDAD,24,.1,255,00,2,00,510,20,100,00,0,00, 
2021,12,JUNÍN,07,TARMA,01,TARMA,11007,00003,1,1,2,5,91.6318681318681,1,1,1,2, ,1,CHARQUI,4211,48,00,KILOGRAMO,12,1,0,00, , , , ,48,00,0,00, 
2021,12,JUNÍN,07,TARMA,01,TARMA,11007,00007,2,1,2,5,91.6318681318681,1,1,1,2, ,1,CHARQUI,4211,8,00,KILOGRAMO,12,1,0,00, , , , ,8,00,0,00, 
2021,12,JUNÍN,07,TARMA,01,TARMA,11007,00054,8,1,2,5,91.6318681318681,1,1,1,2, ,1,CHARQUI,4211,6,00,KILOGRAMO,12,1,0,00, , , , ,6,00,0,00, 
2021,12,JUNÍN,07,TARMA,03,HUARICOLCA,11031,00123,14,1,2,5,85.0867346938776,1,1,1,1,1,1,QUESO,4208,336,00,KILOGRAMO,12,1,300,00,18,00,5400,18,20,00,16,00, 
2021,12,JUNÍN,04,JAUJA,27,RICRAN,11478,00033,3,1,2,5,85.0867346938775,1,1,1,1,1,1,QUESO,4208,15,00,KILOGRAMO,12,1,0,00, , , , ,15,00,0,00, 
2021,12,JUNÍN,04,JAUJA,27,RICRAN,11478,00049,6,1,2,5,85.0867346938775,1,1,1,1,1,1,QUESO,4208,9,00,KILOGRAMO,12,1,0,00, , , , ,9,00,0,00, 
2021,12,JUNÍN,04,JAUJA,27,RICRAN,11478,00080,9,1,2,5,85.0867346938775,1,1,1,1,1,1,QUESO,4208,80,00,KILOGRAMO,12,1,0,00, , , , ,80,00,0,00, 
2021,12,JUNÍN,04,JAUJA,27,RICRAN,11478,00116,12,1,2,5,85.0867346938775,1,1,1,1,1,1,QUESO,4208,26,00,KILOGRAMO,12,1,10,00,10,00,100,10,16,00,0,00, 
2021,12,JUNÍN,04,JAUJA,27,RICRAN,11478,00129,14,1,2,5,85.0867346938775,1,1,1,1,1,1,QUESO,4208,90,00,KILOGRAMO,12,1,45,00,10,00,450,10,45,00,0,00, 
2021,12,JUNÍN,04,JAUJA,03,APATA,11489,00003,1,1,2,5,85.0867346938776,1,1,1,1,1,1,QUESO,4208,24,00,KILOGRAMO,12,1,16,00,10,00,160,10,8,00,0,00, 
2021,12,JUNÍN,04,JAUJA,03,APATA,11489,00028,6,1,2,5,85.0867346938776,1,1,1,1,1,1,QUESO,4208,360,00,UNIDAD,24,.1,360,00,2,00,720,20,0,00,0,00, 
2021,12,JUNÍN,04,JAUJA,03,APATA,11489,00054,11,1,2,5,85.0867346938776,1,1,1,1,1,1,QUESO,4208,576,00,UNIDAD,24,.1,576,00,1,20,691,12,0,00,0,00, 
2021,12,JUNÍN,04,JAUJA,03,APATA,11489,00064,12,1,2,5,85.0867346938776,1,1,1,1,1,1,QUESO,4208,348,00,UNIDAD,24,.2,228,00,1,80,410,9,120,00,0,00, 
2021,12,JUNÍN,04,JAUJA,03,APATA,11492,00059,11,1,2,5,85.0867346938775,1,1,1,1,1,1,QUESO,4208,12,00,KILOGRAMO,12,1,0,00, , , , ,10,00,2,00, 
2021,12,JUNÍN,04,JAUJA,03,APATA,11492,00066,12,1,2,5,85.0867346938775,1,1,1,1,1,1,QUESO,4208,3,00,KILOGRAMO,12,1,0,00, , , , ,3,00,0,00, 
2021,12,JUNÍN,04,JAUJA,07,EL MANTARO,11509,00014,1,1,2,5,85.0867346938775,1,1,1,1,1,1,QUESO,4208,2,00,KILOGRAMO,12,1,0,00, , , , ,2,00,0,00, 
2021,12,JUNÍN,04,JAUJA,07,EL MANTARO,11509,00056,7,1,2,5,85.0867346938775,1,1,1,1,1,1,QUESO,4208,4,80,KILOGRAMO,12,1,0,00, , , , ,4,80,0,00, 
2021,12,JUNÍN,04,JAUJA,16,MASMA,11521,00060,8,1,2,5,85.0867346938775,1,1,1,1,1,2,QUESO,4208,1,00,KILOGRAMO,12,1,0,00, , , , ,1,00,0,00, 
2021,12,JUNÍN,04,JAUJA,16,MASMA,11521,00060,8,1,2,5,85.0867346938775,1,1,1,2, ,1,CHARQUI,4211,4,50,KILOGRAMO,12,1,0,00, , , , ,4,50,0,00, 
2021,12,JUNÍN,04,JAUJA,26,POMACANCHA,11571,00049,7,1,2,5,85.0867346938775,1,1,1,1,1,1,QUESO,4208,3,00,KILOGRAMO,12,1,0,00, , , , ,3,00,0,00, 
2021,12,JUNÍN,04,JAUJA,26,POMACANCHA,11571,00057,9,1,2,5,85.0867346938775,1,1,1,1,1,1,QUESO,4208,12,00,UNIDAD,24,1,0,00, , , , ,12,00,0,00, 
2021,12,JUNÍN,04,JAUJA,26,POMACANCHA,11571,00068,10,1,2,5,85.0867346938775,1,1,1,1,1,1,QUESO,4208,2,50,KILOGRAMO,12,1,0,00, , , , ,2,50,0,00, 
2021,12,JUNÍN,04,JAUJA,26,POMACANCHA,11571,00075,11,1,2,5,85.0867346938775,1,1,1,1,1,1,QUESO,4208,123,00,UNIDAD,24,1,115,00,15,00,1725,15,8,00,0,00, 
2021,12,JUNÍN,04,JAUJA,25,PARCO,11627,00092,7,1,2,5,85.0867346938775,1,1,1,1,1,1,QUESO,4208,75,00,KILOGRAMO,12,1,70,00,15,00,1050,15,5,00,0,00, 
2021,12,JUNÍN,04,JAUJA,11,JANJAILLO,11631,00015,3,1,2,5,85.0867346938775,1,1,1,1,1,1,QUESO,4208,4,00,UNIDAD,24,1,0,00, , , , ,4,00,0,00, 
2021,12,JUNÍN,04,JAUJA,11,JANJAILLO,11631,00045,6,1,2,5,85.0867346938775,1,1,1,1,1,1,QUESO,4208,24,00,UNIDAD,24,.2,0,00, , , , ,6,00,18,00, 
2021,12,JUNÍN,04,JAUJA,11,JANJAILLO,11631,00056,7,1,2,5,85.0867346938775,1,1,1,1,1,1,QUESO,4208,60,00,UNIDAD,24,.2,60,00,2,50,150,12.5,0,00,0,00, 
2021,12,JUNÍN,04,JAUJA,06,CURICACA,11635,00031,5,1,2,5,85.0867346938776,1,1,1,1,1,1,QUESO,4208,30,00,KILOGRAMO,12,1,0,00, , , , ,30,00,0,00, 
2021,12,JUNÍN,04,JAUJA,06,CURICACA,11635,00111,13,1,2,5,85.0867346938776,1,1,1,1,1,1,QUESO,4208,30,00,KILOGRAMO,12,1,0,00, , , , ,20,00,10,00, 
2021,12,JUNÍN,04,JAUJA,06,CURICACA,11635,00117,14,1,2,5,85.0867346938776,1,1,1,1,1,1,QUESO,4208,20,00,KILOGRAMO,12,1,0,00, , , , ,20,00,0,00, 
2021,12,JUNÍN,02,CONCEPCION,05,COCHAS,11642,00050,4,1,2,5,91.6318681318681,1,1,1,1,1,1,QUESO,4208,5,00,KILOGRAMO,12,1,0,00, , , , ,5,00,0,00, 
2021,12,JUNÍN,02,CONCEPCION,05,COCHAS,11642,00068,6,1,2,5,91.6318681318681,1,1,1,1,1,1,QUESO,4208,20,00,KILOGRAMO,12,1,10,00,12,00,120,12,5,00,5,00, 
2021,12,JUNÍN,02,CONCEPCION,06,COMAS,11649,00034,4,1,2,5,85.0867346938775,1,1,1,1,1,1,QUESO,4208,650,00,UNIDAD,24,1,650,00,10,00,6500,10,0,00,0,00, 
2021,12,JUNÍN,02,CONCEPCION,06,COMAS,11649,00034,4,1,2,5,85.0867346938775,1,1,1,1,1,2,YOGURT,4213,410,00,LITRO,14,1,410,00,5,00,2050,5,0,00,0,00, 
2021,12,JUNÍN,02,CONCEPCION,06,COMAS,11649,00041,5,1,2,5,85.0867346938775,1,1,1,1,1,1,QUESO,4208,36,00,UNIDAD,24,1,0,00, , , , ,36,00,0,00, 
2021,12,JUNÍN,02,CONCEPCION,06,COMAS,11649,00130,14,1,2,5,85.0867346938775,1,1,1,1,1,1,QUESO,4208,25,00,UNIDAD,24,1,20,00,10,00,200,10,5,00,0,00, 
2021,12,JUNÍN,02,CONCEPCION,03,ANDAMARCA,11668,00117,12,1,2,5,99.2678571428572,1,1,1,1,1,1,QUESO,4208,168,00,KILOGRAMO,12,1,68,00,12,00,816,12,100,00,0,00, 
2021,12,JUNÍN,02,CONCEPCION,03,ANDAMARCA,11668,00126,13,1,2,5,99.2678571428572,1,1,1,1,1,1,QUESO,4208,120,00,KILOGRAMO,12,1,0,00, , , , ,120,00,0,00, 
2021,12,JUNÍN,02,CONCEPCION,03,ANDAMARCA,11669,00021,4,1,2,5,85.0867346938776,1,1,1,1,1,1,QUESO,4208,32,00,KILOGRAMO,12,1,0,00, , , , ,32,00,0,00, 
2021,12,JUNÍN,02,CONCEPCION,03,ANDAMARCA,11669,00035,6,1,2,5,85.0867346938776,1,1,1,1,1,1,QUESO,4208,4,00,KILOGRAMO,12,1,0,00, , , , ,4,00,0,00, 
2021,12,JUNÍN,02,CONCEPCION,03,ANDAMARCA,11669,00046,8,1,2,5,85.0867346938776,1,1,1,1,1,1,QUESO,4208,2,00,KILOGRAMO,12,1,0,00, , , , ,2,00,0,00, 
2021,12,JUNÍN,02,CONCEPCION,07,HEROINAS TOLEDO,11673,00033,5,1,2,5,85.0867346938776,1,1,1,2, ,1,CHARQUI,4211,15,00,KILOGRAMO,12,1,15,00,28,00,420,28,0,00,0,00, 
2021,12,JUNÍN,02,CONCEPCION,07,HEROINAS TOLEDO,11673,00046,7,1,2,5,85.0867346938776,1,1,1,1,1,1,QUESO,4208,267,00,UNIDAD,24,.125,210,00,1,80,378,14.4,27,00,30,00, 
2021,12,JUNÍN,02,CONCEPCION,07,HEROINAS TOLEDO,11673,00086,12,1,2,5,85.0867346938776,1,1,1,1,1,1,QUESO,4208,3067,00,UNIDAD,24,.2,3000,00,1,80,5400,9,67,00,0,00, 
2021,12,JUNÍN,02,CONCEPCION,07,HEROINAS TOLEDO,11673,00091,13,1,2,5,85.0867346938776,1,1,1,1,1,1,QUESO,4208,80,00,UNIDAD,24,.2,70,00,2,50,175,12.5,10,00,0,00, 
2021,12,JUNÍN,02,CONCEPCION,13,ORCOTUNA,11705,00044,8,1,2,5,99.2678571428572,1,1,1,1,1,1,QUESO,4208,12,00,KILOGRAMO,12,1,0,00, , , , ,12,00,0,00, 
2021,12,JUNÍN,02,CONCEPCION,08,MANZANARES,11714,00011,2,1,2,5,85.0867346938775,1,1,1,1,1,1,QUESO,4208,62,00,KILOGRAMO,12,1,0,00, , , , ,62,00,0,00, 
2021,12,JUNÍN,02,CONCEPCION,08,MANZANARES,11714,00054,7,1,2,5,85.0867346938775,1,1,1,2, ,1,CHARQUI,4211,10,00,KILOGRAMO,12,1,0,00, , , , ,10,00,0,00, 
2021,12,JUNÍN,02,CONCEPCION,04,CHAMBARA,11721,00021,3,1,2,5,85.0867346938775,1,1,1,2, ,1,CHARQUI,4211,20,00,KILOGRAMO,12,1,0,00, , , , ,20,00,0,00, 
2021,12,JUNÍN,02,CONCEPCION,04,CHAMBARA,11721,00024,4,1,2,5,85.0867346938775,1,1,1,1,1,1,QUESO,4208,51,12,KILOGRAMO,12,1,20,00,10,00,200,10,31,12,0,00, 
2021,12,JUNÍN,02,CONCEPCION,14,SAN JOSE DE QUERO,11728,00050,4,1,2,5,85.0867346938775,1,1,1,1,1,1,QUESO,4208,400,00,KILOGRAMO,12,1,350,00,10,00,3500,10,35,00,15,00, 
2021,12,JUNÍN,02,CONCEPCION,14,SAN JOSE DE QUERO,11728,00054,5,1,2,5,85.0867346938775,1,1,1,1,1,1,QUESO,4208,200,00,KILOGRAMO,12,1,150,00,10,00,1500,10,35,00,15,00, 
2021,12,JUNÍN,02,CONCEPCION,14,SAN JOSE DE QUERO,11728,00081,7,1,2,5,85.0867346938775,1,1,1,1,1,1,QUESO,4208,48,00,KILOGRAMO,12,1,40,00,10,00,400,10,8,00,0,00, 
2021,12,JUNÍN,02,CONCEPCION,14,SAN JOSE DE QUERO,11728,00093,8,1,2,5,85.0867346938775,1,1,1,1,1,1,QUESO,4208,72,00,KILOGRAMO,12,1,40,00,9,50,380,9.5,20,00,12,00, 
2021,12,JUNÍN,02,CONCEPCION,14,SAN JOSE DE QUERO,11728,00113,11,1,2,5,85.0867346938775,1,1,1,1,1,1,QUESO,4208,24,00,KILOGRAMO,12,1,0,00, , , , ,24,00,0,00, 
2021,12,JUNÍN,02,CONCEPCION,14,SAN JOSE DE QUERO,11728,00127,13,1,2,5,85.0867346938775,1,1,1,1,1,1,QUESO,4208,27,00,UNIDAD,24,1,10,00,10,00,100,10,12,00,5,00, 
2021,12,JUNÍN,02,CONCEPCION,14,SAN JOSE DE QUERO,11728,00146,14,1,2,5,85.0867346938775,1,1,1,1,1,1,QUESO,4208,70,00,KILOGRAMO,12,1,50,00,10,00,500,10,15,00,5,00, 
2021,12,JUNÍN,09,CHUPACA,02,AHUAC,11756,00076,13,1,2,5,85.0867346938775,1,1,1,1,1,1,QUESO,4208,3,00,KILOGRAMO,12,1,2,00,25,00,50,25,1,00,0,00, 
2021,12,JUNÍN,09,CHUPACA,06,SAN JUAN DE YSCOS,11819,00010,1,1,2,5,85.0867346938776,1,1,1,1,1,1,QUESO,4208,5,00,KILOGRAMO,12,1,0,00, , , , ,5,00,0,00, 
2021,12,JUNÍN,09,CHUPACA,06,SAN JUAN DE YSCOS,11819,00016,3,1,2,5,85.0867346938776,1,1,1,1,1,1,QUESO,4208,20,00,UNIDAD,24,1,0,00, , , , ,20,00,0,00, 
2021,12,JUNÍN,09,CHUPACA,06,SAN JUAN DE YSCOS,11819,00034,5,1,2,5,85.0867346938776,1,1,1,1,1,1,QUESO,4208,6,00,KILOGRAMO,12,1,3,00,14,00,42,14,2,50,0,50, 
2021,12,JUNÍN,09,CHUPACA,06,SAN JUAN DE YSCOS,11819,00049,9,1,2,5,85.0867346938776,1,1,1,1,1,1,QUESO,4208,72,00,UNIDAD,24,.17,50,00,2,00,100,11.7647,22,00,0,00, 
2021,12,JUNÍN,09,CHUPACA,06,SAN JUAN DE YSCOS,11819,00065,12,1,2,5,85.0867346938776,1,1,1,1,1,1,QUESO,4208,6,00,KILOGRAMO,12,1,0,00, , , , ,6,00,0,00, 
2021,12,JUNÍN,09,CHUPACA,06,SAN JUAN DE YSCOS,11824,00115,11,1,2,5,91.6318681318681,1,1,1,1,1,1,QUESO,4208,2,50,KILOGRAMO,12,1,0,00, , , , ,2,50,0,00, 
2021,12,JUNÍN,01,HUANCAYO,28,QUILCAS,11852,00057,7,1,2,5,85.0867346938775,1,1,1,1,1,1,QUESO,4208,20,00,KILOGRAMO,12,1,0,00, , , , ,20,00,0,00, 
2021,12,JUNÍN,01,HUANCAYO,28,QUILCAS,11852,00083,10,1,2,5,85.0867346938775,1,1,1,1,1,1,QUESO,4208,20,00,KILOGRAMO,12,1,0,00, , , , ,15,00,5,00, 
2021,12,JUNÍN,01,HUANCAYO,28,QUILCAS,11852,00088,11,1,2,5,85.0867346938775,1,1,1,1,1,1,QUESO,4208,5,00,KILOGRAMO,12,1,0,00, , , , ,5,00,0,00, 
2021,12,JUNÍN,01,HUANCAYO,28,QUILCAS,11852,00108,14,1,2,5,85.0867346938775,1,1,1,2, ,1,CHARQUI,4211,9,00,KILOGRAMO,12,1,0,00, , , , ,9,00,0,00, 
2021,12,JUNÍN,01,HUANCAYO,35,SANTO DOMINGO DE ACOBAMBA,11853,00036,6,1,2,5,85.0867346938775,1,1,1,1,1,1,QUESO,4208,1,00,KILOGRAMO,12,1,0,00, , , , ,1,00,0,00, 
2021,12,JUNÍN,01,HUANCAYO,35,SANTO DOMINGO DE ACOBAMBA,11853,00073,12,1,2,5,85.0867346938775,1,1,1,1,1,1,QUESO,4208,72,00,KILOGRAMO,12,1,65,00,20,00,1300,20,5,00,2,00, 
2021,12,JUNÍN,01,HUANCAYO,35,SANTO DOMINGO DE ACOBAMBA,11860,00017,2,1,2,5,85.0867346938775,1,1,1,1,1,1,QUESO,4208,25,00,UNIDAD,24,.2,0,00, , , , ,25,00,0,00, 
2021,12,JUNÍN,01,HUANCAYO,35,SANTO DOMINGO DE ACOBAMBA,11871,00031,4,1,2,5,85.0867346938775,1,1,1,1,1,1,QUESO,4208,45,00,UNIDAD,24,.2,40,00,3,50,140,17.5,5,00,0,00, 
2021,12,JUNÍN,01,HUANCAYO,35,SANTO DOMINGO DE ACOBAMBA,11871,00043,6,1,2,5,85.0867346938775,1,1,1,1,1,1,QUESO,4208,20,00,UNIDAD,24,.2,10,00,3,00,30,15,10,00,0,00, 
2021,12,JUNÍN,01,HUANCAYO,35,SANTO DOMINGO DE ACOBAMBA,11871,00093,12,1,2,5,85.0867346938775,1,1,1,1,1,1,QUESO,4208,60,00,UNIDAD,24,.2,0,00, , , , ,40,00,20,00, 
2021,12,JUNÍN,01,HUANCAYO,24,PARIAHUANCA,11873,00041,4,1,2,5,85.0867346938776,1,1,1,1,1,1,QUESO,4208,126,00,KILOGRAMO,12,1,100,00,12,00,1200,12,26,00,0,00, 
2021,12,JUNÍN,01,HUANCAYO,24,PARIAHUANCA,11873,00047,5,1,2,5,85.0867346938776,1,1,1,1,1,1,QUESO,4208,252,00,KILOGRAMO,12,1,200,00,12,00,2400,12,52,00,0,00, 
2021,12,JUNÍN,01,HUANCAYO,24,PARIAHUANCA,11873,00067,8,1,2,5,85.0867346938776,1,1,1,1,1,1,QUESO,4208,42,00,KILOGRAMO,12,1,0,00, , , , ,42,00,0,00, 
2021,12,JUNÍN,01,HUANCAYO,24,PARIAHUANCA,11873,00074,9,1,2,5,85.0867346938776,1,1,1,1,1,1,QUESO,4208,120,00,KILOGRAMO,12,1,100,00,12,00,1200,12,20,00,0,00, 
2021,12,JUNÍN,01,HUANCAYO,24,PARIAHUANCA,11873,00089,10,1,2,5,85.0867346938776,1,1,1,1,1,1,QUESO,4208,168,00,KILOGRAMO,12,1,168,00,12,00,2016,12,0,00,0,00, 
2021,12,JUNÍN,01,HUANCAYO,19,HUANCAN,11927,00053,6,1,2,5,85.0867346938776,1,1,1,2, ,1,CHARQUI,4211,20,00,KILOGRAMO,12,1,0,00, , , , ,20,00,0,00, 
2021,12,JUNÍN,01,HUANCAYO,33,SAPALLANGA,11953,00059,8,1,2,5,85.0867346938776,1,1,1,1,1,1,QUESO,4208,8,00,KILOGRAMO,12,1,7,00,10,00,70,10,1,00,0,00, 
2021,12,JUNÍN,01,HUANCAYO,33,SAPALLANGA,11953,00085,11,1,2,5,85.0867346938776,1,1,1,1,1,1,QUESO,4208,17,00,KILOGRAMO,12,1,14,00,10,00,140,10,3,00,0,00, 
2021,12,JUNÍN,01,HUANCAYO,33,SAPALLANGA,11953,00099,13,1,2,5,85.0867346938776,1,1,1,1,1,1,QUESO,4208,278,00,KILOGRAMO,12,1,258,00,10,00,2580,10,20,00,0,00, 
2021,12,JUNÍN,01,HUANCAYO,04,CARHUACALLANGA,11987,00074,7,1,2,5,85.0867346938775,1,1,1,2, ,1,CHARQUI,4211,15,00,KILOGRAMO,12,1,0,00, , , , ,15,00,0,00, 
2021,12,JUNÍN,01,HUANCAYO,04,CARHUACALLANGA,11987,00094,11,1,2,5,85.0867346938775,1,1,1,2, ,1,CHARQUI,4211,7,00,KILOGRAMO,12,1,0,00, , , , ,7,00,0,00, 
2021,12,JUNÍN,01,HUANCAYO,04,CARHUACALLANGA,11987,00101,12,1,2,5,85.0867346938775,1,1,1,2, ,1,CHARQUI,4211,10,00,KILOGRAMO,12,1,0,00, , , , ,10,00,0,00, 
2021,12,JUNÍN,01,HUANCAYO,08,CHONGOS ALTO,11997,00078,8,1,2,5,85.0867346938775,1,1,1,1,1,1,QUESO,4208,10,00,KILOGRAMO,12,1,0,00, , , , ,10,00,0,00, 
2021,12,JUNÍN,01,HUANCAYO,08,CHONGOS ALTO,11997,00090,9,1,2,5,85.0867346938775,1,1,1,1,1,1,QUESO,4208,20,00,KILOGRAMO,12,1,0,00, , , , ,12,00,8,00, 
2021,12,JUNÍN,01,HUANCAYO,08,CHONGOS ALTO,11997,00139,13,1,2,5,85.0867346938775,1,1,1,1,1,1,QUESO,4208,32,00,KILOGRAMO,12,1,0,00, , , , ,24,00,8,00, 
2021,15,LIMA,03,CAJATAMBO,05,MANAS,12047,00122,10,1,2,5,70.9934065934066,1,1,1,1,1,1,QUESO,4208,277,00,KILOGRAMO,12,1,200,00,10,00,2000,10,77,00,0,00, 
2021,15,LIMA,03,CAJATAMBO,05,MANAS,12047,00146,13,1,2,5,70.9934065934066,1,1,1,1,1,1,QUESO,4208,198,00,KILOGRAMO,12,1,100,00,10,00,1000,10,98,00,0,00, 
2021,15,LIMA,03,CAJATAMBO,05,MANAS,12047,00148,14,1,2,5,70.9934065934066,1,1,1,1,1,1,QUESO,4208,571,00,KILOGRAMO,12,1,500,00,10,00,5000,10,71,00,0,00, 
2021,15,LIMA,03,CAJATAMBO,04,HUANCAPON,12051,00039,4,1,2,5,76.9095238095238,1,1,1,1,1,1,QUESO,4208,61,00,KILOGRAMO,12,1,50,00,15,00,750,15,10,00,1,00, 
2021,15,LIMA,03,CAJATAMBO,04,HUANCAPON,12051,00063,5,1,2,5,76.9095238095238,1,1,1,1,1,1,QUESO,4208,75,00,KILOGRAMO,12,1,70,00,15,00,1050,15,5,00,0,00, 
2021,15,LIMA,03,CAJATAMBO,04,HUANCAPON,12051,00084,7,1,2,5,76.9095238095238,1,1,1,1,1,1,QUESO,4208,94,00,KILOGRAMO,12,1,90,00,15,00,1350,15,4,00,0,00, 
2021,15,LIMA,03,CAJATAMBO,04,HUANCAPON,12051,00113,8,1,2,5,76.9095238095238,1,1,1,1,1,1,QUESO,4208,80,00,KILOGRAMO,12,1,75,00,15,00,1125,15,5,00,0,00, 
2021,15,LIMA,03,CAJATAMBO,03,GORGOR,12064,00031,3,1,2,5,70.9934065934066,1,1,1,1,1,1,QUESO,4208,30,00,KILOGRAMO,12,1,0,00, , , , ,25,00,5,00, 
2021,15,LIMA,03,CAJATAMBO,03,GORGOR,12064,00106,14,1,2,5,70.9934065934066,1,1,1,1,1,1,QUESO,4208,2250,00,KILOGRAMO,12,1,2220,00,15,00,33300,15,15,00,15,00, 
2021,15,LIMA,09,OYON,03,CAUJUL,12074,00043,6,1,2,5,70.9934065934066,1,1,1,1,1,1,QUESO,4208,625,00,KILOGRAMO,12,1,600,00,10,00,6000,10,20,00,5,00, 
2021,15,LIMA,09,OYON,03,CAUJUL,12074,00099,13,1,2,5,70.9934065934066,1,1,1,1,1,1,QUESO,4208,310,00,KILOGRAMO,12,1,300,00,12,00,3600,12,10,00,0,00, 
2021,15,LIMA,08,HUAURA,12,VEGUETA,12091,00112,10,1,1,2,78.2375,1,1,1,1,1,1,QUESO,4208,12,00,KILOGRAMO,12,1,0,00, , , , ,12,00,0,00, 
2021,15,LIMA,08,HUAURA,06,HUAURA,12106,00001,1,1,1,2,78.2375,1,1,1,1,1,1,QUESO,4208,648,00,KILOGRAMO,12,1,538,00,15,00,8070,15,50,00,60,00, 
2021,15,LIMA,08,HUAURA,04,CHECRAS,12155,00015,2,1,2,5,70.9934065934066,1,1,1,1,1,1,QUESO,4208,112,00,KILOGRAMO,12,1,62,00,12,00,744,12,30,00,20,00, 
2021,15,LIMA,08,HUAURA,04,CHECRAS,12155,00066,4,1,2,5,70.9934065934066,1,1,1,1,1,1,QUESO,4208,285,00,KILOGRAMO,12,1,200,00,12,00,2400,12,40,00,45,00, 
2021,15,LIMA,08,HUAURA,04,CHECRAS,12155,00076,5,1,2,5,70.9934065934066,1,1,1,1,1,1,QUESO,4208,300,00,KILOGRAMO,12,1,280,00,10,00,2800,10,20,00,0,00, 
2021,15,LIMA,08,HUAURA,04,CHECRAS,12155,00089,6,1,2,5,70.9934065934066,1,1,1,1,1,1,QUESO,4208,113,00,KILOGRAMO,12,1,90,00,11,00,990,11,15,00,8,00, 
2021,15,LIMA,08,HUAURA,04,CHECRAS,12155,00128,7,1,2,5,70.9934065934066,1,1,1,1,1,1,QUESO,4208,38,00,KILOGRAMO,12,1,0,00, , , , ,38,00,0,00, 
2021,15,LIMA,08,HUAURA,04,CHECRAS,12155,00131,8,1,2,5,70.9934065934066,1,1,1,1,1,1,QUESO,4208,150,00,KILOGRAMO,12,1,120,00,13,00,1560,13,25,00,5,00, 
2021,15,LIMA,08,HUAURA,04,CHECRAS,12155,00186,13,1,2,5,70.9934065934066,1,1,1,1,1,1,QUESO,4208,90,00,KILOGRAMO,12,1,0,00, , , , ,75,00,15,00, 
2021,15,LIMA,08,HUAURA,04,CHECRAS,12155,00222,14,1,2,5,70.9934065934066,1,1,1,1,1,1,QUESO,4208,60,00,KILOGRAMO,12,1,0,00, , , , ,60,00,0,00, 
2021,15,LIMA,06,HUARAL,07,LAMPIAN,12170,00050,4,1,2,5,65.9224489795918,1,1,1,1,1,1,QUESO,4208,192,00,KILOGRAMO,12,1,185,00,15,00,2775,15,7,00,0,00, 
2021,15,LIMA,04,CANTA,04,HUAROS,12251,00004,1,1,2,5,70.9934065934066,1,1,1,1,1,1,QUESO,4208,1000,00,KILOGRAMO,12,1,950,00,11,25,10688,11.25,50,00,0,00, 
2021,15,LIMA,04,CANTA,04,HUAROS,12251,00023,4,1,2,5,70.9934065934066,1,1,1,1,1,1,QUESO,4208,642,00,KILOGRAMO,12,1,620,00,12,00,7440,12,22,00,0,00, 
2021,15,LIMA,04,CANTA,04,HUAROS,12251,00038,6,1,2,5,70.9934065934066,1,1,1,1,1,1,QUESO,4208,1353,00,KILOGRAMO,12,1,1323,00,12,00,15876,12,30,00,0,00, 
2021,15,LIMA,04,CANTA,04,HUAROS,12251,00041,7,1,2,5,70.9934065934066,1,1,1,1,1,1,QUESO,4208,657,00,KILOGRAMO,12,1,637,00,12,00,7644,12,20,00,0,00, 
2021,15,LIMA,04,CANTA,04,HUAROS,12251,00062,9,1,2,5,70.9934065934066,1,1,1,1,1,1,QUESO,4208,517,00,KILOGRAMO,12,1,492,00,12,00,5904,12,25,00,0,00, 
2021,15,LIMA,04,CANTA,04,HUAROS,12251,00078,11,1,2,5,70.9934065934066,1,1,1,1,1,1,QUESO,4208,317,00,KILOGRAMO,12,1,292,00,12,00,3504,12,25,00,0,00, 
2021,15,LIMA,04,CANTA,04,HUAROS,12251,00091,13,1,2,5,70.9934065934066,1,1,1,1,1,1,QUESO,4208,2880,00,KILOGRAMO,12,1,2850,00,13,00,37050,13,30,00,0,00, 
2021,15,LIMA,04,CANTA,04,HUAROS,12252,00005,1,1,2,5,70.9934065934066,1,1,1,1,1,1,QUESO,4208,527,70,KILOGRAMO,12,1,520,00,12,00,6240,12,7,70,0,00, 
2021,15,LIMA,04,CANTA,04,HUAROS,12252,00021,2,1,2,5,70.9934065934066,1,1,1,1,1,1,QUESO,4208,112,50,KILOGRAMO,12,1,100,00,12,00,1200,12,2,50,10,00, 
2021,15,LIMA,04,CANTA,04,HUAROS,12252,00033,3,1,2,5,70.9934065934066,1,1,1,1,1,1,QUESO,4208,175,00,KILOGRAMO,12,1,170,00,12,00,2040,12,5,00,0,00, 
2021,15,LIMA,04,CANTA,04,HUAROS,12252,00039,4,1,2,5,70.9934065934066,1,1,1,1,1,1,QUESO,4208,211,00,KILOGRAMO,12,1,200,00,13,00,2600,13,6,00,5,00, 
2021,15,LIMA,04,CANTA,04,HUAROS,12252,00044,5,1,2,5,70.9934065934066,1,1,1,1,1,1,QUESO,4208,1131,00,KILOGRAMO,12,1,1100,00,12,00,13200,12,25,00,6,00, 
2021,15,LIMA,04,CANTA,04,HUAROS,12252,00061,6,1,2,5,70.9934065934066,1,1,1,1,1,1,QUESO,4208,225,00,KILOGRAMO,12,1,220,00,15,00,3300,15,5,00,0,00, 
2021,15,LIMA,04,CANTA,04,HUAROS,12252,00102,12,1,2,5,70.9934065934066,1,1,1,1,1,1,QUESO,4208,252,00,KILOGRAMO,12,1,247,00,12,00,2964,12,5,00,0,00, 
2021,15,LIMA,04,CANTA,04,HUAROS,12252,00109,13,1,2,5,70.9934065934066,1,1,1,1,1,1,QUESO,4208,180,00,KILOGRAMO,12,1,175,00,12,00,2100,12,5,00,0,00, 
2021,15,LIMA,04,CANTA,01,CANTA,12254,00015,1,1,2,5,83.9012987012987,1,1,1,1,1,1,QUESO,4208,1250,00,KILOGRAMO,12,1,1200,00,12,00,14400,12,25,00,25,00, 
2021,15,LIMA,04,CANTA,01,CANTA,12254,00052,5,1,2,5,83.9012987012987,1,1,1,1,1,1,QUESO,4208,550,00,KILOGRAMO,12,1,535,00,12,00,6420,12,5,00,10,00, 
2021,15,LIMA,04,CANTA,01,CANTA,12254,00109,10,1,2,5,83.9012987012987,1,1,1,1,1,1,QUESO,4208,243,00,KILOGRAMO,12,1,150,00,12,00,1800,12,50,00,43,00, 
2021,15,LIMA,04,CANTA,01,CANTA,12254,00111,11,1,2,5,83.9012987012987,1,1,1,1,1,1,QUESO,4208,420,00,KILOGRAMO,12,1,400,00,13,00,5200,13,20,00,0,00, 
2021,15,LIMA,04,CANTA,01,CANTA,12254,00130,14,1,2,5,83.9012987012987,1,1,1,1,1,1,QUESO,4208,587,50,KILOGRAMO,12,1,563,50,8,00,4508,8,24,00,0,00, 
2021,15,LIMA,04,CANTA,02,ARAHUAY,12262,00086,11,1,2,5,65.9224489795918,1,1,1,1,1,1,QUESO,4208,300,00,KILOGRAMO,12,1,290,00,10,00,2900,10,10,00,0,00, 
2021,15,LIMA,07,HUAROCHIRI,24,SAN PEDRO DE CASTA,12348,00024,3,1,2,5,70.9934065934066,1,1,1,1,1,1,QUESO,4208,652,00,KILOGRAMO,12,1,600,00,12,00,7200,12,12,00,40,00, 
2021,15,LIMA,07,HUAROCHIRI,24,SAN PEDRO DE CASTA,12348,00041,5,1,2,5,70.9934065934066,1,1,1,1,1,1,QUESO,4208,457,00,KILOGRAMO,12,1,440,00,10,00,4400,10,17,00,0,00, 
2021,15,LIMA,07,HUAROCHIRI,24,SAN PEDRO DE CASTA,12348,00048,6,1,2,5,70.9934065934066,1,1,1,1,1,1,QUESO,4208,542,00,KILOGRAMO,12,1,530,00,11,00,5830,11,12,00,0,00, 
2021,15,LIMA,07,HUAROCHIRI,24,SAN PEDRO DE CASTA,12348,00115,12,1,2,5,70.9934065934066,1,1,1,1,1,1,QUESO,4208,425,00,KILOGRAMO,12,1,420,00,10,00,4200,10,5,00,0,00, 
2021,15,LIMA,07,HUAROCHIRI,24,SAN PEDRO DE CASTA,12348,00122,13,1,2,5,70.9934065934066,1,1,1,1,1,1,QUESO,4208,100,00,KILOGRAMO,12,1,90,00,9,00,810,9,10,00,0,00, 
2021,15,LIMA,07,HUAROCHIRI,24,SAN PEDRO DE CASTA,12349,00018,1,1,2,5,65.9224489795918,1,1,1,1,1,1,QUESO,4208,287,50,KILOGRAMO,12,1,267,50,12,00,3210,12,20,00,0,00, 
2021,15,LIMA,07,HUAROCHIRI,24,SAN PEDRO DE CASTA,12349,00047,5,1,2,5,65.9224489795918,1,1,1,3,3,1,QUESO,4208,12,00,KILOGRAMO,12,1,12,00,10,00,120,10,0,00,0,00, 
2021,15,LIMA,07,HUAROCHIRI,03,CALLAHUANCA,12359,00114,13,1,2,5,70.9934065934066,1,0,1,3,3,1,QUESO,4208,1200,00,KILOGRAMO,12,1,1175,00,14,00,16450,14,25,00,0,00, 
2021,15,LIMA,07,HUAROCHIRI,03,CALLAHUANCA,12359,00114,13,1,2,5,70.9934065934066,1,0,1,3,3,2,MANTEQUILLA,4206,4,00,KILOGRAMO,12,1,4,00,12,00,48,12,0,00,0,00, 
2021,15,LIMA,07,HUAROCHIRI,03,CALLAHUANCA,12359,00123,14,1,2,5,70.9934065934066,1,1,1,1,1,1,QUESO,4208,360,00,KILOGRAMO,12,1,360,00,8,00,2880,8,0,00,0,00, 
2021,15,LIMA,07,HUAROCHIRI,11,LANGA,12393,00079,7,1,2,5,65.9224489795918,1,1,1,1,1,1,QUESO,4208,27,00,KILOGRAMO,12,1,20,00,10,00,200,10,7,00,0,00, 
2021,15,LIMA,07,HUAROCHIRI,11,LANGA,12393,00111,10,1,2,5,65.9224489795918,1,1,1,3,3,1,QUESO,4208,150,00,KILOGRAMO,12,1,130,00,7,00,910,7,20,00,0,00, 
2021,15,LIMA,07,HUAROCHIRI,11,LANGA,12393,00147,13,1,2,5,65.9224489795918,1,1,1,1,1,1,QUESO,4208,96,00,KILOGRAMO,12,1,90,00,10,00,900,10,6,00,0,00, 
2021,15,LIMA,07,HUAROCHIRI,11,LANGA,12393,00160,14,1,2,5,65.9224489795918,1,1,1,1,1,1,QUESO,4208,57,00,KILOGRAMO,12,1,50,00,7,00,350,7,7,00,0,00, 
2021,15,LIMA,07,HUAROCHIRI,09,HUAROCHIRI,12398,00006,1,1,2,5,65.9224489795918,1,1,1,1,1,1,QUESO,4208,2153,75,KILOGRAMO,12,1,2130,00,9,00,19170,9,23,75,0,00, 
2021,15,LIMA,07,HUAROCHIRI,09,HUAROCHIRI,12398,00008,2,1,2,5,65.9224489795918,1,1,1,1,1,1,QUESO,4208,402,50,KILOGRAMO,12,1,390,00,8,50,3315,8.5,12,50,0,00, 
2021,15,LIMA,07,HUAROCHIRI,09,HUAROCHIRI,12398,00030,4,1,2,5,65.9224489795918,1,1,1,1,1,1,QUESO,4208,1075,00,KILOGRAMO,12,1,1060,00,9,00,9540,9,15,00,0,00, 
2021,15,LIMA,07,HUAROCHIRI,09,HUAROCHIRI,12398,00037,5,1,2,5,65.9224489795918,1,1,1,1,1,1,QUESO,4208,982,86,KILOGRAMO,12,1,970,00,9,00,8730,9,12,86,0,00, 
2021,15,LIMA,07,HUAROCHIRI,09,HUAROCHIRI,12398,00041,6,1,2,5,65.9224489795918,1,1,1,1,1,1,QUESO,4208,675,00,KILOGRAMO,12,1,660,00,9,00,5940,9,15,00,0,00, 
2021,15,LIMA,07,HUAROCHIRI,09,HUAROCHIRI,12398,00047,7,1,2,5,65.9224489795918,1,1,1,1,1,1,QUESO,4208,3396,25,KILOGRAMO,12,1,3380,00,10,00,33800,10,16,25,0,00, 
2021,15,LIMA,07,HUAROCHIRI,09,HUAROCHIRI,12398,00049,8,1,2,5,65.9224489795918,1,1,1,1,1,1,QUESO,4208,337,14,KILOGRAMO,12,1,300,00,9,00,2700,9,37,14,0,00, 
2021,15,LIMA,07,HUAROCHIRI,09,HUAROCHIRI,12398,00075,12,1,2,5,65.9224489795918,1,1,1,1,1,1,QUESO,4208,1535,71,KILOGRAMO,12,1,1500,00,9,00,13500,9,35,71,0,00, 
2021,15,LIMA,07,HUAROCHIRI,09,HUAROCHIRI,12398,00080,14,1,2,5,65.9224489795918,1,1,1,1,1,1,QUESO,4208,1337,50,KILOGRAMO,12,1,1300,00,9,00,11700,9,37,50,0,00, 
2021,15,LIMA,07,HUAROCHIRI,09,HUAROCHIRI,12399,00005,2,1,2,5,102.546031746032,1,1,1,1,1,1,QUESO,4208,475,00,MOLDE,41,1,470,00,9,00,4230,9,5,00,0,00, 
2021,15,LIMA,07,HUAROCHIRI,09,HUAROCHIRI,12399,00044,8,1,2,5,102.546031746032,1,1,1,1,1,1,QUESO,4208,548,57,KILOGRAMO,12,1,530,00,9,00,4770,9,18,57,0,00, 
2021,15,LIMA,07,HUAROCHIRI,09,HUAROCHIRI,12399,00050,9,1,2,5,102.546031746032,1,1,1,1,1,1,QUESO,4208,1260,00,MOLDE,41,1,1260,00,9,00,11340,9,0,00,0,00, 
2021,15,LIMA,07,HUAROCHIRI,09,HUAROCHIRI,12399,00073,14,1,2,5,102.546031746032,1,1,1,1,1,1,QUESO,4208,351,42,KILOGRAMO,12,1,350,00,8,00,2800,8,1,42,0,00, 
2021,15,LIMA,10,YAUYOS,14,HUANCAYA,12424,00029,5,1,2,5,70.9934065934066,1,1,1,1,1,1,QUESO,4208,558,00,KILOGRAMO,12,1,545,00,12,00,6540,12,13,00,0,00, 
2021,15,LIMA,10,YAUYOS,14,HUANCAYA,12424,00093,12,1,2,5,70.9934065934066,1,1,1,1,1,1,QUESO,4208,367,50,KILOGRAMO,12,1,350,00,12,00,4200,12,17,50,0,00, 
2021,15,LIMA,10,YAUYOS,14,HUANCAYA,12424,00101,13,1,2,5,70.9934065934066,1,1,1,1,1,1,QUESO,4208,463,75,KILOGRAMO,12,1,450,00,12,00,5400,12,13,75,0,00, 
2021,15,LIMA,10,YAUYOS,30,TOMAS,12425,00043,6,1,2,5,65.9224489795918,1,1,1,1,1,1,QUESO,4208,12,50,MOLDE,41,1,0,00, , , , ,12,50,0,00, 
2021,15,LIMA,10,YAUYOS,30,TOMAS,12425,00058,8,1,2,5,65.9224489795918,1,1,1,1,1,1,QUESO,4208,3,60,KILOGRAMO,12,1,0,00, , , , ,3,60,0,00, 
2021,15,LIMA,10,YAUYOS,30,TOMAS,12425,00064,9,1,2,5,65.9224489795918,1,1,1,1,1,1,QUESO,4208,10,00,MOLDE,41,1,8,00,8,50,68,8.5,2,00,0,00, 
2021,15,LIMA,10,YAUYOS,33,VITIS,12428,00004,2,1,2,5,70.9934065934066,1,1,1,1,1,1,QUESO,4208,625,00,KILOGRAMO,12,1,600,00,11,00,6600,11,25,00,0,00, 
2021,15,LIMA,10,YAUYOS,33,VITIS,12428,00012,3,1,2,5,70.9934065934066,1,1,1,1,1,1,QUESO,4208,298,20,KILOGRAMO,12,1,280,00,12,00,3360,12,18,20,0,00, 
2021,15,LIMA,10,YAUYOS,33,VITIS,12428,00024,6,1,2,5,70.9934065934066,1,1,1,1,1,1,QUESO,4208,222,50,KILOGRAMO,12,1,210,00,12,00,2520,12,12,50,0,00, 
2021,15,LIMA,10,YAUYOS,33,VITIS,12428,00028,7,1,2,5,70.9934065934066,1,1,1,1,1,1,QUESO,4208,333,00,KILOGRAMO,12,1,320,00,12,00,3840,12,13,00,0,00, 
2021,15,LIMA,10,YAUYOS,33,VITIS,12428,00034,9,1,2,5,70.9934065934066,1,1,1,1,1,1,QUESO,4208,447,50,KILOGRAMO,12,1,430,00,11,00,4730,11,17,50,0,00, 
2021,15,LIMA,10,YAUYOS,33,VITIS,12428,00043,10,1,2,5,70.9934065934066,1,1,1,1,1,1,QUESO,4208,267,50,KILOGRAMO,12,1,260,00,11,00,2860,11,7,50,0,00, 
2021,15,LIMA,10,YAUYOS,33,VITIS,12428,00046,11,1,2,5,70.9934065934066,1,1,1,1,1,1,QUESO,4208,1075,00,KILOGRAMO,12,1,1060,00,12,00,12720,12,15,00,0,00, 
2021,15,LIMA,10,YAUYOS,33,VITIS,12428,00053,12,1,2,5,70.9934065934066,1,1,1,1,1,1,QUESO,4208,112,50,KILOGRAMO,12,1,100,00,12,00,1200,12,12,50,0,00, 
2021,15,LIMA,10,YAUYOS,33,VITIS,12428,00058,14,1,2,5,70.9934065934066,1,1,1,1,1,1,QUESO,4208,717,50,KILOGRAMO,12,1,700,00,12,00,8400,12,17,50,0,00, 
2021,15,LIMA,10,YAUYOS,03,AYAUCA,12450,00092,8,1,2,5,70.9934065934066,1,1,1,1,1,1,QUESO,4208,400,00,KILOGRAMO,12,1,385,00,8,00,3080,8,10,00,5,00, 
2021,15,LIMA,10,YAUYOS,03,AYAUCA,12450,00158,14,1,2,5,70.9934065934066,1,1,1,3,3,1,QUESO,4208,467,00,KILOGRAMO,12,1,400,00,9,00,3600,9,60,00,7,00, 
2021,15,LIMA,10,YAUYOS,23,PUTINZA,12464,00023,4,1,2,5,65.9224489795918,1,1,1,1,1,1,QUESO,4208,887,50,KILOGRAMO,12,1,870,00,10,00,8700,10,17,50,0,00, 
2021,15,LIMA,10,YAUYOS,32,VIÑAC,12474,00014,1,1,2,5,65.9224489795918,1,1,1,1,1,1,QUESO,4208,12,00,KILOGRAMO,12,1,0,00, , , , ,12,00,0,00, 
2021,15,LIMA,10,YAUYOS,32,VIÑAC,12474,00030,2,1,2,5,65.9224489795918,1,1,1,3,3,1,QUESO,4208,144,00,KILOGRAMO,12,1,130,00,8,00,1040,8,14,00,0,00, 
2021,15,LIMA,10,YAUYOS,32,VIÑAC,12474,00064,5,1,2,5,65.9224489795918,1,1,1,1,1,1,QUESO,4208,100,00,KILOGRAMO,12,1,90,00,10,00,900,10,10,00,0,00, 
2021,15,LIMA,10,YAUYOS,32,VIÑAC,12474,00068,6,1,2,5,65.9224489795918,1,1,1,1,1,1,QUESO,4208,100,00,KILOGRAMO,12,1,90,00,10,00,900,10,10,00,0,00, 
2021,15,LIMA,10,YAUYOS,32,VIÑAC,12474,00088,7,1,2,5,65.9224489795918,1,1,1,1,1,1,QUESO,4208,76,00,KILOGRAMO,12,1,70,00,10,00,700,10,6,00,0,00, 
2021,15,LIMA,10,YAUYOS,32,VIÑAC,12474,00100,8,1,2,5,65.9224489795918,1,1,1,1,1,1,QUESO,4208,75,00,KILOGRAMO,12,1,70,00,10,00,700,10,5,00,0,00, 
2021,15,LIMA,10,YAUYOS,32,VIÑAC,12474,00109,9,1,2,5,65.9224489795918,1,1,1,1,1,1,QUESO,4208,56,00,KILOGRAMO,12,1,50,00,10,00,500,10,6,00,0,00, 
2021,15,LIMA,10,YAUYOS,32,VIÑAC,12474,00123,10,1,2,5,65.9224489795918,1,1,1,"1,3","1,3",1,QUESO,4208,84,00,KILOGRAMO,12,1,80,00,10,00,800,10,4,00,0,00, 
2021,15,LIMA,10,YAUYOS,32,VIÑAC,12474,00150,12,1,2,5,65.9224489795918,1,1,1,"1,3","1,3",1,QUESO,4208,144,00,KILOGRAMO,12,1,140,00,10,00,1400,10,4,00,0,00, 
2021,15,LIMA,10,YAUYOS,32,VIÑAC,12474,00166,14,1,2,5,65.9224489795918,1,1,1,1,1,1,QUESO,4208,18,00,KILOGRAMO,12,1,0,00, , , , ,18,00,0,00, 
2021,15,LIMA,10,YAUYOS,32,VIÑAC,12475,00011,1,1,2,5,70.9934065934066,1,1,1,1,1,1,QUESO,4208,333,00,KILOGRAMO,12,1,320,00,12,00,3840,12,13,00,0,00, 
2021,15,LIMA,10,YAUYOS,32,VIÑAC,12475,00110,10,1,2,5,70.9934065934066,1,1,1,1,1,1,QUESO,4208,146,00,KILOGRAMO,12,1,130,00,12,00,1560,12,16,00,0,00, 
2021,15,LIMA,10,YAUYOS,09,CHOCOS,12480,00046,4,1,2,5,70.9934065934066,1,1,1,1,1,1,QUESO,4208,3,00,MOLDE,41,1,2,00,6,00,12,6,1,00,0,00, 
2021,15,LIMA,10,YAUYOS,09,CHOCOS,12480,00063,6,1,2,5,70.9934065934066,1,1,1,1,1,1,QUESO,4208,5,00,MOLDE,41,1,0,00, , , , ,5,00,0,00, 
2021,15,LIMA,10,YAUYOS,09,CHOCOS,12480,00073,7,1,2,5,70.9934065934066,1,1,1,3,3,1,QUESO,4208,10,00,MOLDE,41,1,9,00,5,00,45,5,1,00,0,00, 
2021,15,LIMA,10,YAUYOS,09,CHOCOS,12480,00120,13,1,2,5,70.9934065934066,1,1,1,1,1,1,QUESO,4208,655,00,KILOGRAMO,12,1,640,00,12,00,7680,12,15,00,0,00, 
2021,15,LIMA,10,YAUYOS,20,MADEAN,12483,00005,1,1,2,5,65.9224489795918,1,1,1,1,1,1,QUESO,4208,4,40,MOLDE,41,1,0,00, , , , ,4,40,0,00, 
2021,15,LIMA,10,YAUYOS,20,MADEAN,12483,00019,4,1,2,5,65.9224489795918,1,1,1,1,1,1,QUESO,4208,3,50,MOLDE,41,1,0,00, , , , ,3,50,0,00, 
2021,15,LIMA,10,YAUYOS,20,MADEAN,12483,00024,5,1,2,5,65.9224489795918,1,1,1,3,3,1,QUESO,4208,6,25,MOLDE,41,1,0,00, , , , ,6,25,0,00, 
2021,15,LIMA,10,YAUYOS,20,MADEAN,12483,00040,7,1,2,5,65.9224489795918,1,1,1,2, ,2,ARTICULOS DE LANA O CUERO,4201,2,00,UNIDAD,24,3,2,00,12,00,24,4, , ,0,00, 
2021,15,LIMA,10,YAUYOS,20,MADEAN,12483,00040,7,1,2,5,65.9224489795918,1,1,1,1,1,1,QUESO,4208,175,00,KILOGRAMO,12,1,160,00,8,50,1360,8.5,15,00,0,00, 
2021,15,LIMA,10,YAUYOS,20,MADEAN,12483,00041,8,1,2,5,65.9224489795918,1,1,1,"1,3","1,3",1,QUESO,4208,825,00,KILOGRAMO,12,1,800,00,10,38,8304,10.38,25,00,0,00, 
2021,15,LIMA,10,YAUYOS,20,MADEAN,12483,00049,9,1,2,5,65.9224489795918,1,1,1,1,1,1,QUESO,4208,10,00,MOLDE,41,1,10,00,10,00,100,10,0,00,0,00, 
2021,15,LIMA,10,YAUYOS,20,MADEAN,12483,00063,10,1,2,5,65.9224489795918,1,1,1,1,1,1,QUESO,4208,1250,00,KILOGRAMO,12,1,1230,00,10,00,12300,10,20,00,0,00, 
2021,15,LIMA,10,YAUYOS,20,MADEAN,12483,00074,12,1,2,5,65.9224489795918,1,1,1,1,1,1,QUESO,4208,1070,00,KILOGRAMO,12,1,1050,00,10,00,10500,10,20,00,0,00, 
2021,15,LIMA,10,YAUYOS,20,MADEAN,12483,00084,14,1,2,5,65.9224489795918,1,1,1,1,1,1,QUESO,4208,950,00,KILOGRAMO,12,1,930,00,10,00,9300,10,20,00,0,00, 
2021,11,ICA,02,CHINCHA,03,CHAVIN,12651,00003,1,1,2,5,13.9795918367347,1,1,1,3,3,1,QUESO,4208,450,00,KILOGRAMO,12,1,445,00,9,00,4005,9,5,00,0,00, 
2021,11,ICA,02,CHINCHA,03,CHAVIN,12651,00008,2,1,2,5,13.9795918367347,1,1,1,"1,3","1,3",1,QUESO,4208,2065,00,KILOGRAMO,12,1,2000,00,8,00,16000,8,65,00,0,00, 
2021,11,ICA,02,CHINCHA,03,CHAVIN,12651,00031,3,1,2,5,13.9795918367347,1,1,1,3,3,1,QUESO,4208,90,00,KILOGRAMO,12,1,60,00,10,00,600,10,10,00,20,00, 
2021,11,ICA,02,CHINCHA,03,CHAVIN,12651,00031,3,1,2,5,13.9795918367347,1,1,1,3, ,2,CHARQUI,4211,5,00,KILOGRAMO,12,1,0,00, , , , ,5,00,0,00, 
2021,11,ICA,02,CHINCHA,03,CHAVIN,12651,00041,4,1,2,5,13.9795918367347,1,1,1,"1,3","1,3",1,QUESO,4208,295,00,KILOGRAMO,12,1,200,00,11,00,2200,11,90,00,5,00, 
2021,11,ICA,02,CHINCHA,03,CHAVIN,12651,00062,6,1,2,5,13.9795918367347,1,1,1,3,3,1,QUESO,4208,151,00,KILOGRAMO,12,1,120,00,20,00,2400,20,20,00,11,00, 
2021,11,ICA,02,CHINCHA,03,CHAVIN,12651,00066,7,1,2,5,13.9795918367347,1,1,1,3,3,1,QUESO,4208,450,00,KILOGRAMO,12,1,400,00,9,00,3600,9,50,00,0,00, 
2021,11,ICA,02,CHINCHA,03,CHAVIN,12651,00085,8,1,2,5,13.9795918367347,1,1,1,1,1,1,QUESO,4208,27,50,KILOGRAMO,12,1,20,00,12,00,240,12,7,50,0,00, 
2021,11,ICA,02,CHINCHA,03,CHAVIN,12651,00087,9,1,2,5,13.9795918367347,1,1,1,1,1,1,QUESO,4208,2125,00,KILOGRAMO,12,1,2000,00,9,00,18000,9,125,00,0,00, 
2021,11,ICA,02,CHINCHA,03,CHAVIN,12651,00112,11,1,2,5,13.9795918367347,1,1,1,1,1,1,QUESO,4208,17,00,KILOGRAMO,12,1,10,00,12,00,120,12,7,00,0,00, 
2021,11,ICA,02,CHINCHA,03,CHAVIN,12651,00127,12,1,2,5,13.9795918367347,1,1,1,"1,3","1,3",1,QUESO,4208,1740,00,KILOGRAMO,12,1,1700,00,9,00,15300,9,40,00,0,00, 
2021,11,ICA,02,CHINCHA,03,CHAVIN,12651,00148,13,1,2,5,13.9795918367347,1,1,1,3,3,1,QUESO,4208,16,00,KILOGRAMO,12,1,0,00, , , , ,16,00,0,00, 
2021,11,ICA,02,CHINCHA,03,CHAVIN,12651,00148,13,1,2,5,13.9795918367347,1,1,1,3, ,2,CHARQUI,4211,10,00,KILOGRAMO,12,1,0,00, , , , ,10,00,0,00, 
2021,11,ICA,02,CHINCHA,03,CHAVIN,12651,00151,14,1,2,5,13.9795918367347,1,1,1,3,3,1,QUESO,4208,22,50,KILOGRAMO,12,1,15,00,11,00,165,11,7,50,0,00, 
2021,11,ICA,02,CHINCHA,03,CHAVIN,12652,00010,1,1,2,5,15.0549450549451,1,1,1,1,1,1,QUESO,4208,62,00,KILOGRAMO,12,1,50,00,8,00,400,8,12,00,0,00, 
2021,11,ICA,02,CHINCHA,03,CHAVIN,12652,00034,2,1,2,5,15.0549450549451,1,1,1,1,1,1,QUESO,4208,112,00,KILOGRAMO,12,1,90,00,8,50,765,8.5,14,00,8,00, 
2021,11,ICA,02,CHINCHA,03,CHAVIN,12652,00046,3,1,2,5,15.0549450549451,1,1,1,1,1,1,QUESO,4208,72,50,KILOGRAMO,12,1,70,00,8,00,560,8,2,50,0,00, 
2021,11,ICA,02,CHINCHA,03,CHAVIN,12652,00076,5,1,2,5,15.0549450549451,1,1,1,1,1,1,QUESO,4208,233,75,KILOGRAMO,12,1,233,75,8,00,1870,8,0,00,0,00, 
2021,11,ICA,02,CHINCHA,03,CHAVIN,12652,00081,6,1,2,5,15.0549450549451,1,1,1,"1,3","1,3",1,QUESO,4208,197,50,KILOGRAMO,12,1,180,00,8,00,1440,8,17,50,0,00, 
2021,11,ICA,02,CHINCHA,03,CHAVIN,12652,00083,7,1,2,5,15.0549450549451,1,1,1,"1,3","1,3",1,QUESO,4208,154,00,KILOGRAMO,12,1,154,00,8,00,1232,8,0,00,0,00, 
2021,11,ICA,02,CHINCHA,09,SAN PEDRO DE HUACARPANA,12653,00003,1,1,2,5,13.9795918367347,1,1,1,"1,3","1,3",1,QUESO,4208,217,50,KILOGRAMO,12,1,200,00,10,00,2000,10,17,50,0,00, 
2021,11,ICA,02,CHINCHA,09,SAN PEDRO DE HUACARPANA,12653,00014,4,1,2,5,13.9795918367347,1,1,1,"1,3","1,3",1,QUESO,4208,275,50,KILOGRAMO,12,1,250,00,8,00,2000,8,20,00,5,50, 
2021,11,ICA,02,CHINCHA,09,SAN PEDRO DE HUACARPANA,12653,00025,5,1,2,5,13.9795918367347,1,1,1,"1,3","1,3",1,QUESO,4208,487,00,KILOGRAMO,12,1,460,00,8,00,3680,8,10,00,17,00, 
2021,11,ICA,02,CHINCHA,09,SAN PEDRO DE HUACARPANA,12653,00031,6,1,2,5,13.9795918367347,1,1,1,"1,3","1,3",1,QUESO,4208,450,00,KILOGRAMO,12,1,400,00,10,00,4000,10,20,00,30,00, 
2021,11,ICA,02,CHINCHA,09,SAN PEDRO DE HUACARPANA,12653,00039,7,1,2,5,13.9795918367347,1,1,1,3,3,1,QUESO,4208,112,50,KILOGRAMO,12,1,100,00,7,00,700,7,5,00,7,50, 
2021,11,ICA,02,CHINCHA,09,SAN PEDRO DE HUACARPANA,12653,00060,9,1,2,5,13.9795918367347,1,1,1,"1,3","1,3",1,QUESO,4208,106,50,KILOGRAMO,12,1,100,00,10,00,1000,10,0,00,6,50, 
2021,11,ICA,02,CHINCHA,09,SAN PEDRO DE HUACARPANA,12653,00062,10,1,2,5,13.9795918367347,1,1,1,"1,3","1,3",1,QUESO,4208,154,00,KILOGRAMO,12,1,140,00,8,00,1120,8,10,00,4,00, 
2021,11,ICA,02,CHINCHA,09,SAN PEDRO DE HUACARPANA,12653,00075,12,1,2,5,13.9795918367347,1,1,1,1,1,1,QUESO,4208,118,00,KILOGRAMO,12,1,93,00,8,00,744,8,5,00,20,00, 
2021,11,ICA,02,CHINCHA,09,SAN PEDRO DE HUACARPANA,12653,00080,13,1,2,5,13.9795918367347,1,1,1,1,1,1,QUESO,4208,100,00,KILOGRAMO,12,1,85,00,10,00,850,10,5,00,10,00, 
2021,11,ICA,02,CHINCHA,09,SAN PEDRO DE HUACARPANA,12654,00003,1,1,2,5,13.9795918367347,1,1,1,1,1,1,QUESO,4208,15,00,KILOGRAMO,12,1,15,00,8,00,120,8,0,00,0,00, 
2021,11,ICA,02,CHINCHA,09,SAN PEDRO DE HUACARPANA,12654,00007,2,1,2,5,13.9795918367347,1,1,1,3,3,1,QUESO,4208,50,00,KILOGRAMO,12,1,10,00,7,50,75,7.5,40,00,0,00, 
2021,11,ICA,02,CHINCHA,09,SAN PEDRO DE HUACARPANA,12654,00013,3,1,2,5,13.9795918367347,1,1,1,1,1,1,QUESO,4208,90,00,KILOGRAMO,12,1,80,00,8,00,640,8,10,00,0,00, 
2021,11,ICA,02,CHINCHA,09,SAN PEDRO DE HUACARPANA,12654,00025,5,1,2,5,13.9795918367347,1,1,1,"1,3","1,3",1,QUESO,4208,105,00,KILOGRAMO,12,1,105,00,8,00,840,8,0,00,0,00, 
2021,11,ICA,02,CHINCHA,09,SAN PEDRO DE HUACARPANA,12654,00026,6,1,2,5,13.9795918367347,1,1,1,1,1,1,QUESO,4208,60,00,KILOGRAMO,12,1,60,00,8,00,480,8,0,00,0,00, 
2021,11,ICA,02,CHINCHA,09,SAN PEDRO DE HUACARPANA,12654,00036,7,1,2,5,13.9795918367347,1,1,1,1,1,1,QUESO,4208,106,00,KILOGRAMO,12,1,100,00,8,00,800,8,6,00,0,00, 
2021,11,ICA,02,CHINCHA,09,SAN PEDRO DE HUACARPANA,12654,00053,8,1,2,5,13.9795918367347,1,1,1,1,1,1,QUESO,4208,50,00,KILOGRAMO,12,1,40,00,8,00,320,8,7,00,3,00, 
2021,11,ICA,02,CHINCHA,09,SAN PEDRO DE HUACARPANA,12654,00060,9,1,2,5,13.9795918367347,1,1,1,1,1,1,QUESO,4208,212,00,KILOGRAMO,12,1,190,00,8,00,1520,8,7,00,15,00, 
2021,11,ICA,02,CHINCHA,09,SAN PEDRO DE HUACARPANA,12654,00063,10,1,2,5,13.9795918367347,1,1,1,1,1,1,QUESO,4208,40,00,KILOGRAMO,12,1,35,00,8,00,280,8,5,00,0,00, 
2021,11,ICA,02,CHINCHA,09,SAN PEDRO DE HUACARPANA,12654,00072,11,1,2,5,13.9795918367347,1,1,1,1,1,1,QUESO,4208,149,00,KILOGRAMO,12,1,120,00,8,00,960,8,5,00,24,00, 
2021,11,ICA,02,CHINCHA,09,SAN PEDRO DE HUACARPANA,12654,00081,12,1,2,5,13.9795918367347,1,1,1,1,1,1,QUESO,4208,210,00,KILOGRAMO,12,1,200,00,8,00,1600,8,10,00,0,00, 
2021,11,ICA,02,CHINCHA,09,SAN PEDRO DE HUACARPANA,12654,00087,13,1,2,5,13.9795918367347,1,1,1,1,1,1,QUESO,4208,48,00,KILOGRAMO,12,1,40,00,8,00,320,8,4,00,4,00, 
2021,11,ICA,02,CHINCHA,09,SAN PEDRO DE HUACARPANA,12654,00093,14,1,2,5,13.9795918367347,1,1,1,1,1,1,QUESO,4208,430,00,KILOGRAMO,12,1,415,00,8,00,3320,8,5,00,10,00, 
2021,11,ICA,02,CHINCHA,08,SAN JUAN DE YANAC,12656,00028,2,1,2,5,13.9795918367347,1,1,1,"1,3","1,3",1,QUESO,4208,1006,50,KILOGRAMO,12,1,856,50,8,00,6852,8,150,00,0,00, 
2021,11,ICA,02,CHINCHA,08,SAN JUAN DE YANAC,12656,00028,2,1,2,5,13.9795918367347,1,1,1,3, ,2,CHARQUI,4211,14,00,KILOGRAMO,12,1,0,00, , , , ,14,00,0,00, 
2021,11,ICA,02,CHINCHA,08,SAN JUAN DE YANAC,12656,00039,3,1,2,5,13.9795918367347,1,1,1,"1,3","1,3",1,QUESO,4208,531,00,KILOGRAMO,12,1,450,00,8,00,3600,8,50,00,31,00, 
2021,11,ICA,02,CHINCHA,08,SAN JUAN DE YANAC,12656,00058,6,1,2,5,13.9795918367347,1,1,1,3,3,1,QUESO,4208,112,50,KILOGRAMO,12,1,60,50,8,00,484,8,52,00,0,00, 
2021,11,ICA,02,CHINCHA,08,SAN JUAN DE YANAC,12656,00082,8,1,2,5,13.9795918367347,1,1,1,3, ,2,CHARQUI,4211,36,00,KILOGRAMO,12,1,0,00, , , , ,36,00,0,00, 
2021,11,ICA,02,CHINCHA,08,SAN JUAN DE YANAC,12656,00082,8,1,2,5,13.9795918367347,1,1,1,3,3,1,QUESO,4208,218,50,KILOGRAMO,12,1,187,50,9,00,1688,9,26,00,5,00, 
2021,11,ICA,02,CHINCHA,08,SAN JUAN DE YANAC,12656,00097,9,1,2,5,13.9795918367347,1,1,1,3,3,1,QUESO,4208,450,00,KILOGRAMO,12,1,402,00,8,00,3216,8,48,00,0,00, 
2021,11,ICA,02,CHINCHA,08,SAN JUAN DE YANAC,12656,00122,11,1,2,5,13.9795918367347,1,1,1,1,1,1,QUESO,4208,270,00,KILOGRAMO,12,1,200,00,8,00,1600,8,50,00,20,00, 
2021,11,ICA,02,CHINCHA,08,SAN JUAN DE YANAC,12656,00127,12,1,2,5,13.9795918367347,1,1,1,1,1,1,QUESO,4208,140,00,KILOGRAMO,12,1,100,00,8,00,800,8,30,00,10,00, 
2021,11,ICA,02,CHINCHA,08,SAN JUAN DE YANAC,12656,00146,13,1,2,5,13.9795918367347,1,1,1,3,3,1,QUESO,4208,168,00,KILOGRAMO,12,1,140,00,8,00,1120,8,28,00,0,00, 
2021,11,ICA,02,CHINCHA,08,SAN JUAN DE YANAC,12657,00063,5,1,2,5,13.9795918367347,1,1,1,"1,3","1,3",1,QUESO,4208,720,00,KILOGRAMO,12,1,700,00,8,00,5600,8,20,00,0,00, 
2021,11,ICA,02,CHINCHA,08,SAN JUAN DE YANAC,12657,00083,7,1,2,5,13.9795918367347,1,1,1,3,3,1,QUESO,4208,254,00,KILOGRAMO,12,1,234,00,8,50,1989,8.5,20,00,0,00, 
2021,11,ICA,02,CHINCHA,08,SAN JUAN DE YANAC,12657,00107,8,1,2,5,13.9795918367347,1,1,1,3,3,1,QUESO,4208,550,00,KILOGRAMO,12,1,530,00,8,00,4240,8,20,00,0,00, 
2021,11,ICA,02,CHINCHA,08,SAN JUAN DE YANAC,12657,00109,9,1,2,5,13.9795918367347,1,1,1,1,1,1,QUESO,4208,380,00,KILOGRAMO,12,1,360,00,8,00,2880,8,20,00,0,00, 
2021,11,ICA,02,CHINCHA,08,SAN JUAN DE YANAC,12657,00137,12,1,2,5,13.9795918367347,1,1,1,3,3,1,QUESO,4208,45,00,KILOGRAMO,12,1,45,00,8,00,360,8,0,00,0,00, 
2021,11,ICA,02,CHINCHA,08,SAN JUAN DE YANAC,12657,00140,13,1,2,5,13.9795918367347,1,1,1,"1,3","1,3",1,QUESO,4208,510,00,KILOGRAMO,12,1,500,00,8,00,4000,8,10,00,0,00, 
2021,11,ICA,02,CHINCHA,08,SAN JUAN DE YANAC,12657,00154,14,1,2,5,13.9795918367347,1,1,1,3,3,1,QUESO,4208,400,00,KILOGRAMO,12,1,380,00,8,00,3040,8,20,00,0,00, 
2021,11,ICA,02,CHINCHA,10,SUNAMPE,12674,00093,10,1,1,2,28.5741758241758,1,1,1,3,3,1,QUESO,4208,450,00,KILOGRAMO,12,1,450,00,15,00,6750,15,0,00,0,00, 
2021,11,ICA,02,CHINCHA,11,TAMBO DE MORA,12676,00107,11,1,1,2,30.7721893491124,1,0,1,"1,3","1,3",1,QUESO,4208,500,00,KILOGRAMO,12,1,400,00,8,00,3200,8,100,00,0,00, 
2021,11,ICA,02,CHINCHA,04,CHINCHA BAJA,12677,00046,7,1,1,2,28.5741758241758,1,1,1,"1,3","1,3",1,QUESO,4208,220,00,KILOGRAMO,12,1,150,00,8,00,1200,8,40,00,30,00, 
2021,11,ICA,02,CHINCHA,04,CHINCHA BAJA,12683,00003,1,1,1,2,40.0038461538462,1,0,1,"1,3","1,3",1,QUESO,4208,60,00,KILOGRAMO,12,1,20,00,10,00,200,10,20,00,20,00, 
2021,11,ICA,02,CHINCHA,02,ALTO LARAN,12687,00039,5,1,1,2,28.5741758241758,1,1,1,3,3,1,QUESO,4208,80,00,KILOGRAMO,12,1,60,00,23,00,1380,23,20,00,0,00, 
2021,11,ICA,02,CHINCHA,05,EL CARMEN,12695,00052,5,1,1,2,40.0038461538461,1,1,1,3,3,1,QUESO,4208,376,00,KILOGRAMO,12,1,176,00,8,00,1408,8,200,00,0,00, 
2021,11,ICA,05,PISCO,07,SAN CLEMENTE,12700,00094,11,1,1,2,30.7721893491124,1,1,1,3,3,1,QUESO,4208,1220,00,KILOGRAMO,12,1,1000,00,16,00,16000,16,220,00,0,00, 
2021,11,ICA,05,PISCO,07,SAN CLEMENTE,12700,00133,13,1,1,2,30.7721893491124,1,1,1,1,1,1,QUESO,4208,1642,00,KILOGRAMO,12,1,1642,00,16,00,26272,16,0,00,0,00, 
2021,11,ICA,05,PISCO,07,SAN CLEMENTE,12700,00135,14,1,1,2,30.7721893491124,1,1,1,1,1,1,QUESO,4208,3142,00,KILOGRAMO,12,1,3000,00,15,00,45000,15,42,00,100,00, 
2021,11,ICA,05,PISCO,07,SAN CLEMENTE,12703,00013,1,1,1,2,28.5741758241758,1,1,1,"1,3","1,3",1,QUESO,4208,782,00,KILOGRAMO,12,1,700,00,12,00,8400,12,50,00,32,00, 
2021,11,ICA,05,PISCO,07,SAN CLEMENTE,12703,00130,11,1,1,2,28.5741758241758,1,1,1,"1,3","1,3",1,QUESO,4208,1215,00,KILOGRAMO,12,1,1200,00,9,00,10800,9,15,00,0,00, 
2021,11,ICA,05,PISCO,04,INDEPENDENCIA,12706,00023,3,1,1,2,28.5741758241758,1,1,1,3,3,1,QUESO,4208,550,00,KILOGRAMO,12,1,500,00,15,00,7500,15,50,00,0,00, 
2021,11,ICA,05,PISCO,04,INDEPENDENCIA,12706,00069,9,1,1,2,28.5741758241758,1,1,1,1,1,1,QUESO,4208,1428,00,KILOGRAMO,12,1,1400,00,15,00,21000,15,28,00,0,00, 
2021,11,ICA,05,PISCO,04,INDEPENDENCIA,12710,00102,12,1,1,2,30.7721893491124,1,1,1,1,1,1,MANJAR BLANCO,4215,520,00,KILOGRAMO,12,1,0,00, , , , ,520,00,0,00, 
2021,11,ICA,05,PISCO,04,INDEPENDENCIA,12712,00006,2,1,1,2,30.7721893491124,1,1,1,3,3,1,QUESO,4208,1194,00,KILOGRAMO,12,1,1000,00,7,00,7000,7,94,00,100,00, 
2021,11,ICA,05,PISCO,02,HUANCANO,12716,00066,6,1,2,5,13.9795918367347,1,1,1,1,1,1,QUESO,4208,40,00,KILOGRAMO,12,1,40,00,40,00,1600,40,0,00,0,00, 
2021,11,ICA,05,PISCO,02,HUANCANO,12716,00083,7,1,2,5,13.9795918367347,1,1,1,1,1,1,QUESO,4208,40,00,UNIDAD,24,1,40,00,7,00,280,7,0,00,0,00, 
2021,11,ICA,05,PISCO,02,HUANCANO,12716,00093,8,1,2,5,13.9795918367347,1,1,1,3,3,1,QUESO,4208,20,00,UNIDAD,24,1,20,00,7,00,140,7,0,00,0,00, 
2021,11,ICA,05,PISCO,02,HUANCANO,12716,00147,12,1,2,5,13.9795918367347,1,1,1,3,3,1,QUESO,4208,35,00,UNIDAD,24,1,0,00, , , , ,35,00,0,00, 
2021,11,ICA,05,PISCO,02,HUANCANO,12716,00172,14,1,2,5,13.9795918367347,1,1,1,"1,3","1,3",1,QUESO,4208,35,00,UNIDAD,24,1,0,00, , , , ,35,00,0,00, 
2021,11,ICA,05,PISCO,03,HUMAY,12723,00098,11,1,1,2,30.7721893491124,1,1,1,3,3,1,QUESO,4208,184,00,KILOGRAMO,12,1,0,00, , , , ,184,00,0,00, 
2021,11,ICA,05,PISCO,03,HUMAY,12723,00115,12,1,1,2,30.7721893491124,1,1,1,"1,3","1,3",1,QUESO,4208,164,00,KILOGRAMO,12,1,100,00,10,00,1000,10,50,00,14,00, 
2021,11,ICA,05,PISCO,08,TUPAC AMARU INCA,12726,00040,6,1,1,2,28.5741758241758,1,1,1,1,1,1,QUESO,4208,202,00,KILOGRAMO,12,1,150,00,10,00,1500,10,50,00,2,00, 
2021,11,ICA,03,NAZCA,05,VISTA ALEGRE,12903,00002,1,1,1,2,133.346153846154,1,1,1,3,3,1,QUESO,4208,40,00,UNIDAD,24,.5,0,00, , , , ,40,00,0,00, 
2021,09,HUANCAVELICA,07,TAYACAJA,14,SALCABAMBA,12911,00036,3,1,2,5,62.7380952380952,1,1,1,1,1,1,QUESO,4208,60,00,KILOGRAMO,12,1,30,00,18,00,540,18,20,00,10,00, 
2021,09,HUANCAVELICA,07,TAYACAJA,14,SALCABAMBA,12911,00079,7,1,2,5,62.7380952380952,1,1,1,1,1,1,QUESO,4208,30,00,KILOGRAMO,12,1,20,00,18,00,360,18,10,00,0,00, 
2021,09,HUANCAVELICA,07,TAYACAJA,14,SALCABAMBA,12911,00103,9,1,2,5,62.7380952380952,1,1,1,1,1,1,QUESO,4208,60,00,KILOGRAMO,12,1,40,00,18,00,720,18,20,00,0,00, 
2021,09,HUANCAVELICA,07,TAYACAJA,14,SALCABAMBA,12911,00122,11,1,2,5,62.7380952380952,1,1,1,1,1,1,QUESO,4208,120,00,KILOGRAMO,12,1,100,00,18,00,1800,18,20,00,0,00, 
2021,09,HUANCAVELICA,07,TAYACAJA,14,SALCABAMBA,12911,00143,12,1,2,5,62.7380952380952,1,1,1,1,1,1,QUESO,4208,90,00,KILOGRAMO,12,1,80,00,18,00,1440,18,10,00,0,00, 
2021,09,HUANCAVELICA,07,TAYACAJA,14,SALCABAMBA,12911,00158,14,1,2,5,62.7380952380952,1,1,1,1,1,1,QUESO,4208,60,00,KILOGRAMO,12,1,40,00,18,00,720,18,20,00,0,00, 
2021,09,HUANCAVELICA,07,TAYACAJA,15,SALCAHUASI,12924,00050,5,1,2,5,62.7380952380952,1,1,1,1,1,1,QUESO,4208,28,00,KILOGRAMO,12,1,18,00,15,00,270,15,8,00,2,00, 
2021,09,HUANCAVELICA,07,TAYACAJA,15,SALCAHUASI,12924,00077,7,1,2,5,62.7380952380952,1,1,1,2, ,1,CHARQUI,4211,6,00,KILOGRAMO,12,1,0,00, , , , ,6,00,0,00, 
2021,09,HUANCAVELICA,07,TAYACAJA,15,SALCAHUASI,12924,00096,9,1,2,5,62.7380952380952,1,1,1,1,1,1,QUESO,4208,50,00,KILOGRAMO,12,1,20,00,15,00,300,15,25,00,5,00, 
2021,09,HUANCAVELICA,07,TAYACAJA,15,SALCAHUASI,12924,00116,12,1,2,5,62.7380952380952,1,1,1,2, ,1,CHARQUI,4211,10,00,KILOGRAMO,12,1,0,00, , , , ,10,00,0,00, 
2021,09,HUANCAVELICA,07,TAYACAJA,17,SURCUBAMBA,12925,00013,2,1,2,5,62.7380952380952,1,1,1,1,1,1,QUESO,4208,100,00,KILOGRAMO,12,1,80,00,20,00,1600,20,20,00,0,00, 
2021,09,HUANCAVELICA,07,TAYACAJA,17,SURCUBAMBA,12925,00036,6,1,2,5,62.7380952380952,1,1,1,1,1,1,QUESO,4208,70,00,KILOGRAMO,12,1,60,00,20,00,1200,20,10,00,0,00, 
2021,09,HUANCAVELICA,07,TAYACAJA,17,SURCUBAMBA,12929,00015,1,1,2,5,62.7380952380952,1,1,1,1,1,1,QUESO,4208,30,00,UNIDAD,24,.1,0,00, , , , ,30,00,0,00, 
2021,09,HUANCAVELICA,07,TAYACAJA,17,SURCUBAMBA,12929,00062,4,1,2,5,62.7380952380952,1,1,1,1,1,1,QUESO,4208,45,00,UNIDAD,24,.1,0,00, , , , ,30,00,15,00, 
2021,09,HUANCAVELICA,07,TAYACAJA,17,SURCUBAMBA,12929,00078,5,1,2,5,62.7380952380952,1,1,1,1,1,1,QUESO,4208,80,00,UNIDAD,24,.1,0,00, , , , ,70,00,10,00, 
2021,09,HUANCAVELICA,07,TAYACAJA,17,SURCUBAMBA,12929,00096,6,1,2,5,62.7380952380952,1,1,1,1,1,1,QUESO,4208,340,00,UNIDAD,24,.1,140,00,1,50,210,15,200,00,0,00, 
2021,09,HUANCAVELICA,07,TAYACAJA,17,SURCUBAMBA,12929,00120,7,1,2,5,62.7380952380952,1,1,1,1,1,1,QUESO,4208,15,00,UNIDAD,24,.1,0,00, , , , ,15,00,0,00, 
2021,09,HUANCAVELICA,07,TAYACAJA,17,SURCUBAMBA,12929,00132,8,1,2,5,62.7380952380952,1,1,1,3,3,1,QUESO,4208,30,00,UNIDAD,24,.1,0,00, , , , ,30,00,0,00, 
2021,09,HUANCAVELICA,07,TAYACAJA,17,SURCUBAMBA,12929,00163,9,1,2,5,62.7380952380952,1,1,1,1,1,1,QUESO,4208,170,00,UNIDAD,24,.1,70,00,2,00,140,20,100,00,0,00, 
2021,09,HUANCAVELICA,07,TAYACAJA,17,SURCUBAMBA,12929,00165,10,1,2,5,62.7380952380952,1,1,1,1,1,1,QUESO,4208,100,00,UNIDAD,24,.1,0,00, , , , ,80,00,20,00, 
2021,09,HUANCAVELICA,07,TAYACAJA,17,SURCUBAMBA,12929,00239,13,1,2,5,62.7380952380952,1,1,1,1,1,1,QUESO,4208,60,00,UNIDAD,24,.1,0,00, , , , ,60,00,0,00, 
2021,09,HUANCAVELICA,07,TAYACAJA,18,TINTAY PUNCU,12940,00093,8,1,2,5,62.7380952380952,1,1,1,1,1,1,QUESO,4208,20,00,KILOGRAMO,12,1,0,00, , , , ,16,00,4,00, 
2021,09,HUANCAVELICA,07,TAYACAJA,18,TINTAY PUNCU,12942,00003,1,1,2,5,62.7380952380952,1,1,1,2, ,1,CHARQUI,4211,13,00,KILOGRAMO,12,1,0,00, , , , ,9,00,4,00, 
2021,09,HUANCAVELICA,07,TAYACAJA,18,TINTAY PUNCU,12942,00013,2,1,2,5,62.7380952380952,1,1,1,2, ,1,CHARQUI,4211,7,00,KILOGRAMO,12,1,0,00, , , , ,4,00,3,00, 
2021,09,HUANCAVELICA,07,TAYACAJA,18,TINTAY PUNCU,12942,00019,3,1,2,5,62.7380952380952,1,1,1,2, ,1,CHARQUI,4211,6,00,KILOGRAMO,12,1,0,00, , , , ,6,00,0,00, 
2021,09,HUANCAVELICA,07,TAYACAJA,18,TINTAY PUNCU,12942,00025,4,1,2,5,62.7380952380952,1,1,1,2, ,1,CHARQUI,4211,6,00,KILOGRAMO,12,1,0,00, , , , ,4,00,2,00, 
2021,09,HUANCAVELICA,07,TAYACAJA,18,TINTAY PUNCU,12942,00033,5,1,2,5,62.7380952380952,1,1,1,2, ,2,CHARQUI,4211,5,00,KILOGRAMO,12,1,0,00, , , , ,5,00,0,00, 
2021,09,HUANCAVELICA,07,TAYACAJA,18,TINTAY PUNCU,12942,00033,5,1,2,5,62.7380952380952,1,1,1,1,1,1,QUESO,4208,50,00,KILOGRAMO,12,1,20,00,18,00,360,18,20,00,10,00, 
2021,09,HUANCAVELICA,07,TAYACAJA,18,TINTAY PUNCU,12942,00034,6,1,2,5,62.7380952380952,1,1,1,2, ,1,CHARQUI,4211,10,00,KILOGRAMO,12,1,0,00, , , , ,7,00,3,00, 
2021,09,HUANCAVELICA,07,TAYACAJA,18,TINTAY PUNCU,12942,00042,7,1,2,5,62.7380952380952,1,1,1,2, ,1,CHARQUI,4211,6,00,KILOGRAMO,12,1,0,00, , , , ,4,00,2,00, 
2021,09,HUANCAVELICA,07,TAYACAJA,18,TINTAY PUNCU,12942,00056,9,1,2,5,62.7380952380952,1,1,1,2, ,1,CHARQUI,4211,7,00,KILOGRAMO,12,1,0,00, , , , ,5,00,2,00, 
2021,09,HUANCAVELICA,07,TAYACAJA,18,TINTAY PUNCU,12942,00057,10,1,2,5,62.7380952380952,1,1,1,2, ,1,CHARQUI,4211,6,00,KILOGRAMO,12,1,0,00, , , , ,4,00,2,00, 
2021,09,HUANCAVELICA,07,TAYACAJA,18,TINTAY PUNCU,12942,00065,11,1,2,5,62.7380952380952,1,1,1,2, ,1,CHARQUI,4211,12,00,KILOGRAMO,12,1,0,00, , , , ,8,00,4,00, 
2021,09,HUANCAVELICA,07,TAYACAJA,05,COLCABAMBA,12949,00006,2,1,2,5,67.5641025641026,1,1,1,1,1,2,QUESO,4208,20,00,KILOGRAMO,12,1,0,00, , , , ,20,00,0,00, 
2021,09,HUANCAVELICA,07,TAYACAJA,05,COLCABAMBA,12949,00006,2,1,2,5,67.5641025641026,1,1,1,1, ,1,CHARQUI,4211,45,00,KILOGRAMO,12,1,0,00, , , , ,40,00,5,00, 
2021,09,HUANCAVELICA,07,TAYACAJA,05,COLCABAMBA,12949,00029,6,1,2,5,67.5641025641026,1,1,1,1,1,1,QUESO,4208,10,00,KILOGRAMO,12,1,0,00, , , , ,10,00,0,00, 
2021,09,HUANCAVELICA,07,TAYACAJA,05,COLCABAMBA,12952,00063,7,1,2,5,62.7380952380952,1,1,1,2, ,1,CHARQUI,4211,14,00,KILOGRAMO,12,1,0,00, , , , ,10,00,4,00, 
2021,09,HUANCAVELICA,07,TAYACAJA,05,COLCABAMBA,12952,00109,11,1,2,5,62.7380952380952,1,1,1,1, ,1,CHARQUI,4211,12,00,KILOGRAMO,12,1,0,00, , , , ,9,00,3,00, 
2021,09,HUANCAVELICA,07,TAYACAJA,05,COLCABAMBA,12957,00086,8,1,2,5,62.7380952380952,1,1,1,1,1,1,QUESO,4208,280,00,KILOGRAMO,12,1,250,00,18,00,4500,18,30,00,0,00, 
2021,09,HUANCAVELICA,07,TAYACAJA,05,COLCABAMBA,12957,00103,9,1,2,5,62.7380952380952,1,1,1,1,1,1,QUESO,4208,100,00,KILOGRAMO,12,1,50,00,9,00,450,9,50,00,0,00, 
2021,09,HUANCAVELICA,07,TAYACAJA,05,COLCABAMBA,12957,00153,13,1,2,5,62.7380952380952,1,1,1,1,1,1,QUESO,4208,150,00,KILOGRAMO,12,1,120,00,18,00,2160,18,25,00,5,00, 
2021,09,HUANCAVELICA,07,TAYACAJA,05,COLCABAMBA,12957,00163,14,1,2,5,62.7380952380952,1,1,1,1,1,1,QUESO,4208,280,00,KILOGRAMO,12,1,250,00,18,00,4500,18,30,00,0,00, 
2021,09,HUANCAVELICA,07,TAYACAJA,05,COLCABAMBA,12972,00024,3,1,2,5,62.7380952380952,1,1,1,1,1,1,QUESO,4208,320,00,KILOGRAMO,12,1,300,00,20,00,6000,20,20,00,0,00, 
2021,09,HUANCAVELICA,07,TAYACAJA,05,COLCABAMBA,12978,00002,1,1,2,5,62.7380952380952,1,1,1,1,1,1,QUESO,4208,250,00,UNIDAD,24,.1,100,00,1,30,130,13,125,00,25,00, 
2021,09,HUANCAVELICA,07,TAYACAJA,05,COLCABAMBA,12978,00017,3,1,2,5,62.7380952380952,1,1,1,1,1,1,QUESO,4208,300,00,UNIDAD,24,.1,100,00,1,30,130,13,180,00,20,00, 
2021,09,HUANCAVELICA,07,TAYACAJA,05,COLCABAMBA,12978,00082,9,1,2,5,62.7380952380952,1,1,1,1,1,1,QUESO,4208,45,00,UNIDAD,24,.1,30,00,1,30,39,13,15,00,0,00, 
2021,09,HUANCAVELICA,07,TAYACAJA,05,COLCABAMBA,12978,00097,10,1,2,5,62.7380952380952,1,1,1,1,1,1,QUESO,4208,250,00,UNIDAD,24,.1,0,00, , , , ,225,00,25,00, 
2021,09,HUANCAVELICA,07,TAYACAJA,05,COLCABAMBA,12979,00004,1,1,2,5,62.7380952380952,1,1,1,2, ,1,CHARQUI,4211,4,00,KILOGRAMO,12,1,0,00, , , , ,4,00,0,00, 
2021,09,HUANCAVELICA,07,TAYACAJA,05,COLCABAMBA,12979,00013,2,1,2,5,62.7380952380952,1,1,1,1,1,1,QUESO,4208,20,00,KILOGRAMO,12,1,0,00, , , , ,15,00,5,00, 
2021,09,HUANCAVELICA,07,TAYACAJA,05,COLCABAMBA,12979,00026,4,1,2,5,62.7380952380952,1,1,1,1,1,1,QUESO,4208,34,00,KILOGRAMO,12,1,10,00,15,00,150,15,24,00,0,00, 
2021,09,HUANCAVELICA,07,TAYACAJA,05,COLCABAMBA,12979,00035,6,1,2,5,62.7380952380952,1,1,1,1,1,1,QUESO,4208,15,00,KILOGRAMO,12,1,10,00,12,00,120,12,5,00,0,00, 
2021,09,HUANCAVELICA,07,TAYACAJA,05,COLCABAMBA,12979,00039,7,1,2,5,62.7380952380952,1,1,1,2, ,1,CHARQUI,4211,3,00,KILOGRAMO,12,1,0,00, , , , ,3,00,0,00, 
2021,09,HUANCAVELICA,07,TAYACAJA,05,COLCABAMBA,12979,00045,8,1,2,5,62.7380952380952,1,1,1,2, ,1,CHARQUI,4211,5,00,KILOGRAMO,12,1,0,00, , , , ,5,00,0,00, 
2021,09,HUANCAVELICA,07,TAYACAJA,05,COLCABAMBA,12979,00072,11,1,2,5,62.7380952380952,1,1,1,1,1,1,QUESO,4208,20,00,KILOGRAMO,12,1,10,00,15,00,150,15,10,00,0,00, 
2021,09,HUANCAVELICA,07,TAYACAJA,05,COLCABAMBA,12979,00072,11,1,2,5,62.7380952380952,1,1,1,2, ,2,CHARQUI,4211,7,00,KILOGRAMO,12,1,0,00, , , , ,3,00,4,00, 
2021,09,HUANCAVELICA,07,TAYACAJA,06,DANIEL HERNANDEZ,12983,00095,12,1,2,5,62.7380952380952,1,1,1,1,1,1,QUESO,4208,10,00,KILOGRAMO,12,1,8,00,15,00,120,15,2,00,0,00, 
2021,09,HUANCAVELICA,07,TAYACAJA,06,DANIEL HERNANDEZ,12983,00102,13,1,2,5,62.7380952380952,1,1,1,1,1,1,QUESO,4208,22,00,KILOGRAMO,12,1,0,00, , , , ,22,00,0,00, 
2021,09,HUANCAVELICA,07,TAYACAJA,09,HUARIBAMBA,12990,00009,1,1,2,5,62.7380952380952,1,1,1,1,1,1,QUESO,4208,50,00,KILOGRAMO,12,1,10,00,15,00,150,15,40,00,0,00, 
2021,09,HUANCAVELICA,07,TAYACAJA,09,HUARIBAMBA,12990,00029,4,1,2,5,62.7380952380952,1,1,1,1,1,1,QUESO,4208,37,50,KILOGRAMO,12,1,0,00, , , , ,37,50,0,00, 
2021,09,HUANCAVELICA,07,TAYACAJA,09,HUARIBAMBA,12990,00035,5,1,2,5,62.7380952380952,1,1,1,1,1,1,QUESO,4208,37,50,KILOGRAMO,12,1,27,00,16,00,432,16,10,50,0,00, 
2021,09,HUANCAVELICA,07,TAYACAJA,09,HUARIBAMBA,12990,00052,6,1,2,5,62.7380952380952,1,1,1,1,1,1,QUESO,4208,25,00,KILOGRAMO,12,1,0,00, , , , ,25,00,0,00, 
2021,09,HUANCAVELICA,07,TAYACAJA,09,HUARIBAMBA,12990,00053,7,1,2,5,62.7380952380952,1,1,1,1,1,1,QUESO,4208,60,00,KILOGRAMO,12,1,30,00,15,00,450,15,30,00,0,00, 
2021,09,HUANCAVELICA,07,TAYACAJA,09,HUARIBAMBA,12990,00070,9,1,2,5,62.7380952380952,1,1,1,1,1,1,QUESO,4208,77,50,KILOGRAMO,12,1,25,00,15,00,375,15,52,50,0,00, 
2021,09,HUANCAVELICA,07,TAYACAJA,09,HUARIBAMBA,12992,00013,3,1,2,5,62.7380952380952,1,1,1,1,1,1,QUESO,4208,40,00,KILOGRAMO,12,1,20,00,15,00,300,15,15,00,5,00, 
2021,09,HUANCAVELICA,07,TAYACAJA,09,HUARIBAMBA,12992,00030,6,1,2,5,62.7380952380952,1,1,1,1,1,1,QUESO,4208,40,00,KILOGRAMO,12,1,0,00, , , , ,30,00,10,00, 
2021,09,HUANCAVELICA,07,TAYACAJA,09,HUARIBAMBA,12992,00046,8,1,2,5,62.7380952380952,1,1,1,2, ,1,CHARQUI,4211,5,00,KILOGRAMO,12,1,0,00, , , , ,4,00,1,00, 
2021,09,HUANCAVELICA,07,TAYACAJA,09,HUARIBAMBA,12992,00051,9,1,2,5,62.7380952380952,1,1,1,"2,5", ,1,CHARQUI,4211,18,00,KILOGRAMO,12,1,0,00, , , , ,15,00,3,00, 
2021,09,HUANCAVELICA,07,TAYACAJA,09,HUARIBAMBA,12992,00051,9,1,2,5,62.7380952380952,1,1,1,1,1,2,QUESO,4208,27,00,KILOGRAMO,12,1,0,00, , , , ,27,00,0,00, 
2021,09,HUANCAVELICA,07,TAYACAJA,09,HUARIBAMBA,12992,00064,11,1,2,5,62.7380952380952,1,1,1,1,1,1,QUESO,4208,34,00,KILOGRAMO,12,1,0,00, , , , ,25,00,9,00, 
2021,09,HUANCAVELICA,07,TAYACAJA,09,HUARIBAMBA,12992,00077,14,1,2,5,62.7380952380952,1,1,1,1,1,1,QUESO,4208,30,00,KILOGRAMO,12,1,0,00, , , , ,30,00,0,00, 
2021,09,HUANCAVELICA,07,TAYACAJA,09,HUARIBAMBA,12995,00019,2,1,2,5,62.7380952380952,1,1,1,1,1,1,QUESO,4208,50,00,KILOGRAMO,12,1,20,00,18,00,360,18,20,00,10,00, 
2021,09,HUANCAVELICA,07,TAYACAJA,09,HUARIBAMBA,12995,00020,3,1,2,5,62.7380952380952,1,1,1,2, ,2,CHARQUI,4211,6,00,KILOGRAMO,12,1,0,00, , , , ,6,00,0,00, 
2021,09,HUANCAVELICA,07,TAYACAJA,09,HUARIBAMBA,12995,00020,3,1,2,5,62.7380952380952,1,1,1,1,1,1,QUESO,4208,50,00,KILOGRAMO,12,1,20,00,18,00,360,18,20,00,10,00, 
2021,09,HUANCAVELICA,07,TAYACAJA,09,HUARIBAMBA,12995,00030,5,1,2,5,62.7380952380952,1,1,1,1,1,1,QUESO,4208,20,00,KILOGRAMO,12,1,0,00, , , , ,15,00,5,00, 
2021,09,HUANCAVELICA,07,TAYACAJA,09,HUARIBAMBA,12995,00039,6,1,2,5,62.7380952380952,1,1,1,2, ,2,CHARQUI,4211,7,00,KILOGRAMO,12,1,0,00, , , , ,5,00,2,00, 
2021,09,HUANCAVELICA,07,TAYACAJA,09,HUARIBAMBA,12995,00039,6,1,2,5,62.7380952380952,1,1,1,1,1,1,QUESO,4208,50,00,KILOGRAMO,12,1,30,00,18,00,540,18,15,00,5,00, 
2021,09,HUANCAVELICA,07,TAYACAJA,09,HUARIBAMBA,12995,00061,9,1,2,5,62.7380952380952,1,1,1,1,1,1,QUESO,4208,90,00,KILOGRAMO,12,1,30,00,18,00,540,18,50,00,10,00, 
2021,09,HUANCAVELICA,07,TAYACAJA,09,HUARIBAMBA,12995,00067,10,1,2,5,62.7380952380952,1,1,1,1,1,1,QUESO,4208,20,00,KILOGRAMO,12,1,0,00, , , , ,15,00,5,00, 
2021,09,HUANCAVELICA,07,TAYACAJA,09,HUARIBAMBA,12995,00087,12,1,2,5,62.7380952380952,1,1,1,1,1,1,QUESO,4208,30,00,KILOGRAMO,12,1,15,00,15,00,225,15,10,00,5,00, 
2021,09,HUANCAVELICA,07,TAYACAJA,09,HUARIBAMBA,12995,00087,12,1,2,5,62.7380952380952,1,1,1,2, ,2,CHARQUI,4211,6,00,KILOGRAMO,12,1,0,00, , , , ,5,00,1,00, 
2021,09,HUANCAVELICA,07,TAYACAJA,09,HUARIBAMBA,12995,00095,13,1,2,5,62.7380952380952,1,1,1,1,1,1,QUESO,4208,40,00,KILOGRAMO,12,1,15,00,15,00,225,15,20,00,5,00, 
2021,09,HUANCAVELICA,07,TAYACAJA,11,PAZOS,13004,00025,2,1,2,5,62.7380952380952,1,1,1,1,1,1,QUESO,4208,170,00,KILOGRAMO,12,1,100,00,18,00,1800,18,60,00,10,00, 
2021,09,HUANCAVELICA,07,TAYACAJA,11,PAZOS,13012,00001,1,1,2,5,62.7380952380952,1,1,1,1,1,1,QUESO,4208,130,00,KILOGRAMO,12,1,80,00,15,00,1200,15,30,00,20,00, 
2021,09,HUANCAVELICA,07,TAYACAJA,11,PAZOS,13012,00056,8,1,2,5,62.7380952380952,1,1,1,1,1,1,QUESO,4208,85,00,KILOGRAMO,12,1,50,00,15,50,775,15.5,30,00,5,00, 
2021,09,HUANCAVELICA,07,TAYACAJA,11,PAZOS,13012,00073,10,1,2,5,62.7380952380952,1,1,1,2, ,1,CHARQUI,4211,11,00,KILOGRAMO,12,1,0,00, , , , ,11,00,0,00, 
2021,09,HUANCAVELICA,07,TAYACAJA,10,ÑAHUIMPUQUIO,13016,00007,1,1,2,5,62.7380952380952,1,1,1,2, ,1,CHARQUI,4211,18,00,KILOGRAMO,12,1,0,00, , , , ,18,00,0,00, 
2021,09,HUANCAVELICA,07,TAYACAJA,10,ÑAHUIMPUQUIO,13016,00024,3,1,2,5,62.7380952380952,1,1,1,2, ,1,CHARQUI,4211,15,00,KILOGRAMO,12,1,0,00, , , , ,15,00,0,00, 
2021,09,HUANCAVELICA,07,TAYACAJA,03,ACRAQUIA,13027,00013,3,1,2,5,62.7380952380952,1,1,1,1,1,1,QUESO,4208,100,00,KILOGRAMO,12,1,80,00,20,00,1600,20,20,00,0,00, 
2021,09,HUANCAVELICA,07,TAYACAJA,03,ACRAQUIA,13027,00040,6,1,2,5,62.7380952380952,1,1,1,1,1,1,QUESO,4208,40,00,KILOGRAMO,12,1,30,00,20,00,600,20,10,00,0,00, 
2021,09,HUANCAVELICA,07,TAYACAJA,03,ACRAQUIA,13027,00068,8,1,2,5,62.7380952380952,1,1,1,1,1,1,QUESO,4208,30,00,KILOGRAMO,12,1,20,00,20,00,400,20,10,00,0,00, 
2021,09,HUANCAVELICA,07,TAYACAJA,03,ACRAQUIA,13027,00079,10,1,2,5,62.7380952380952,1,1,1,1,1,1,QUESO,4208,20,00,KILOGRAMO,12,1,15,00,20,00,300,20,5,00,0,00, 
2021,09,HUANCAVELICA,07,TAYACAJA,03,ACRAQUIA,13027,00113,14,1,2,5,62.7380952380952,1,1,1,1,1,1,QUESO,4208,30,00,KILOGRAMO,12,1,25,00,20,00,500,20,5,00,0,00, 
2021,09,HUANCAVELICA,07,TAYACAJA,04,AHUAYCHA,13035,00028,2,1,2,5,73.1944444444444,1,1,1,1,1,1,QUESO,4208,210,00,UNIDAD,24,.1,0,00, , , , ,150,00,60,00, 
2021,09,HUANCAVELICA,07,TAYACAJA,04,AHUAYCHA,13035,00059,5,1,2,5,73.1944444444444,1,0,1,1,1,1,QUESO,4208,50,00,UNIDAD,24,.1,0,00, , , , ,50,00,0,00, 
2021,09,HUANCAVELICA,07,TAYACAJA,04,AHUAYCHA,13035,00091,7,1,2,5,73.1944444444444,1,1,1,1,1,1,QUESO,4208,100,00,UNIDAD,24,.1,0,00, , , , ,90,00,10,00, 
2021,09,HUANCAVELICA,07,TAYACAJA,01,PAMPAS,13049,00069,6,1,2,5,62.7380952380952,1,1,1,1,1,1,QUESO,4208,60,00,KILOGRAMO,12,1,10,00,16,00,160,16,50,00,0,00, 
2021,09,HUANCAVELICA,07,TAYACAJA,01,PAMPAS,13049,00106,10,1,2,5,62.7380952380952,1,1,1,1,1,1,QUESO,4208,25,00,KILOGRAMO,12,1,0,00, , , , ,22,00,3,00, 
2021,09,HUANCAVELICA,05,CHURCAMPA,10,PACHAMARCA,13066,00019,2,1,2,5,67.5641025641026,1,1,1,1,1,1,QUESO,4208,62,00,KILOGRAMO,12,1,50,00,15,00,750,15,8,00,4,00, 
2021,09,HUANCAVELICA,05,CHURCAMPA,10,PACHAMARCA,13066,00024,3,1,2,5,67.5641025641026,1,1,1,1,1,1,QUESO,4208,30,00,KILOGRAMO,12,1,15,00,8,00,120,8,10,00,5,00, 
2021,09,HUANCAVELICA,05,CHURCAMPA,10,PACHAMARCA,13066,00041,5,1,2,5,67.5641025641026,1,1,1,1,1,1,QUESO,4208,34,00,KILOGRAMO,12,1,0,00, , , , ,30,00,4,00, 
2021,09,HUANCAVELICA,05,CHURCAMPA,10,PACHAMARCA,13066,00051,6,1,2,5,67.5641025641026,1,1,1,1,1,1,QUESO,4208,16,00,KILOGRAMO,12,1,0,00, , , , ,16,00,0,00, 
2021,09,HUANCAVELICA,05,CHURCAMPA,10,PACHAMARCA,13066,00060,7,1,2,5,67.5641025641026,1,1,1,1,1,1,QUESO,4208,20,00,KILOGRAMO,12,1,0,00, , , , ,20,00,0,00, 
2021,09,HUANCAVELICA,05,CHURCAMPA,10,PACHAMARCA,13066,00072,8,1,2,5,67.5641025641026,1,1,1,1,1,1,QUESO,4208,52,00,KILOGRAMO,12,1,12,00,15,00,180,15,40,00,0,00, 
2021,09,HUANCAVELICA,05,CHURCAMPA,10,PACHAMARCA,13066,00080,9,1,2,5,67.5641025641026,1,1,1,1,1,1,QUESO,4208,40,00,KILOGRAMO,12,1,0,00, , , , ,30,00,10,00, 
2021,09,HUANCAVELICA,05,CHURCAMPA,10,PACHAMARCA,13066,00092,10,1,2,5,67.5641025641026,1,1,1,1,1,1,QUESO,4208,26,00,KILOGRAMO,12,1,16,00,15,00,240,15,10,00,0,00, 
2021,09,HUANCAVELICA,05,CHURCAMPA,10,PACHAMARCA,13066,00118,12,1,2,5,67.5641025641026,1,1,1,1,1,1,QUESO,4208,26,00,KILOGRAMO,12,1,16,00,15,00,240,15,10,00,0,00, 
2021,09,HUANCAVELICA,05,CHURCAMPA,10,PACHAMARCA,13066,00129,14,1,2,5,67.5641025641026,1,1,1,1,1,1,QUESO,4208,21,00,KILOGRAMO,12,1,0,00, , , , ,15,00,6,00, 
2021,09,HUANCAVELICA,05,CHURCAMPA,02,ANCO,13084,00075,10,1,2,5,62.7380952380952,1,1,1,1,1,1,QUESO,4208,50,00,KILOGRAMO,12,1,25,00,15,00,375,15,25,00,0,00, 
2021,09,HUANCAVELICA,05,CHURCAMPA,09,SAN PEDRO DE CORIS,13090,00002,1,1,2,5,73.1944444444444,1,1,1,1,1,1,QUESO,4208,72,00,KILOGRAMO,12,1,50,00,15,00,750,15,22,00,0,00, 
2021,09,HUANCAVELICA,05,CHURCAMPA,09,SAN PEDRO DE CORIS,13090,00014,2,1,2,5,73.1944444444444,1,1,1,1,1,1,QUESO,4208,7,00,KILOGRAMO,12,1,0,00, , , , ,7,00,0,00, 
2021,09,HUANCAVELICA,05,CHURCAMPA,09,SAN PEDRO DE CORIS,13090,00058,9,1,2,5,73.1944444444444,1,1,1,1,1,1,QUESO,4208,4,00,KILOGRAMO,12,1,2,00,15,00,30,15,2,00,0,00, 
2021,09,HUANCAVELICA,05,CHURCAMPA,09,SAN PEDRO DE CORIS,13090,00066,10,1,2,5,73.1944444444444,1,1,1,1,1,1,QUESO,4208,22,00,KILOGRAMO,12,1,12,00,15,00,180,15,10,00,0,00, 
2021,09,HUANCAVELICA,05,CHURCAMPA,09,SAN PEDRO DE CORIS,13090,00081,12,1,2,5,73.1944444444444,1,1,1,1,1,1,QUESO,4208,3,00,KILOGRAMO,12,1,0,00, , , , ,3,00,0,00, 
2021,09,HUANCAVELICA,05,CHURCAMPA,09,SAN PEDRO DE CORIS,13090,00090,13,1,2,5,73.1944444444444,1,1,1,1,1,1,QUESO,4208,1,00,KILOGRAMO,12,1,0,00, , , , ,1,00,0,00, 
2021,09,HUANCAVELICA,05,CHURCAMPA,09,SAN PEDRO DE CORIS,13092,00081,6,1,2,5,62.7380952380952,1,1,1,1,1,1,QUESO,4208,30,00,KILOGRAMO,12,1,10,00,14,00,140,14,20,00,0,00, 
2021,09,HUANCAVELICA,05,CHURCAMPA,09,SAN PEDRO DE CORIS,13092,00198,10,1,2,5,62.7380952380952,1,1,1,1,1,1,QUESO,4208,38,00,KILOGRAMO,12,1,0,00, , , , ,20,00,18,00, 
2021,09,HUANCAVELICA,05,CHURCAMPA,09,SAN PEDRO DE CORIS,13092,00255,13,1,2,5,62.7380952380952,1,1,1,2, ,1,CHARQUI,4211,5,00,KILOGRAMO,12,1,0,00, , , , ,5,00,0,00, 
2021,09,HUANCAVELICA,05,CHURCAMPA,06,LOCROJA,13101,00006,1,1,2,5,62.7380952380952,1,1,1,1,1,1,QUESO,4208,62,00,KILOGRAMO,12,1,40,00,15,00,600,15,15,00,7,00, 
2021,09,HUANCAVELICA,05,CHURCAMPA,06,LOCROJA,13101,00027,3,1,2,5,62.7380952380952,1,1,1,1,1,1,QUESO,4208,26,00,KILOGRAMO,12,1,10,00,15,00,150,15,10,00,6,00, 
2021,09,HUANCAVELICA,05,CHURCAMPA,06,LOCROJA,13101,00036,5,1,2,5,62.7380952380952,1,1,1,1,1,1,QUESO,4208,20,00,KILOGRAMO,12,1,0,00, , , , ,20,00,0,00, 
2021,09,HUANCAVELICA,05,CHURCAMPA,06,LOCROJA,13101,00045,6,1,2,5,62.7380952380952,1,1,1,1,1,1,QUESO,4208,48,00,KILOGRAMO,12,1,30,00,15,00,450,15,18,00,0,00, 
2021,09,HUANCAVELICA,05,CHURCAMPA,06,LOCROJA,13101,00056,8,1,2,5,62.7380952380952,1,1,1,1,1,1,QUESO,4208,30,00,KILOGRAMO,12,1,10,00,15,00,150,15,20,00,0,00, 
2021,09,HUANCAVELICA,05,CHURCAMPA,06,LOCROJA,13101,00074,10,1,2,5,62.7380952380952,1,1,1,1,1,1,QUESO,4208,26,00,KILOGRAMO,12,1,0,00, , , , ,26,00,0,00, 
2021,09,HUANCAVELICA,05,CHURCAMPA,06,LOCROJA,13101,00087,11,1,2,5,62.7380952380952,1,1,1,1,1,1,QUESO,4208,20,00,KILOGRAMO,12,1,0,00, , , , ,20,00,0,00, 
2021,09,HUANCAVELICA,05,CHURCAMPA,06,LOCROJA,13101,00093,12,1,2,5,62.7380952380952,1,1,1,1,1,1,QUESO,4208,13,00,KILOGRAMO,12,1,8,00,15,00,120,15,5,00,0,00, 
2021,09,HUANCAVELICA,05,CHURCAMPA,06,LOCROJA,13101,00098,13,1,2,5,62.7380952380952,1,1,1,1,1,1,QUESO,4208,20,00,KILOGRAMO,12,1,0,00, , , , ,5,00,15,00, 
2021,09,HUANCAVELICA,05,CHURCAMPA,06,LOCROJA,13101,00106,14,1,2,5,62.7380952380952,1,1,1,1,1,1,QUESO,4208,8,00,KILOGRAMO,12,1,5,00,15,00,75,15,3,00,0,00, 
2021,09,HUANCAVELICA,05,CHURCAMPA,01,CHURCAMPA,13106,00015,3,1,2,5,62.7380952380952,1,1,1,1,1,1,QUESO,4208,30,00,KILOGRAMO,12,1,25,00,15,00,375,15,5,00,0,00, 
2021,09,HUANCAVELICA,05,CHURCAMPA,01,CHURCAMPA,13106,00076,11,1,2,5,62.7380952380952,1,1,1,1,1,1,QUESO,4208,50,00,KILOGRAMO,12,1,40,00,15,00,600,15,10,00,0,00, 
2021,09,HUANCAVELICA,05,CHURCAMPA,01,CHURCAMPA,13106,00089,12,1,2,5,62.7380952380952,1,1,1,1,1,1,QUESO,4208,20,00,KILOGRAMO,12,1,10,00,15,00,150,15,10,00,0,00, 
2021,09,HUANCAVELICA,05,CHURCAMPA,01,CHURCAMPA,13116,00026,4,1,2,5,62.7380952380952,1,1,1,1,1,1,QUESO,4208,80,00,KILOGRAMO,12,1,60,00,20,00,1200,20,20,00,0,00, 
2021,09,HUANCAVELICA,05,CHURCAMPA,01,CHURCAMPA,13116,00040,5,1,2,5,62.7380952380952,1,1,1,1,1,1,QUESO,4208,50,00,KILOGRAMO,12,1,30,00,20,00,600,20,20,00,0,00, 
2021,09,HUANCAVELICA,05,CHURCAMPA,01,CHURCAMPA,13116,00053,6,1,2,5,62.7380952380952,1,1,1,1,1,1,QUESO,4208,100,00,KILOGRAMO,12,1,80,00,20,00,1600,20,20,00,0,00, 
2021,09,HUANCAVELICA,05,CHURCAMPA,01,CHURCAMPA,13116,00061,7,1,2,5,62.7380952380952,1,1,1,1,1,1,QUESO,4208,80,00,KILOGRAMO,12,1,70,00,20,00,1400,20,10,00,0,00, 
2021,09,HUANCAVELICA,05,CHURCAMPA,01,CHURCAMPA,13116,00068,8,1,2,5,62.7380952380952,1,1,1,1,1,1,QUESO,4208,70,00,KILOGRAMO,12,1,50,00,20,00,1000,20,20,00,0,00, 
2021,09,HUANCAVELICA,05,CHURCAMPA,01,CHURCAMPA,13116,00081,10,1,2,5,62.7380952380952,1,1,1,1,1,1,QUESO,4208,200,00,KILOGRAMO,12,1,180,00,20,00,3600,20,20,00,0,00, 
2021,09,HUANCAVELICA,05,CHURCAMPA,01,CHURCAMPA,13116,00095,13,1,2,5,62.7380952380952,1,1,1,1,1,1,QUESO,4208,120,00,KILOGRAMO,12,1,100,00,20,00,2000,20,20,00,0,00, 
2021,09,HUANCAVELICA,05,CHURCAMPA,01,CHURCAMPA,13116,00103,14,1,2,5,62.7380952380952,1,1,1,1,1,1,QUESO,4208,70,00,KILOGRAMO,12,1,60,00,20,00,1200,20,10,00,0,00, 
2021,09,HUANCAVELICA,05,CHURCAMPA,01,CHURCAMPA,13117,00003,1,1,2,5,73.1944444444444,1,1,1,2, ,1,CHARQUI,4211,6,00,KILOGRAMO,12,1,0,00, , , , ,6,00,0,00, 
2021,09,HUANCAVELICA,05,CHURCAMPA,01,CHURCAMPA,13117,00098,14,1,2,5,73.1944444444444,1,1,1,1,1,1,QUESO,4208,258,00,KILOGRAMO,12,1,150,00,15,00,2250,15,28,00,80,00, 
2021,09,HUANCAVELICA,02,ACOBAMBA,06,PAUCARA,13127,00001,1,1,2,5,62.7380952380952,1,1,1,1,1,1,QUESO,4208,150,00,UNIDAD,24,.1,0,00, , , , ,130,00,20,00, 
2021,09,HUANCAVELICA,02,ACOBAMBA,06,PAUCARA,13127,00023,2,1,2,5,62.7380952380952,1,1,1,1,1,1,QUESO,4208,100,00,UNIDAD,24,.1,50,00,1,20,60,12,50,00,0,00, 
2021,09,HUANCAVELICA,02,ACOBAMBA,06,PAUCARA,13127,00097,8,1,2,5,62.7380952380952,1,1,1,1,1,1,QUESO,4208,67,00,KILOGRAMO,12,1,0,00, , , , ,47,00,20,00, 
2021,09,HUANCAVELICA,02,ACOBAMBA,06,PAUCARA,13133,00018,3,1,2,5,67.5641025641026,1,1,1,1,1,1,QUESO,4208,30,00,KILOGRAMO,12,1,25,00,18,00,450,18,5,00,0,00, 
2021,09,HUANCAVELICA,02,ACOBAMBA,06,PAUCARA,13133,00047,6,1,2,5,67.5641025641026,1,1,1,1,1,1,QUESO,4208,30,00,KILOGRAMO,12,1,25,00,18,00,450,18,5,00,0,00, 
2021,09,HUANCAVELICA,02,ACOBAMBA,06,PAUCARA,13133,00064,8,1,2,5,67.5641025641026,1,1,1,1,1,1,QUESO,4208,30,00,KILOGRAMO,12,1,25,00,18,00,450,18,5,00,0,00, 
2021,09,HUANCAVELICA,02,ACOBAMBA,06,PAUCARA,13133,00080,9,1,2,5,67.5641025641026,1,1,1,1,1,1,QUESO,4208,50,00,KILOGRAMO,12,1,40,00,20,00,800,20,10,00,0,00, 
2021,09,HUANCAVELICA,02,ACOBAMBA,06,PAUCARA,13133,00097,10,1,2,5,67.5641025641026,1,1,1,1,1,1,QUESO,4208,40,00,KILOGRAMO,12,1,30,00,18,00,540,18,10,00,0,00, 
2021,09,HUANCAVELICA,02,ACOBAMBA,06,PAUCARA,13133,00124,13,1,2,5,67.5641025641026,1,1,1,2, ,2,CHARQUI,4211,20,00,KILOGRAMO,12,1,0,00, , , , ,20,00,0,00, 
2021,09,HUANCAVELICA,02,ACOBAMBA,06,PAUCARA,13133,00124,13,1,2,5,67.5641025641026,1,1,1,1,1,1,QUESO,4208,100,00,KILOGRAMO,12,1,50,00,18,00,900,18,50,00,0,00, 
2021,09,HUANCAVELICA,02,ACOBAMBA,06,PAUCARA,13137,00106,4,1,2,5,62.7380952380952,1,1,1,1,1,1,QUESO,4208,90,00,KILOGRAMO,12,1,50,00,15,00,750,15,40,00,0,00, 
2021,09,HUANCAVELICA,02,ACOBAMBA,06,PAUCARA,13137,00190,7,1,2,5,62.7380952380952,1,1,1,1,1,1,QUESO,4208,30,00,KILOGRAMO,12,1,0,00, , , , ,30,00,0,00, 
2021,09,HUANCAVELICA,02,ACOBAMBA,06,PAUCARA,13137,00234,8,1,2,5,62.7380952380952,1,0,1,1,1,1,QUESO,4208,40,00,KILOGRAMO,12,1,0,00, , , , ,40,00,0,00, 
2021,09,HUANCAVELICA,02,ACOBAMBA,06,PAUCARA,13137,00300,12,1,2,5,62.7380952380952,1,1,1,1,1,1,QUESO,4208,120,00,KILOGRAMO,12,1,0,00, , , , ,50,00,70,00, 
2021,09,HUANCAVELICA,02,ACOBAMBA,08,ROSARIO,13150,00002,1,1,2,5,62.7380952380952,1,1,1,1,1,1,QUESO,4208,18,00,KILOGRAMO,12,1,0,00, , , , ,18,00,0,00, 
2021,09,HUANCAVELICA,02,ACOBAMBA,08,ROSARIO,13150,00010,2,1,2,5,62.7380952380952,1,1,1,1,1,1,QUESO,4208,100,00,KILOGRAMO,12,1,80,00,18,00,1440,18,15,00,5,00, 
2021,09,HUANCAVELICA,02,ACOBAMBA,08,ROSARIO,13150,00017,3,1,2,5,62.7380952380952,1,1,1,1,1,1,QUESO,4208,50,00,KILOGRAMO,12,1,0,00, , , , ,40,00,10,00, 
2021,09,HUANCAVELICA,02,ACOBAMBA,08,ROSARIO,13150,00062,10,1,2,5,62.7380952380952,1,1,1,1,1,1,QUESO,4208,20,00,KILOGRAMO,12,1,5,00,18,00,90,18,13,00,2,00, 
2021,09,HUANCAVELICA,02,ACOBAMBA,08,ROSARIO,13150,00073,11,1,2,5,62.7380952380952,1,1,1,1,1,1,QUESO,4208,20,00,KILOGRAMO,12,1,10,00,18,00,180,18,10,00,0,00, 
2021,09,HUANCAVELICA,02,ACOBAMBA,08,ROSARIO,13150,00080,12,1,2,5,62.7380952380952,1,1,1,1,1,1,QUESO,4208,50,00,KILOGRAMO,12,1,20,00,18,00,360,18,25,00,5,00, 
2021,09,HUANCAVELICA,02,ACOBAMBA,08,ROSARIO,13155,00010,2,1,2,5,67.5641025641026,1,1,1,2, ,1,CHARQUI,4211,7,00,KILOGRAMO,12,1,0,00, , , , ,7,00,0,00, 
2021,09,HUANCAVELICA,02,ACOBAMBA,08,ROSARIO,13155,00025,4,1,2,5,67.5641025641026,1,1,1,2, ,1,CHARQUI,4211,9,00,KILOGRAMO,12,1,0,00, , , , ,9,00,0,00, 
2021,09,HUANCAVELICA,02,ACOBAMBA,08,ROSARIO,13155,00027,5,1,2,5,67.5641025641026,1,1,1,2, ,1,CHARQUI,4211,15,00,KILOGRAMO,12,1,0,00, , , , ,15,00,0,00, 
2021,09,HUANCAVELICA,02,ACOBAMBA,08,ROSARIO,13155,00037,7,1,2,5,67.5641025641026,1,1,1,1,1,1,QUESO,4208,50,00,KILOGRAMO,12,1,20,00,12,00,240,12,20,00,10,00, 
2021,09,HUANCAVELICA,02,ACOBAMBA,08,ROSARIO,13155,00045,8,1,2,5,67.5641025641026,1,1,1,1,1,1,QUESO,4208,38,00,KILOGRAMO,12,1,8,00,15,00,120,15,20,00,10,00, 
2021,09,HUANCAVELICA,02,ACOBAMBA,08,ROSARIO,13155,00052,9,1,2,5,67.5641025641026,1,1,1,1,1,1,QUESO,4208,50,00,KILOGRAMO,12,1,10,00,12,00,120,12,30,00,10,00, 
2021,09,HUANCAVELICA,02,ACOBAMBA,08,ROSARIO,13155,00052,9,1,2,5,67.5641025641026,1,1,1,2, ,2,CHARQUI,4211,9,00,KILOGRAMO,12,1,0,00, , , , ,9,00,0,00, 
2021,09,HUANCAVELICA,02,ACOBAMBA,08,ROSARIO,13155,00067,11,1,2,5,67.5641025641026,1,1,1,2, ,1,CHARQUI,4211,3,00,KILOGRAMO,12,1,0,00, , , , ,3,00,0,00, 
2021,09,HUANCAVELICA,02,ACOBAMBA,08,ROSARIO,13155,00084,13,1,2,5,67.5641025641026,1,1,1,1,1,1,QUESO,4208,176,00,KILOGRAMO,12,1,46,00,15,00,690,15,100,00,30,00, 
2021,09,HUANCAVELICA,02,ACOBAMBA,08,ROSARIO,13155,00087,14,1,2,5,67.5641025641026,1,1,1,1,1,1,QUESO,4208,155,00,KILOGRAMO,12,1,40,00,10,00,400,10,100,00,15,00, 
2021,09,HUANCAVELICA,02,ACOBAMBA,08,ROSARIO,13157,00002,1,1,2,5,62.7380952380952,1,1,1,1,1,1,QUESO,4208,40,00,KILOGRAMO,12,1,35,00,18,00,630,18,5,00,0,00, 
2021,09,HUANCAVELICA,02,ACOBAMBA,08,ROSARIO,13157,00038,7,1,2,5,62.7380952380952,1,1,1,1,1,1,QUESO,4208,90,00,KILOGRAMO,12,1,60,00,18,00,1080,18,30,00,0,00, 
2021,09,HUANCAVELICA,02,ACOBAMBA,08,ROSARIO,13157,00075,12,1,2,5,62.7380952380952,1,1,1,1,1,1,QUESO,4208,20,00,KILOGRAMO,12,1,0,00, , , , ,18,00,2,00, 
2021,09,HUANCAVELICA,02,ACOBAMBA,01,ACOBAMBA,13175,00005,1,1,2,5,62.7380952380952,1,1,1,2, ,2,CHARQUI,4211,15,00,KILOGRAMO,12,1,0,00, , , , ,9,00,6,00, 
2021,09,HUANCAVELICA,02,ACOBAMBA,01,ACOBAMBA,13175,00005,1,1,2,5,62.7380952380952,1,1,1,1,1,1,QUESO,4208,90,00,KILOGRAMO,12,1,40,00,18,00,720,18,30,00,20,00, 
2021,09,HUANCAVELICA,02,ACOBAMBA,01,ACOBAMBA,13175,00037,4,1,2,5,62.7380952380952,1,1,1,2, ,2,CHARQUI,4211,13,00,KILOGRAMO,12,1,0,00, , , , ,10,00,3,00, 
2021,09,HUANCAVELICA,02,ACOBAMBA,01,ACOBAMBA,13175,00037,4,1,2,5,62.7380952380952,1,1,1,1,1,1,QUESO,4208,60,00,KILOGRAMO,12,1,30,00,18,00,540,18,25,00,5,00, 
2021,09,HUANCAVELICA,02,ACOBAMBA,01,ACOBAMBA,13175,00063,6,1,2,5,62.7380952380952,1,1,1,1,1,1,QUESO,4208,20,00,KILOGRAMO,12,1,5,00,18,00,90,18,10,00,5,00, 
2021,09,HUANCAVELICA,02,ACOBAMBA,01,ACOBAMBA,13175,00063,6,1,2,5,62.7380952380952,1,1,1,2, ,2,CHARQUI,4211,6,00,KILOGRAMO,12,1,0,00, , , , ,6,00,0,00, 
2021,09,HUANCAVELICA,02,ACOBAMBA,01,ACOBAMBA,13175,00072,7,1,2,5,62.7380952380952,1,1,1,1,1,1,QUESO,4208,30,00,KILOGRAMO,12,1,0,00, , , , ,25,00,5,00, 
2021,09,HUANCAVELICA,02,ACOBAMBA,01,ACOBAMBA,13175,00073,8,1,2,5,62.7380952380952,1,1,1,1,1,1,QUESO,4208,50,00,KILOGRAMO,12,1,20,00,18,00,360,18,20,00,10,00, 
2021,09,HUANCAVELICA,02,ACOBAMBA,01,ACOBAMBA,13175,00073,8,1,2,5,62.7380952380952,1,1,1,2, ,2,CHARQUI,4211,8,00,KILOGRAMO,12,1,0,00, , , , ,5,00,3,00, 
2021,09,HUANCAVELICA,02,ACOBAMBA,01,ACOBAMBA,13175,00088,10,1,2,5,62.7380952380952,1,1,1,2, ,1,CHARQUI,4211,7,00,KILOGRAMO,12,1,0,00, , , , ,4,00,3,00, 
2021,09,HUANCAVELICA,02,ACOBAMBA,01,ACOBAMBA,13175,00105,12,1,2,5,62.7380952380952,1,1,1,1,1,1,QUESO,4208,20,00,KILOGRAMO,12,1,10,00,18,00,180,18,6,00,4,00, 
2021,09,HUANCAVELICA,02,ACOBAMBA,01,ACOBAMBA,13175,00105,12,1,2,5,62.7380952380952,1,1,1,2, ,2,CHARQUI,4211,6,00,KILOGRAMO,12,1,0,00, , , , ,4,00,2,00, 
2021,09,HUANCAVELICA,02,ACOBAMBA,01,ACOBAMBA,13175,00114,13,1,2,5,62.7380952380952,1,1,1,1,1,1,QUESO,4208,60,00,KILOGRAMO,12,1,30,00,18,00,540,18,25,00,5,00, 
2021,09,HUANCAVELICA,02,ACOBAMBA,01,ACOBAMBA,13175,00114,13,1,2,5,62.7380952380952,1,1,1,2, ,2,CHARQUI,4211,14,00,KILOGRAMO,12,1,0,00, , , , ,10,00,4,00, 
2021,09,HUANCAVELICA,02,ACOBAMBA,01,ACOBAMBA,13175,00124,14,1,2,5,62.7380952380952,1,1,1,2, ,1,CHARQUI,4211,7,00,KILOGRAMO,12,1,0,00, , , , ,5,00,2,00, 
2021,09,HUANCAVELICA,02,ACOBAMBA,01,ACOBAMBA,13177,00004,1,1,2,5,62.7380952380952,1,1,1,1,1,1,QUESO,4208,50,00,UNIDAD,24,.1,0,00, , , , ,50,00,0,00, 
2021,09,HUANCAVELICA,02,ACOBAMBA,01,ACOBAMBA,13177,00012,2,1,2,5,62.7380952380952,1,1,1,1,1,1,QUESO,4208,80,00,UNIDAD,24,.1,0,00, , , , ,70,00,10,00, 
2021,09,HUANCAVELICA,02,ACOBAMBA,01,ACOBAMBA,13177,00066,8,1,2,5,62.7380952380952,1,1,1,1,1,1,QUESO,4208,300,00,UNIDAD,24,.1,150,00,1,80,270,18,130,00,20,00, 
2021,09,HUANCAVELICA,02,ACOBAMBA,01,ACOBAMBA,13177,00090,11,1,2,5,62.7380952380952,1,1,1,1,1,1,QUESO,4208,30,00,UNIDAD,24,.1,0,00, , , , ,20,00,10,00, 
2021,09,HUANCAVELICA,02,ACOBAMBA,07,POMACOCHA,13207,00043,4,1,2,5,62.7380952380952,1,1,1,1,1,1,QUESO,4208,60,00,KILOGRAMO,12,1,40,00,20,00,800,20,20,00,0,00, 
2021,09,HUANCAVELICA,02,ACOBAMBA,07,POMACOCHA,13207,00074,7,1,2,5,62.7380952380952,1,1,1,1,1,1,QUESO,4208,20,00,KILOGRAMO,12,1,15,00,20,00,300,20,5,00,0,00, 
2021,09,HUANCAVELICA,02,ACOBAMBA,07,POMACOCHA,13207,00085,8,1,2,5,62.7380952380952,1,1,1,1,1,1,QUESO,4208,30,00,KILOGRAMO,12,1,25,00,20,00,500,20,5,00,0,00, 
2021,09,HUANCAVELICA,02,ACOBAMBA,07,POMACOCHA,13207,00113,11,1,2,5,62.7380952380952,1,1,1,1,1,1,QUESO,4208,20,00,KILOGRAMO,12,1,15,00,20,00,300,20,5,00,0,00, 
2021,09,HUANCAVELICA,02,ACOBAMBA,07,POMACOCHA,13207,00137,13,1,2,5,62.7380952380952,1,1,1,1,1,1,QUESO,4208,50,00,KILOGRAMO,12,1,40,00,20,00,800,20,10,00,0,00, 
2021,09,HUANCAVELICA,02,ACOBAMBA,07,POMACOCHA,13210,00005,2,1,2,5,62.7380952380952,1,1,1,1,1,1,QUESO,4208,30,00,KILOGRAMO,12,1,0,00, , , , ,30,00,0,00, 
2021,09,HUANCAVELICA,02,ACOBAMBA,07,POMACOCHA,13210,00021,5,1,2,5,62.7380952380952,1,1,1,1,1,1,QUESO,4208,100,00,KILOGRAMO,12,1,60,00,18,00,1080,18,35,00,5,00, 
2021,09,HUANCAVELICA,02,ACOBAMBA,07,POMACOCHA,13210,00029,6,1,2,5,62.7380952380952,1,1,1,1,1,1,QUESO,4208,250,00,KILOGRAMO,12,1,200,00,18,00,3600,18,45,00,5,00, 
2021,09,HUANCAVELICA,02,ACOBAMBA,07,POMACOCHA,13210,00045,7,1,2,5,62.7380952380952,1,1,1,1,1,1,QUESO,4208,100,00,KILOGRAMO,12,1,70,00,18,00,1260,18,25,00,5,00, 
2021,09,HUANCAVELICA,02,ACOBAMBA,07,POMACOCHA,13210,00065,10,1,2,5,62.7380952380952,1,1,1,1,1,1,QUESO,4208,18,00,KILOGRAMO,12,1,0,00, , , , ,18,00,0,00, 
2021,09,HUANCAVELICA,02,ACOBAMBA,07,POMACOCHA,13210,00069,11,1,2,5,62.7380952380952,1,1,1,1,1,1,QUESO,4208,50,00,KILOGRAMO,12,1,35,00,18,00,630,18,15,00,0,00, 
2021,09,HUANCAVELICA,02,ACOBAMBA,07,POMACOCHA,13210,00084,13,1,2,5,62.7380952380952,1,1,1,1,1,1,QUESO,4208,13,00,KILOGRAMO,12,1,0,00, , , , ,13,00,0,00, 
2021,09,HUANCAVELICA,02,ACOBAMBA,07,POMACOCHA,13210,00092,14,1,2,5,62.7380952380952,1,1,1,1,1,1,QUESO,4208,10,00,KILOGRAMO,12,1,0,00, , , , ,10,00,0,00, 
2021,09,HUANCAVELICA,02,ACOBAMBA,04,CAJA,13214,00016,2,1,2,5,62.7380952380952,1,1,1,1,1,1,QUESO,4208,60,00,KILOGRAMO,12,1,10,00,15,00,150,15,40,00,10,00, 
2021,09,HUANCAVELICA,02,ACOBAMBA,04,CAJA,13214,00041,5,1,2,5,62.7380952380952,1,1,1,2, ,1,CHARQUI,4211,5,00,KILOGRAMO,12,1,0,00, , , , ,5,00,0,00, 
2021,09,HUANCAVELICA,02,ACOBAMBA,04,CAJA,13214,00089,11,1,2,5,62.7380952380952,1,1,1,2, ,1,CHARQUI,4211,6,00,KILOGRAMO,12,1,0,00, , , , ,6,00,0,00, 
2021,09,HUANCAVELICA,02,ACOBAMBA,04,CAJA,13214,00102,12,1,2,5,62.7380952380952,1,1,1,2, ,1,CHARQUI,4211,6,00,KILOGRAMO,12,1,0,00, , , , ,6,00,0,00, 
2021,09,HUANCAVELICA,02,ACOBAMBA,04,CAJA,13214,00121,14,1,2,5,62.7380952380952,1,1,1,1,1,1,QUESO,4208,20,00,KILOGRAMO,12,1,5,00,10,00,50,10,5,00,10,00, 
2021,09,HUANCAVELICA,03,ANGARAES,02,ANCHONGA,13227,00029,3,1,2,5,62.7380952380952,1,1,1,1,1,1,QUESO,4208,40,00,KILOGRAMO,12,1,20,00,15,00,300,15,10,00,10,00, 
2021,09,HUANCAVELICA,03,ANGARAES,02,ANCHONGA,13227,00070,5,1,2,5,62.7380952380952,1,1,1,2, ,1,CHARQUI,4211,9,00,KILOGRAMO,12,1,0,00, , , , ,9,00,0,00, 
2021,09,HUANCAVELICA,03,ANGARAES,02,ANCHONGA,13227,00094,7,1,2,5,62.7380952380952,1,1,1,2, ,1,CHARQUI,4211,5,00,KILOGRAMO,12,1,0,00, , , , ,5,00,0,00, 
2021,09,HUANCAVELICA,03,ANGARAES,02,ANCHONGA,13227,00102,8,1,2,5,62.7380952380952,1,1,1,1,1,1,QUESO,4208,35,00,KILOGRAMO,12,1,15,00,15,00,225,15,10,00,10,00, 
2021,09,HUANCAVELICA,03,ANGARAES,02,ANCHONGA,13227,00106,9,1,2,5,62.7380952380952,1,1,1,2, ,1,CHARQUI,4211,9,00,KILOGRAMO,12,1,0,00, , , , ,8,00,1,00, 
2021,09,HUANCAVELICA,03,ANGARAES,02,ANCHONGA,13227,00124,10,1,2,5,62.7380952380952,1,1,1,1,1,1,QUESO,4208,60,00,KILOGRAMO,12,1,0,00, , , , ,40,00,20,00, 
2021,09,HUANCAVELICA,03,ANGARAES,02,ANCHONGA,13227,00124,10,1,2,5,62.7380952380952,1,1,1,2, ,2,CHARQUI,4211,20,00,KILOGRAMO,12,1,0,00, , , , ,15,00,5,00, 
2021,09,HUANCAVELICA,03,ANGARAES,02,ANCHONGA,13227,00166,13,1,2,5,62.7380952380952,1,1,1,2, ,1,CHARQUI,4211,4,00,KILOGRAMO,12,1,0,00, , , , ,4,00,0,00, 
2021,09,HUANCAVELICA,03,ANGARAES,02,ANCHONGA,13234,00062,9,1,2,5,67.5641025641026,1,1,1,1,1,1,QUESO,4208,16,20,KILOGRAMO,12,1,13,50,40,00,540,40,2,70,0,00, 
2021,09,HUANCAVELICA,03,ANGARAES,02,ANCHONGA,13234,00074,10,1,2,5,67.5641025641026,1,1,1,1,1,1,QUESO,4208,120,00,KILOGRAMO,12,1,110,00,22,00,2420,22,10,00,0,00, 
2021,09,HUANCAVELICA,03,ANGARAES,02,ANCHONGA,13234,00095,12,1,2,5,67.5641025641026,1,1,1,1,1,1,QUESO,4208,160,00,KILOGRAMO,12,1,150,00,18,00,2700,18,10,00,0,00, 
2021,09,HUANCAVELICA,03,ANGARAES,02,ANCHONGA,13234,00103,13,1,2,5,67.5641025641026,1,1,1,1,1,1,QUESO,4208,180,00,KILOGRAMO,12,1,180,00,25,00,4500,25,0,00,0,00, 
2021,09,HUANCAVELICA,03,ANGARAES,08,HUAYLLAY GRANDE,13235,00155,12,1,2,5,67.5641025641026,1,1,1,1,1,1,QUESO,4208,8,00,KILOGRAMO,12,1,0,00, , , , ,8,00,0,00, 
2021,09,HUANCAVELICA,03,ANGARAES,03,CALLANMARCA,13237,00018,2,1,2,5,62.7380952380952,1,1,1,2, ,1,CHARQUI,4211,13,00,KILOGRAMO,12,1,0,00, , , , ,8,00,5,00, 
2021,09,HUANCAVELICA,03,ANGARAES,03,CALLANMARCA,13237,00030,4,1,2,5,62.7380952380952,1,1,1,2, ,1,CHARQUI,4211,6,00,KILOGRAMO,12,1,0,00, , , , ,4,00,2,00, 
2021,09,HUANCAVELICA,03,ANGARAES,03,CALLANMARCA,13237,00047,6,1,2,5,62.7380952380952,1,1,1,2, ,2,CHARQUI,4211,12,00,KILOGRAMO,12,1,0,00, , , , ,10,00,2,00, 
2021,09,HUANCAVELICA,03,ANGARAES,03,CALLANMARCA,13237,00047,6,1,2,5,62.7380952380952,1,1,1,1,1,1,QUESO,4208,40,00,KILOGRAMO,12,1,20,00,18,00,360,18,12,00,8,00, 
2021,09,HUANCAVELICA,03,ANGARAES,03,CALLANMARCA,13237,00075,10,1,2,5,62.7380952380952,1,1,1,2, ,1,CHARQUI,4211,6,00,KILOGRAMO,12,1,0,00, , , , ,5,00,1,00, 
2021,09,HUANCAVELICA,03,ANGARAES,03,CALLANMARCA,13237,00079,11,1,2,5,62.7380952380952,1,1,1,2, ,1,CHARQUI,4211,12,00,KILOGRAMO,12,1,0,00, , , , ,10,00,2,00, 
2021,09,HUANCAVELICA,03,ANGARAES,05,CHINCHO,13250,00028,6,1,2,5,62.7380952380952,1,1,1,1,1,1,QUESO,4208,45,00,KILOGRAMO,12,1,30,00,18,00,540,18,15,00,0,00, 
2021,09,HUANCAVELICA,03,ANGARAES,05,CHINCHO,13250,00032,7,1,2,5,62.7380952380952,1,1,1,1,1,1,QUESO,4208,30,00,KILOGRAMO,12,1,25,00,18,00,450,18,5,00,0,00, 
2021,09,HUANCAVELICA,03,ANGARAES,05,CHINCHO,13250,00036,8,1,2,5,62.7380952380952,1,1,1,1,1,1,QUESO,4208,30,00,KILOGRAMO,12,1,0,00, , , , ,20,00,10,00, 
2021,09,HUANCAVELICA,03,ANGARAES,05,CHINCHO,13250,00066,14,1,2,5,62.7380952380952,1,1,1,1,1,1,QUESO,4208,16,00,KILOGRAMO,12,1,0,00, , , , ,10,00,6,00, 
2021,09,HUANCAVELICA,03,ANGARAES,05,CHINCHO,13252,00011,2,1,2,5,67.5641025641026,1,1,1,3,3,1,QUESO,4208,27,00,KILOGRAMO,12,1,12,00,18,00,216,18,10,00,5,00, 
2021,09,HUANCAVELICA,03,ANGARAES,05,CHINCHO,13252,00020,3,1,2,5,67.5641025641026,1,1,1,1,1,1,QUESO,4208,80,00,KILOGRAMO,12,1,50,00,16,00,800,16,20,00,10,00, 
2021,09,HUANCAVELICA,03,ANGARAES,05,CHINCHO,13252,00064,10,1,2,5,67.5641025641026,1,1,1,1,1,1,QUESO,4208,30,00,KILOGRAMO,12,1,15,00,18,00,270,18,10,00,5,00, 
2021,09,HUANCAVELICA,03,ANGARAES,05,CHINCHO,13252,00079,12,1,2,5,67.5641025641026,1,1,1,3,3,1,QUESO,4208,20,00,KILOGRAMO,12,1,10,00,15,00,150,15,10,00,0,00, 
2021,09,HUANCAVELICA,03,ANGARAES,05,CHINCHO,13252,00084,13,1,2,5,67.5641025641026,1,1,1,1,1,1,QUESO,4208,50,00,KILOGRAMO,12,1,30,00,18,00,540,18,10,00,10,00, 
2021,09,HUANCAVELICA,03,ANGARAES,05,CHINCHO,13252,00091,14,1,2,5,67.5641025641026,1,1,1,1,1,1,QUESO,4208,44,00,KILOGRAMO,12,1,20,00,16,00,320,16,20,00,4,00, 
2021,09,HUANCAVELICA,03,ANGARAES,12,SECCLLA,13263,00021,2,1,2,5,62.7380952380952,1,1,1,1,1,1,QUESO,4208,50,00,KILOGRAMO,12,1,0,00, , , , ,50,00,0,00, 
2021,09,HUANCAVELICA,03,ANGARAES,12,SECCLLA,13263,00032,3,1,2,5,62.7380952380952,1,1,1,1,1,1,QUESO,4208,50,00,KILOGRAMO,12,1,0,00, , , , ,46,00,4,00, 
2021,09,HUANCAVELICA,03,ANGARAES,12,SECCLLA,13263,00075,7,1,2,5,62.7380952380952,1,1,1,1,1,1,QUESO,4208,40,00,KILOGRAMO,12,1,20,00,18,00,360,18,20,00,0,00, 
2021,09,HUANCAVELICA,03,ANGARAES,12,SECCLLA,13263,00080,8,1,2,5,62.7380952380952,1,1,1,1,1,1,QUESO,4208,15,00,KILOGRAMO,12,1,0,00, , , , ,15,00,0,00, 
2021,09,HUANCAVELICA,03,ANGARAES,12,SECCLLA,13263,00100,10,1,2,5,62.7380952380952,1,1,1,1,1,1,QUESO,4208,20,00,KILOGRAMO,12,1,0,00, , , , ,20,00,0,00, 
2021,09,HUANCAVELICA,03,ANGARAES,12,SECCLLA,13263,00104,11,1,2,5,62.7380952380952,1,1,1,1,1,1,QUESO,4208,60,00,KILOGRAMO,12,1,20,00,18,00,360,18,40,00,0,00, 
2021,09,HUANCAVELICA,03,ANGARAES,01,LIRCAY,13281,00056,6,1,2,5,67.5641025641026,1,1,1,6, ,1,CHARQUI,4211,13,00,KILOGRAMO,12,1,0,00, , , , ,13,00,0,00, 
2021,09,HUANCAVELICA,03,ANGARAES,01,LIRCAY,13281,00068,7,1,2,5,67.5641025641026,1,1,1,"2,6", ,1,CHARQUI,4211,20,00,KILOGRAMO,12,1,0,00, , , , ,20,00,0,00, 
2021,09,HUANCAVELICA,03,ANGARAES,01,LIRCAY,13281,00082,9,1,2,5,67.5641025641026,1,1,1,1,1,1,QUESO,4208,100,00,UNIDAD,24,.1,50,00,1,30,65,13,50,00,0,00, 
2021,09,HUANCAVELICA,03,ANGARAES,01,LIRCAY,13281,00122,13,1,2,5,67.5641025641026,1,1,1,1,1,1,QUESO,4208,520,00,UNIDAD,24,.1,320,00,1,30,416,13,200,00,0,00, 
2021,09,HUANCAVELICA,03,ANGARAES,01,LIRCAY,13291,00018,2,1,2,5,62.7380952380952,1,1,1,1,1,1,QUESO,4208,5,50,KILOGRAMO,12,1,3,00,18,00,54,18,2,50,0,00, 
2021,09,HUANCAVELICA,03,ANGARAES,01,LIRCAY,13291,00154,14,1,2,5,62.7380952380952,1,1,1,2, ,1,CHARQUI,4211,10,00,KILOGRAMO,12,1,0,00, , , , ,10,00,0,00, 
2021,09,HUANCAVELICA,03,ANGARAES,01,LIRCAY,13295,00006,1,1,2,5,62.7380952380952,1,1,1,6, ,1,CHARQUI,4211,15,00,KILOGRAMO,12,1,0,00, , , , ,15,00,0,00, 
2021,09,HUANCAVELICA,03,ANGARAES,01,LIRCAY,13295,00013,2,1,2,5,62.7380952380952,1,0,1,6, ,1,CHARQUI,4211,20,00,KILOGRAMO,12,1,0,00, , , , ,20,00,0,00, 
2021,09,HUANCAVELICA,03,ANGARAES,01,LIRCAY,13295,00020,3,1,2,5,62.7380952380952,1,1,1,6, ,1,CHARQUI,4211,15,00,KILOGRAMO,12,1,0,00, , , , ,15,00,0,00, 
2021,09,HUANCAVELICA,03,ANGARAES,01,LIRCAY,13295,00027,4,1,2,5,62.7380952380952,1,1,1,6, ,1,CHARQUI,4211,18,00,KILOGRAMO,12,1,0,00, , , , ,18,00,0,00, 
2021,09,HUANCAVELICA,03,ANGARAES,01,LIRCAY,13295,00034,5,1,2,5,62.7380952380952,1,1,1,6, ,1,CHARQUI,4211,20,00,KILOGRAMO,12,1,0,00, , , , ,20,00,0,00, 
2021,09,HUANCAVELICA,03,ANGARAES,01,LIRCAY,13295,00041,6,1,2,5,62.7380952380952,1,1,1,6, ,1,CHARQUI,4211,13,00,KILOGRAMO,12,1,0,00, , , , ,13,00,0,00, 
2021,09,HUANCAVELICA,03,ANGARAES,01,LIRCAY,13295,00048,7,1,2,5,62.7380952380952,1,0,1,6, ,1,CHARQUI,4211,12,00,KILOGRAMO,12,1,0,00, , , , ,12,00,0,00, 
2021,09,HUANCAVELICA,03,ANGARAES,01,LIRCAY,13295,00054,8,1,2,5,62.7380952380952,1,1,1,6, ,1,CHARQUI,4211,20,00,KILOGRAMO,12,1,0,00, , , , ,20,00,0,00, 
2021,09,HUANCAVELICA,03,ANGARAES,01,LIRCAY,13295,00061,9,1,2,5,62.7380952380952,1,1,1,6, ,1,CHARQUI,4211,16,00,KILOGRAMO,12,1,0,00, , , , ,16,00,0,00, 
2021,09,HUANCAVELICA,03,ANGARAES,01,LIRCAY,13295,00068,10,1,2,5,62.7380952380952,1,1,1,6, ,1,CHARQUI,4211,12,00,KILOGRAMO,12,1,0,00, , , , ,12,00,0,00, 
2021,09,HUANCAVELICA,03,ANGARAES,01,LIRCAY,13295,00075,11,1,2,5,62.7380952380952,1,1,1,6, ,1,CHARQUI,4211,16,00,KILOGRAMO,12,1,0,00, , , , ,16,00,0,00, 
2021,09,HUANCAVELICA,03,ANGARAES,01,LIRCAY,13295,00082,12,1,2,5,62.7380952380952,1,1,1,6, ,1,CHARQUI,4211,20,00,KILOGRAMO,12,1,0,00, , , , ,20,00,0,00, 
2021,09,HUANCAVELICA,03,ANGARAES,01,LIRCAY,13295,00089,13,1,2,5,62.7380952380952,1,1,1,6, ,1,CHARQUI,4211,20,00,KILOGRAMO,12,1,0,00, , , , ,20,00,0,00, 
2021,09,HUANCAVELICA,03,ANGARAES,01,LIRCAY,13295,00097,14,1,2,5,62.7380952380952,1,1,1,6, ,1,CHARQUI,4211,12,00,KILOGRAMO,12,1,0,00, , , , ,12,00,0,00, 
2021,09,HUANCAVELICA,01,HUANCAVELICA,07,HUAYLLAHUARA,13297,00004,1,1,2,5,62.7380952380952,1,1,1,1,1,1,QUESO,4208,20,00,KILOGRAMO,12,1,10,00,18,00,180,18,10,00,0,00, 
2021,09,HUANCAVELICA,01,HUANCAVELICA,07,HUAYLLAHUARA,13297,00025,3,1,2,5,62.7380952380952,1,1,1,1,1,1,QUESO,4208,26,00,KILOGRAMO,12,1,20,00,20,00,400,20,6,00,0,00, 
2021,09,HUANCAVELICA,01,HUANCAVELICA,07,HUAYLLAHUARA,13297,00073,6,1,2,5,62.7380952380952,1,1,1,1,1,1,QUESO,4208,100,00,KILOGRAMO,12,1,80,00,18,00,1440,18,20,00,0,00, 
2021,09,HUANCAVELICA,01,HUANCAVELICA,07,HUAYLLAHUARA,13297,00128,9,1,2,5,62.7380952380952,1,1,1,1,1,1,QUESO,4208,35,00,KILOGRAMO,12,1,30,00,20,00,600,20,5,00,0,00, 
2021,09,HUANCAVELICA,01,HUANCAVELICA,07,HUAYLLAHUARA,13297,00144,11,1,2,5,62.7380952380952,1,1,1,2, ,1,CHARQUI,4211,16,00,KILOGRAMO,12,1,0,00, , , , ,16,00,0,00, 
2021,09,HUANCAVELICA,01,HUANCAVELICA,07,HUAYLLAHUARA,13297,00158,12,1,2,5,62.7380952380952,1,1,1,2, ,1,CHARQUI,4211,10,00,KILOGRAMO,12,1,0,00, , , , ,10,00,0,00, 
2021,09,HUANCAVELICA,01,HUANCAVELICA,07,HUAYLLAHUARA,13297,00192,13,1,2,5,62.7380952380952,1,1,1,1,1,1,QUESO,4208,10,00,KILOGRAMO,12,1,0,00, , , , ,10,00,0,00, 
2021,09,HUANCAVELICA,01,HUANCAVELICA,08,IZCUCHACA,13327,00048,6,1,2,5,62.7380952380952,1,1,1,1,1,1,QUESO,4208,17,00,KILOGRAMO,12,1,10,00,18,00,180,18,7,00,0,00, 
2021,09,HUANCAVELICA,01,HUANCAVELICA,08,IZCUCHACA,13328,00003,1,1,2,5,73.1944444444444,1,1,1,2, ,1,CHARQUI,4211,12,00,KILOGRAMO,12,1,0,00, , , , ,8,00,4,00, 
2021,09,HUANCAVELICA,01,HUANCAVELICA,08,IZCUCHACA,13328,00016,3,1,2,5,73.1944444444444,1,1,1,1,1,1,QUESO,4208,125,00,KILOGRAMO,12,1,40,00,15,00,600,15,40,00,45,00, 
2021,09,HUANCAVELICA,01,HUANCAVELICA,08,IZCUCHACA,13328,00063,8,1,2,5,73.1944444444444,1,1,1,1,1,1,QUESO,4208,140,00,KILOGRAMO,12,1,80,00,15,00,1200,15,40,00,20,00, 
2021,09,HUANCAVELICA,01,HUANCAVELICA,08,IZCUCHACA,13328,00073,10,1,2,5,73.1944444444444,1,1,1,1,1,1,QUESO,4208,45,00,KILOGRAMO,12,1,25,00,15,00,375,15,15,00,5,00, 
2021,09,HUANCAVELICA,01,HUANCAVELICA,08,IZCUCHACA,13328,00081,11,1,2,5,73.1944444444444,1,1,1,"2,6", ,1,CHARQUI,4211,15,00,KILOGRAMO,12,1,0,00, , , , ,12,00,3,00, 
2021,09,HUANCAVELICA,01,HUANCAVELICA,09,LARIA,13339,00008,1,1,2,5,67.5641025641026,1,1,1,2, ,1,CHARQUI,4211,12,00,KILOGRAMO,12,1,0,00, , , , ,12,00,0,00, 
2021,09,HUANCAVELICA,01,HUANCAVELICA,09,LARIA,13339,00028,3,1,2,5,67.5641025641026,1,1,1,1,1,1,QUESO,4208,90,00,KILOGRAMO,12,1,60,00,15,00,900,15,20,00,10,00, 
2021,09,HUANCAVELICA,01,HUANCAVELICA,09,LARIA,13339,00062,6,1,2,5,67.5641025641026,1,1,1,2, ,1,CHARQUI,4211,8,00,KILOGRAMO,12,1,0,00, , , , ,8,00,0,00, 
2021,09,HUANCAVELICA,01,HUANCAVELICA,09,LARIA,13339,00088,7,1,2,5,67.5641025641026,1,1,1,1,1,1,QUESO,4208,170,00,KILOGRAMO,12,1,90,00,15,00,1350,15,60,00,20,00, 
2021,09,HUANCAVELICA,01,HUANCAVELICA,09,LARIA,13339,00133,11,1,2,5,67.5641025641026,1,1,1,2, ,1,CHARQUI,4211,8,00,KILOGRAMO,12,1,0,00, , , , ,6,00,2,00, 
2021,09,HUANCAVELICA,01,HUANCAVELICA,16,VILCA,13342,00011,3,1,2,5,67.5641025641026,1,1,1,1,1,1,QUESO,4208,10,00,UNIDAD,24,.1,0,00, , , , ,10,00,0,00, 
2021,09,HUANCAVELICA,01,HUANCAVELICA,16,VILCA,13342,00071,8,1,2,5,67.5641025641026,1,1,1,1,1,1,QUESO,4208,300,00,UNIDAD,24,.1,0,00, , , , ,200,00,100,00, 
2021,09,HUANCAVELICA,01,HUANCAVELICA,13,NUEVO OCCORO,13355,00010,1,1,2,5,62.7380952380952,1,1,1,2, ,1,CHARQUI,4211,12,00,KILOGRAMO,12,1,0,00, , , , ,4,00,8,00, 
2021,09,HUANCAVELICA,01,HUANCAVELICA,13,NUEVO OCCORO,13355,00023,2,1,2,5,62.7380952380952,1,1,1,2, ,1,CHARQUI,4211,6,00,KILOGRAMO,12,1,0,00, , , , ,3,00,3,00, 
2021,09,HUANCAVELICA,01,HUANCAVELICA,13,NUEVO OCCORO,13355,00043,4,1,2,5,62.7380952380952,1,1,1,1,1,1,QUESO,4208,40,00,KILOGRAMO,12,1,0,00, , , , ,40,00,0,00, 
2021,09,HUANCAVELICA,01,HUANCAVELICA,13,NUEVO OCCORO,13355,00055,5,1,2,5,62.7380952380952,1,1,1,2, ,1,CHARQUI,4211,6,00,KILOGRAMO,12,1,0,00, , , , ,3,00,3,00, 
2021,09,HUANCAVELICA,01,HUANCAVELICA,13,NUEVO OCCORO,13355,00069,6,1,2,5,62.7380952380952,1,1,1,"2,6", ,1,CHARQUI,4211,64,00,KILOGRAMO,12,1,0,00, , , , ,30,00,34,00, 
2021,09,HUANCAVELICA,01,HUANCAVELICA,13,NUEVO OCCORO,13355,00081,8,1,2,5,62.7380952380952,1,0,1,1,1,1,QUESO,4208,8,00,KILOGRAMO,12,1,0,00, , , , ,8,00,0,00, 
2021,09,HUANCAVELICA,01,HUANCAVELICA,13,NUEVO OCCORO,13355,00082,9,1,2,5,62.7380952380952,1,1,1,2, ,1,CHARQUI,4211,3,00,KILOGRAMO,12,1,0,00, , , , ,3,00,0,00, 
2021,09,HUANCAVELICA,01,HUANCAVELICA,13,NUEVO OCCORO,13355,00104,10,1,2,5,62.7380952380952,1,1,1,2, ,1,CHARQUI,4211,6,00,KILOGRAMO,12,1,0,00, , , , ,6,00,0,00, 
2021,09,HUANCAVELICA,01,HUANCAVELICA,13,NUEVO OCCORO,13355,00114,11,1,2,5,62.7380952380952,1,1,1,6, ,1,CHARQUI,4211,15,00,KILOGRAMO,12,1,0,00, , , , ,5,00,10,00, 
2021,09,HUANCAVELICA,01,HUANCAVELICA,13,NUEVO OCCORO,13355,00132,13,1,2,5,62.7380952380952,1,1,1,6, ,1,CHARQUI,4211,9,00,KILOGRAMO,12,1,0,00, , , , ,2,00,7,00, 
2021,09,HUANCAVELICA,01,HUANCAVELICA,13,NUEVO OCCORO,13355,00143,14,1,2,5,62.7380952380952,1,1,1,6, ,1,CHARQUI,4211,8,00,KILOGRAMO,12,1,0,00, , , , ,8,00,0,00, 
2021,09,HUANCAVELICA,01,HUANCAVELICA,19,HUANDO,13361,00035,3,1,2,5,62.7380952380952,1,1,1,1,1,1,QUESO,4208,30,00,KILOGRAMO,12,1,15,00,18,00,270,18,10,00,5,00, 
2021,09,HUANCAVELICA,01,HUANCAVELICA,19,HUANDO,13361,00063,5,1,2,5,62.7380952380952,1,1,1,2, ,2,CHARQUI,4211,7,00,KILOGRAMO,12,1,0,00, , , , ,7,00,0,00, 
2021,09,HUANCAVELICA,01,HUANCAVELICA,19,HUANDO,13361,00063,5,1,2,5,62.7380952380952,1,1,1,1,1,1,QUESO,4208,40,00,KILOGRAMO,12,1,10,00,18,00,180,18,20,00,10,00, 
2021,09,HUANCAVELICA,01,HUANCAVELICA,19,HUANDO,13361,00081,6,1,2,5,62.7380952380952,1,1,1,1,1,1,QUESO,4208,50,00,KILOGRAMO,12,1,30,00,18,00,540,18,15,00,5,00, 
2021,09,HUANCAVELICA,01,HUANCAVELICA,19,HUANDO,13361,00081,6,1,2,5,62.7380952380952,1,1,1,2, ,2,CHARQUI,4211,14,00,KILOGRAMO,12,1,0,00, , , , ,10,00,4,00, 
2021,09,HUANCAVELICA,01,HUANCAVELICA,19,HUANDO,13361,00094,7,1,2,5,62.7380952380952,1,1,1,2, ,2,CHARQUI,4211,7,00,KILOGRAMO,12,1,0,00, , , , ,5,00,2,00, 
2021,09,HUANCAVELICA,01,HUANCAVELICA,19,HUANDO,13361,00094,7,1,2,5,62.7380952380952,1,1,1,1,1,1,QUESO,4208,20,00,KILOGRAMO,12,1,0,00, , , , ,10,00,10,00, 
2021,09,HUANCAVELICA,01,HUANCAVELICA,19,HUANDO,13361,00097,8,1,2,5,62.7380952380952,1,1,1,1,1,1,QUESO,4208,100,00,KILOGRAMO,12,1,50,00,18,00,900,18,40,00,10,00, 
2021,09,HUANCAVELICA,01,HUANCAVELICA,19,HUANDO,13361,00106,9,1,2,5,62.7380952380952,1,1,1,2, ,2,CHARQUI,4211,20,00,KILOGRAMO,12,1,0,00, , , , ,12,00,8,00, 
2021,09,HUANCAVELICA,01,HUANCAVELICA,19,HUANDO,13361,00106,9,1,2,5,62.7380952380952,1,1,1,1,1,1,QUESO,4208,100,00,KILOGRAMO,12,1,30,00,18,00,540,18,50,00,20,00, 
2021,09,HUANCAVELICA,01,HUANCAVELICA,19,HUANDO,13361,00121,10,1,2,5,62.7380952380952,1,1,1,1,1,1,QUESO,4208,50,00,KILOGRAMO,12,1,25,00,18,00,450,18,20,00,5,00, 
2021,09,HUANCAVELICA,01,HUANCAVELICA,19,HUANDO,13361,00121,10,1,2,5,62.7380952380952,1,1,1,2, ,2,CHARQUI,4211,12,00,KILOGRAMO,12,1,0,00, , , , ,8,00,4,00, 
2021,09,HUANCAVELICA,01,HUANCAVELICA,19,HUANDO,13361,00133,11,1,2,5,62.7380952380952,1,1,1,1,1,1,QUESO,4208,50,00,KILOGRAMO,12,1,20,00,18,00,360,18,20,00,10,00, 
2021,09,HUANCAVELICA,01,HUANCAVELICA,19,HUANDO,13361,00139,12,1,2,5,62.7380952380952,1,1,1,1,1,1,QUESO,4208,20,00,KILOGRAMO,12,1,10,00,18,00,180,18,8,00,2,00, 
2021,09,HUANCAVELICA,01,HUANCAVELICA,19,HUANDO,13361,00153,13,1,2,5,62.7380952380952,1,1,1,1,1,1,QUESO,4208,10,00,KILOGRAMO,12,1,5,00,18,00,90,18,5,00,0,00, 
2021,09,HUANCAVELICA,01,HUANCAVELICA,19,HUANDO,13361,00155,14,1,2,5,62.7380952380952,1,1,1,1,1,1,QUESO,4208,20,00,KILOGRAMO,12,1,5,00,18,00,90,18,10,00,5,00, 
2021,09,HUANCAVELICA,01,HUANCAVELICA,19,HUANDO,13368,00006,1,1,2,5,62.7380952380952,1,0,1,"2,6", ,1,CHARQUI,4211,32,00,KILOGRAMO,12,1,0,00, , , , ,12,00,20,00, 
2021,09,HUANCAVELICA,01,HUANCAVELICA,19,HUANDO,13368,00011,2,1,2,5,62.7380952380952,1,0,1,"2,6", ,1,CHARQUI,4211,15,00,KILOGRAMO,12,1,0,00, , , , ,7,00,8,00, 
2021,09,HUANCAVELICA,01,HUANCAVELICA,19,HUANDO,13368,00026,4,1,2,5,62.7380952380952,1,1,1,6, ,1,CHARQUI,4211,70,00,KILOGRAMO,12,1,0,00, , , , ,40,00,30,00, 
2021,09,HUANCAVELICA,01,HUANCAVELICA,19,HUANDO,13368,00039,5,1,2,5,62.7380952380952,1,0,1,"2,6", ,1,CHARQUI,4211,60,00,KILOGRAMO,12,1,0,00, , , , ,28,00,32,00, 
2021,09,HUANCAVELICA,01,HUANCAVELICA,19,HUANDO,13368,00052,6,1,2,5,62.7380952380952,1,0,1,"2,6", ,1,CHARQUI,4211,16,00,KILOGRAMO,12,1,0,00, , , , ,16,00,0,00, 
2021,09,HUANCAVELICA,01,HUANCAVELICA,19,HUANDO,13368,00067,8,1,2,5,62.7380952380952,1,0,1,"2,6", ,1,CHARQUI,4211,12,00,KILOGRAMO,12,1,0,00, , , , ,4,00,8,00, 
2021,09,HUANCAVELICA,01,HUANCAVELICA,19,HUANDO,13368,00076,9,1,2,5,62.7380952380952,1,0,1,"2,5,6", ,1,CHARQUI,4211,70,00,KILOGRAMO,12,1,0,00, , , , ,26,00,44,00, 
2021,09,HUANCAVELICA,01,HUANCAVELICA,19,HUANDO,13368,00092,10,1,2,5,62.7380952380952,1,0,1,"2,6", ,1,CHARQUI,4211,70,00,KILOGRAMO,12,1,0,00, , , , ,65,00,5,00, 
2021,09,HUANCAVELICA,01,HUANCAVELICA,19,HUANDO,13368,00096,12,1,2,5,62.7380952380952,1,1,1,"2,6", ,1,CHARQUI,4211,30,00,KILOGRAMO,12,1,0,00, , , , ,20,00,10,00, 
2021,09,HUANCAVELICA,01,HUANCAVELICA,19,HUANDO,13368,00111,13,1,2,5,62.7380952380952,1,1,1,6, ,1,CHARQUI,4211,100,00,KILOGRAMO,12,1,0,00, , , , ,90,00,10,00, 
2021,09,HUANCAVELICA,01,HUANCAVELICA,19,HUANDO,13368,00117,14,1,2,5,62.7380952380952,1,1,1,"2,6", ,1,CHARQUI,4211,50,00,KILOGRAMO,12,1,0,00, , , , ,40,00,10,00, 
2021,09,HUANCAVELICA,01,HUANCAVELICA,03,ACORIA,13374,00014,2,1,2,5,62.7380952380952,1,1,1,1,1,1,QUESO,4208,611,00,KILOGRAMO,12,1,560,00,15,00,8400,15,31,00,20,00, 
2021,09,HUANCAVELICA,01,HUANCAVELICA,03,ACORIA,13374,00054,7,1,2,5,62.7380952380952,1,1,1,1,1,1,QUESO,4208,140,00,KILOGRAMO,12,1,100,00,13,00,1300,13,40,00,0,00, 
2021,09,HUANCAVELICA,01,HUANCAVELICA,03,ACORIA,13374,00081,9,1,2,5,62.7380952380952,1,1,1,2, ,1,CHARQUI,4211,6,00,KILOGRAMO,12,1,0,00, , , , ,6,00,0,00, 
2021,09,HUANCAVELICA,01,HUANCAVELICA,03,ACORIA,13374,00092,11,1,2,5,62.7380952380952,1,1,1,1,1,1,QUESO,4208,70,00,KILOGRAMO,12,1,30,00,15,00,450,15,35,00,5,00, 
2021,09,HUANCAVELICA,01,HUANCAVELICA,03,ACORIA,13376,00016,2,1,2,5,62.7380952380952,1,1,1,1,1,1,QUESO,4208,50,00,KILOGRAMO,12,1,50,00,15,00,750,15,0,00,0,00, 
2021,09,HUANCAVELICA,01,HUANCAVELICA,03,ACORIA,13376,00050,5,1,2,5,62.7380952380952,1,1,1,1,1,1,QUESO,4208,240,00,KILOGRAMO,12,1,120,00,15,00,1800,15,120,00,0,00, 
2021,09,HUANCAVELICA,01,HUANCAVELICA,03,ACORIA,13382,00004,1,1,2,5,67.5641025641026,1,1,1,1,1,1,QUESO,4208,1,00,KILOGRAMO,12,1,0,00, , , , ,1,00,0,00, 
2021,09,HUANCAVELICA,01,HUANCAVELICA,03,ACORIA,13382,00006,2,1,2,5,67.5641025641026,1,1,1,1,1,1,QUESO,4208,42,20,KILOGRAMO,12,1,30,00,15,00,450,15,10,00,2,20, 
2021,09,HUANCAVELICA,01,HUANCAVELICA,03,ACORIA,13382,00038,4,1,2,5,67.5641025641026,1,1,1,"2,6", ,1,CHARQUI,4211,40,00,KILOGRAMO,12,1,0,00, , , , ,38,00,2,00, 
2021,09,HUANCAVELICA,01,HUANCAVELICA,03,ACORIA,13382,00045,5,1,2,5,67.5641025641026,1,1,1,"2,6", ,1,CHARQUI,4211,12,00,KILOGRAMO,12,1,0,00, , , , ,10,00,2,00, 
2021,09,HUANCAVELICA,01,HUANCAVELICA,03,ACORIA,13382,00054,6,1,2,5,67.5641025641026,1,1,1,"2,6", ,1,CHARQUI,4211,50,00,KILOGRAMO,12,1,0,00, , , , ,40,00,10,00, 
2021,09,HUANCAVELICA,01,HUANCAVELICA,03,ACORIA,13382,00086,9,1,2,5,67.5641025641026,1,1,1,2, ,1,CHARQUI,4211,5,00,KILOGRAMO,12,1,0,00, , , , ,3,00,2,00, 
2021,09,HUANCAVELICA,01,HUANCAVELICA,03,ACORIA,13382,00089,10,1,2,5,67.5641025641026,1,1,1,2, ,2,CHARQUI,4211,7,00,KILOGRAMO,12,1,0,00, , , , ,5,00,2,00, 
2021,09,HUANCAVELICA,01,HUANCAVELICA,03,ACORIA,13382,00089,10,1,2,5,67.5641025641026,1,1,1,1,1,1,QUESO,4208,40,00,KILOGRAMO,12,1,20,00,15,00,300,15,15,00,5,00, 
2021,09,HUANCAVELICA,01,HUANCAVELICA,03,ACORIA,13382,00103,11,1,2,5,67.5641025641026,1,1,1,2, ,1,CHARQUI,4211,2,00,KILOGRAMO,12,1,0,00, , , , ,2,00,0,00, 
2021,09,HUANCAVELICA,01,HUANCAVELICA,03,ACORIA,13383,00063,8,1,2,5,62.7380952380952,1,1,1,2, ,1,CHARQUI,4211,12,00,KILOGRAMO,12,1,0,00, , , , ,12,00,0,00, 
2021,09,HUANCAVELICA,01,HUANCAVELICA,03,ACORIA,13386,00027,3,1,2,5,62.7380952380952,1,1,1,2, ,1,CHARQUI,4211,6,00,KILOGRAMO,12,1,0,00, , , , ,4,00,2,00, 
2021,09,HUANCAVELICA,01,HUANCAVELICA,03,ACORIA,13386,00032,4,1,2,5,62.7380952380952,1,1,1,2, ,1,CHARQUI,4211,12,00,KILOGRAMO,12,1,0,00, , , , ,9,00,3,00, 
2021,09,HUANCAVELICA,01,HUANCAVELICA,03,ACORIA,13386,00048,5,1,2,5,62.7380952380952,1,1,1,2, ,1,CHARQUI,4211,5,00,KILOGRAMO,12,1,0,00, , , , ,5,00,0,00, 
2021,09,HUANCAVELICA,01,HUANCAVELICA,03,ACORIA,13386,00100,9,1,2,5,62.7380952380952,1,1,1,1,1,1,QUESO,4208,50,00,KILOGRAMO,12,1,20,00,15,00,300,15,20,00,10,00, 
2021,09,HUANCAVELICA,01,HUANCAVELICA,03,ACORIA,13386,00136,13,1,2,5,62.7380952380952,1,1,1,2, ,2,CHARQUI,4211,20,00,KILOGRAMO,12,1,0,00, , , , ,15,00,5,00, 
2021,09,HUANCAVELICA,01,HUANCAVELICA,03,ACORIA,13386,00136,13,1,2,5,62.7380952380952,1,1,1,1,1,1,QUESO,4208,50,00,KILOGRAMO,12,1,30,00,15,00,450,15,15,00,5,00, 
2021,09,HUANCAVELICA,01,HUANCAVELICA,03,ACORIA,13386,00138,14,1,2,5,62.7380952380952,1,1,1,2, ,1,CHARQUI,4211,6,00,KILOGRAMO,12,1,0,00, , , , ,4,00,2,00, 
2021,09,HUANCAVELICA,01,HUANCAVELICA,03,ACORIA,13401,00033,4,1,2,5,62.7380952380952,1,1,1,1,1,1,QUESO,4208,74,00,KILOGRAMO,12,1,60,00,20,00,1200,20,8,00,6,00, 
2021,09,HUANCAVELICA,01,HUANCAVELICA,03,ACORIA,13401,00042,6,1,2,5,62.7380952380952,1,1,1,1,1,1,QUESO,4208,44,00,KILOGRAMO,12,1,35,00,15,00,525,15,5,00,4,00, 
2021,09,HUANCAVELICA,01,HUANCAVELICA,03,ACORIA,13401,00050,7,1,2,5,62.7380952380952,1,1,1,1,1,1,QUESO,4208,60,00,KILOGRAMO,12,1,50,00,9,00,450,9,10,00,0,00, 
2021,09,HUANCAVELICA,01,HUANCAVELICA,03,ACORIA,13401,00062,8,1,2,5,62.7380952380952,1,1,1,1,1,2,QUESO,4208,11,00,KILOGRAMO,12,1,9,00,9,00,81,9,2,00,0,00, 
2021,09,HUANCAVELICA,01,HUANCAVELICA,03,ACORIA,13401,00062,8,1,2,5,62.7380952380952,1,1,1,2, ,1,CHARQUI,4211,4,00,KILOGRAMO,12,1,0,00, , , , ,4,00,0,00, 
2021,09,HUANCAVELICA,01,HUANCAVELICA,03,ACORIA,13401,00073,9,1,2,5,62.7380952380952,1,1,1,2, ,1,CHARQUI,4211,5,00,KILOGRAMO,12,1,0,00, , , , ,5,00,0,00, 
2021,09,HUANCAVELICA,01,HUANCAVELICA,03,ACORIA,13401,00084,10,1,2,5,62.7380952380952,1,1,1,1,1,1,QUESO,4208,23,00,KILOGRAMO,12,1,20,00,9,00,180,9,2,00,1,00, 
2021,09,HUANCAVELICA,01,HUANCAVELICA,03,ACORIA,13401,00116,13,1,2,5,62.7380952380952,1,1,1,1,1,1,QUESO,4208,80,00,KILOGRAMO,12,1,70,00,9,00,630,9,10,00,0,00, 
2021,09,HUANCAVELICA,01,HUANCAVELICA,03,ACORIA,13401,00124,14,1,2,5,62.7380952380952,1,1,1,1,1,1,QUESO,4208,44,00,KILOGRAMO,12,1,34,00,15,00,510,15,10,00,0,00, 
2021,09,HUANCAVELICA,01,HUANCAVELICA,03,ACORIA,13405,00132,10,1,2,5,62.7380952380952,1,1,1,1,1,1,QUESO,4208,10,00,KILOGRAMO,12,1,0,00, , , , ,10,00,0,00, 
2021,09,HUANCAVELICA,01,HUANCAVELICA,03,ACORIA,13405,00178,13,1,2,5,62.7380952380952,1,1,1,1,1,1,QUESO,4208,7,00,KILOGRAMO,12,1,0,00, , , , ,7,00,0,00, 
2021,09,HUANCAVELICA,01,HUANCAVELICA,14,PALCA,13412,00020,3,1,2,5,67.5641025641026,1,1,1,2, ,1,CHARQUI,4211,6,00,KILOGRAMO,12,1,0,00, , , , ,4,00,2,00, 
2021,09,HUANCAVELICA,01,HUANCAVELICA,14,PALCA,13412,00033,4,1,2,5,67.5641025641026,1,1,1,6, ,1,CHARQUI,4211,10,00,KILOGRAMO,12,1,0,00, , , , ,6,00,4,00, 
2021,09,HUANCAVELICA,01,HUANCAVELICA,14,PALCA,13412,00043,5,1,2,5,67.5641025641026,1,1,1,1,1,1,QUESO,4208,10,00,KILOGRAMO,12,1,4,00,18,00,72,18,4,00,2,00, 
2021,09,HUANCAVELICA,01,HUANCAVELICA,14,PALCA,13412,00043,5,1,2,5,67.5641025641026,1,1,1,2, ,2,CHARQUI,4211,12,00,KILOGRAMO,12,1,0,00, , , , ,10,00,2,00, 
2021,09,HUANCAVELICA,01,HUANCAVELICA,14,PALCA,13412,00054,6,1,2,5,67.5641025641026,1,1,1,1,1,2,QUESO,4208,20,00,KILOGRAMO,12,1,5,00,18,00,90,18,10,00,5,00, 
2021,09,HUANCAVELICA,01,HUANCAVELICA,14,PALCA,13412,00054,6,1,2,5,67.5641025641026,1,1,1,6, ,1,CHARQUI,4211,11,00,KILOGRAMO,12,1,0,00, , , , ,9,00,2,00, 
2021,09,HUANCAVELICA,01,HUANCAVELICA,14,PALCA,13412,00079,8,1,2,5,67.5641025641026,1,1,1,1,1,1,QUESO,4208,60,00,KILOGRAMO,12,1,20,00,18,00,360,18,25,00,15,00, 
2021,09,HUANCAVELICA,01,HUANCAVELICA,14,PALCA,13412,00089,9,1,2,5,67.5641025641026,1,1,1,1,1,1,QUESO,4208,20,00,KILOGRAMO,12,1,0,00, , , , ,15,00,5,00, 
2021,09,HUANCAVELICA,01,HUANCAVELICA,01,HUANCAVELICA,13419,00006,1,1,2,5,62.7380952380952,1,1,1,1,1,1,QUESO,4208,20,00,KILOGRAMO,12,1,15,00,20,00,300,20,5,00,0,00, 
2021,09,HUANCAVELICA,01,HUANCAVELICA,01,HUANCAVELICA,13419,00024,3,1,2,5,62.7380952380952,1,1,1,1,1,1,QUESO,4208,20,00,KILOGRAMO,12,1,10,00,20,00,200,20,5,00,5,00, 
2021,09,HUANCAVELICA,01,HUANCAVELICA,01,HUANCAVELICA,13419,00049,5,1,2,5,62.7380952380952,1,1,1,1,1,1,QUESO,4208,20,00,KILOGRAMO,12,1,13,00,20,00,260,20,7,00,0,00, 
2021,09,HUANCAVELICA,01,HUANCAVELICA,01,HUANCAVELICA,13419,00056,6,1,2,5,62.7380952380952,1,1,1,1,1,1,QUESO,4208,160,00,KILOGRAMO,12,1,140,00,20,00,2800,20,20,00,0,00, 
2021,09,HUANCAVELICA,01,HUANCAVELICA,01,HUANCAVELICA,13419,00066,7,1,2,5,62.7380952380952,1,1,1,1,1,1,QUESO,4208,20,00,KILOGRAMO,12,1,13,00,20,00,260,20,7,00,0,00, 
2021,09,HUANCAVELICA,01,HUANCAVELICA,01,HUANCAVELICA,13419,00081,8,1,2,5,62.7380952380952,1,1,1,1,1,1,QUESO,4208,48,00,KILOGRAMO,12,1,40,00,18,00,720,18,8,00,0,00, 
2021,09,HUANCAVELICA,01,HUANCAVELICA,01,HUANCAVELICA,13419,00100,9,1,2,5,62.7380952380952,1,1,1,1,1,1,QUESO,4208,70,00,KILOGRAMO,12,1,50,00,18,00,900,18,20,00,0,00, 
2021,09,HUANCAVELICA,01,HUANCAVELICA,01,HUANCAVELICA,13419,00118,10,1,2,5,62.7380952380952,1,1,1,1,1,1,QUESO,4208,50,00,KILOGRAMO,12,1,40,00,20,00,800,20,10,00,0,00, 
2021,09,HUANCAVELICA,01,HUANCAVELICA,01,HUANCAVELICA,13419,00136,11,1,2,5,62.7380952380952,1,1,1,1,1,1,QUESO,4208,50,00,KILOGRAMO,12,1,40,00,18,00,720,18,5,00,5,00, 
2021,09,HUANCAVELICA,01,HUANCAVELICA,01,HUANCAVELICA,13419,00139,12,1,2,5,62.7380952380952,1,1,1,1,1,1,QUESO,4208,70,00,KILOGRAMO,12,1,50,00,20,00,1000,20,20,00,0,00, 
2021,09,HUANCAVELICA,01,HUANCAVELICA,01,HUANCAVELICA,13419,00159,13,1,2,5,62.7380952380952,1,1,1,1,1,1,QUESO,4208,40,00,KILOGRAMO,12,1,20,00,20,00,400,20,20,00,0,00, 
2021,09,HUANCAVELICA,01,HUANCAVELICA,01,HUANCAVELICA,13424,00001,1,1,2,5,62.7380952380952,1,1,1,6, ,1,CHARQUI,4211,36,00,KILOGRAMO,12,1,0,00, , , , ,36,00,0,00, 
2021,09,HUANCAVELICA,01,HUANCAVELICA,01,HUANCAVELICA,13424,00013,2,1,2,5,62.7380952380952,1,1,1,"5,6", ,1,CHARQUI,4211,50,00,KILOGRAMO,12,1,0,00, , , , ,50,00,0,00, 
2021,09,HUANCAVELICA,01,HUANCAVELICA,01,HUANCAVELICA,13424,00035,5,1,2,5,62.7380952380952,1,1,1,1,1,1,QUESO,4208,31,50,KILOGRAMO,12,1,0,00, , , , ,31,50,0,00, 
2021,09,HUANCAVELICA,01,HUANCAVELICA,01,HUANCAVELICA,13424,00046,6,1,2,5,62.7380952380952,1,1,1,6, ,1,CHARQUI,4211,15,00,KILOGRAMO,12,1,0,00, , , , ,15,00,0,00, 
2021,09,HUANCAVELICA,01,HUANCAVELICA,01,HUANCAVELICA,13424,00049,7,1,2,5,62.7380952380952,1,0,1,6, ,1,CHARQUI,4211,15,00,KILOGRAMO,12,1,0,00, , , , ,15,00,0,00, 
2021,09,HUANCAVELICA,01,HUANCAVELICA,01,HUANCAVELICA,13424,00064,8,1,2,5,62.7380952380952,1,1,1,6, ,1,CHARQUI,4211,15,00,KILOGRAMO,12,1,0,00, , , , ,15,00,0,00, 
2021,09,HUANCAVELICA,01,HUANCAVELICA,01,HUANCAVELICA,13424,00082,10,1,2,5,62.7380952380952,1,1,1,6, ,1,CHARQUI,4211,14,00,KILOGRAMO,12,1,0,00, , , , ,14,00,0,00, 
2021,09,HUANCAVELICA,01,HUANCAVELICA,01,HUANCAVELICA,13424,00099,11,1,2,5,62.7380952380952,1,1,1,6, ,1,CHARQUI,4211,100,00,KILOGRAMO,12,1,0,00, , , , ,100,00,0,00, 
2021,09,HUANCAVELICA,01,HUANCAVELICA,01,HUANCAVELICA,13424,00110,12,1,2,5,62.7380952380952,1,1,1,6, ,1,CHARQUI,4211,10,00,KILOGRAMO,12,1,0,00, , , , ,10,00,0,00, 
2021,09,HUANCAVELICA,01,HUANCAVELICA,01,HUANCAVELICA,13424,00115,13,1,2,5,62.7380952380952,1,0,1,6, ,1,CHARQUI,4211,12,00,KILOGRAMO,12,1,0,00, , , , ,12,00,0,00, 
2021,09,HUANCAVELICA,01,HUANCAVELICA,01,HUANCAVELICA,13424,00117,14,1,2,5,62.7380952380952,1,1,1,6, ,1,CHARQUI,4211,12,00,KILOGRAMO,12,1,0,00, , , , ,12,00,0,00, 
2021,09,HUANCAVELICA,01,HUANCAVELICA,17,YAULI,13428,00099,10,1,2,5,62.7380952380952,1,1,1,1,1,1,QUESO,4208,100,00,UNIDAD,24,.1,50,00,1,50,75,15,50,00,0,00, 
2021,09,HUANCAVELICA,01,HUANCAVELICA,17,YAULI,13428,00115,11,1,2,5,62.7380952380952,1,1,1,1,1,1,QUESO,4208,45,00,UNIDAD,24,.1,0,00, , , , ,30,00,15,00, 
2021,09,HUANCAVELICA,01,HUANCAVELICA,17,YAULI,13428,00134,13,1,2,5,62.7380952380952,1,1,1,1,1,1,QUESO,4208,100,00,UNIDAD,24,.1,0,00, , , , ,80,00,20,00, 
2021,09,HUANCAVELICA,01,HUANCAVELICA,17,YAULI,13428,00150,14,1,2,5,62.7380952380952,1,1,1,1,1,1,QUESO,4208,190,00,UNIDAD,24,.1,100,00,1,50,150,15,90,00,0,00, 
2021,09,HUANCAVELICA,01,HUANCAVELICA,17,YAULI,13441,00002,1,1,2,5,62.7380952380952,1,1,1,1,1,1,QUESO,4208,16,00,KILOGRAMO,12,1,0,00, , , , ,16,00,0,00, 
2021,09,HUANCAVELICA,01,HUANCAVELICA,17,YAULI,13441,00022,3,1,2,5,62.7380952380952,1,1,1,1,1,1,QUESO,4208,20,00,KILOGRAMO,12,1,0,00, , , , ,15,00,5,00, 
2021,09,HUANCAVELICA,01,HUANCAVELICA,17,YAULI,13441,00064,9,1,2,5,62.7380952380952,1,1,1,1,1,1,QUESO,4208,34,00,KILOGRAMO,12,1,0,00, , , , ,30,00,4,00, 
2021,09,HUANCAVELICA,01,HUANCAVELICA,17,YAULI,13441,00099,12,1,2,5,62.7380952380952,1,1,1,1,1,1,QUESO,4208,30,00,KILOGRAMO,12,1,10,00,10,00,100,10,20,00,0,00, 
2021,09,HUANCAVELICA,01,HUANCAVELICA,17,YAULI,13441,00113,13,1,2,5,62.7380952380952,1,1,1,1,1,1,QUESO,4208,30,00,KILOGRAMO,12,1,20,00,10,00,200,10,8,00,2,00, 
2021,09,HUANCAVELICA,01,HUANCAVELICA,17,YAULI,13441,00124,14,1,2,5,62.7380952380952,1,1,1,1,1,1,QUESO,4208,15,00,KILOGRAMO,12,1,0,00, , , , ,10,00,5,00, 
2021,09,HUANCAVELICA,01,HUANCAVELICA,17,YAULI,13444,00015,2,1,2,5,62.7380952380952,1,1,1,2, ,2,CHARQUI,4211,10,00,KILOGRAMO,12,1,0,00, , , , ,10,00,0,00, 
2021,09,HUANCAVELICA,01,HUANCAVELICA,17,YAULI,13444,00015,2,1,2,5,62.7380952380952,1,1,1,1,1,1,QUESO,4208,40,00,KILOGRAMO,12,1,0,00, , , , ,30,00,10,00, 
2021,09,HUANCAVELICA,01,HUANCAVELICA,17,YAULI,13444,00024,3,1,2,5,62.7380952380952,1,1,1,1,1,1,QUESO,4208,30,00,KILOGRAMO,12,1,0,00, , , , ,20,00,10,00, 
2021,09,HUANCAVELICA,01,HUANCAVELICA,17,YAULI,13444,00069,8,1,2,5,62.7380952380952,1,1,1,1,1,1,QUESO,4208,20,00,KILOGRAMO,12,1,0,00, , , , ,20,00,0,00, 
2021,09,HUANCAVELICA,01,HUANCAVELICA,17,YAULI,13444,00083,10,1,2,5,62.7380952380952,1,1,1,1,1,1,QUESO,4208,20,00,KILOGRAMO,12,1,0,00, , , , ,20,00,0,00, 
2021,09,HUANCAVELICA,01,HUANCAVELICA,17,YAULI,13444,00089,11,1,2,5,62.7380952380952,1,1,1,1,1,1,QUESO,4208,30,00,KILOGRAMO,12,1,0,00, , , , ,20,00,10,00, 
2021,09,HUANCAVELICA,01,HUANCAVELICA,17,YAULI,13444,00096,12,1,2,5,62.7380952380952,1,1,1,1,1,1,QUESO,4208,34,00,KILOGRAMO,12,1,0,00, , , , ,30,00,4,00, 
2021,09,HUANCAVELICA,01,HUANCAVELICA,06,HUACHOCOLPA,13449,00008,1,1,2,5,67.5641025641026,1,1,1,1,1,1,QUESO,4208,28,00,KILOGRAMO,12,1,0,00, , , , ,28,00,0,00, 
2021,09,HUANCAVELICA,01,HUANCAVELICA,06,HUACHOCOLPA,13449,00032,3,1,2,5,67.5641025641026,1,1,1,6, ,1,CHARQUI,4211,6,00,KILOGRAMO,12,1,0,00, , , , ,6,00,0,00, 
2021,09,HUANCAVELICA,01,HUANCAVELICA,06,HUACHOCOLPA,13449,00035,4,1,2,5,67.5641025641026,1,1,1,"5,6", ,1,CHARQUI,4211,10,40,KILOGRAMO,12,1,0,00, , , , ,10,40,0,00, 
2021,09,HUANCAVELICA,01,HUANCAVELICA,06,HUACHOCOLPA,13449,00078,7,1,2,5,67.5641025641026,1,1,1,6, ,1,CHARQUI,4211,6,00,KILOGRAMO,12,1,0,00, , , , ,6,00,0,00, 
2021,09,HUANCAVELICA,01,HUANCAVELICA,06,HUACHOCOLPA,13449,00083,8,1,2,5,67.5641025641026,1,1,1,1,1,1,QUESO,4208,100,00,KILOGRAMO,12,1,50,00,16,00,800,16,50,00,0,00, 
2021,09,HUANCAVELICA,01,HUANCAVELICA,06,HUACHOCOLPA,13449,00094,9,1,2,5,67.5641025641026,1,1,1,1,1,1,QUESO,4208,30,00,KILOGRAMO,12,1,0,00, , , , ,30,00,0,00, 
2021,09,HUANCAVELICA,01,HUANCAVELICA,06,HUACHOCOLPA,13449,00151,14,1,2,5,67.5641025641026,1,1,1,3,3,1,QUESO,4208,15,70,KILOGRAMO,12,1,0,00, , , , ,15,70,0,00, 
2021,09,HUANCAVELICA,04,CASTROVIRREYNA,05,CHUPAMARCA,13453,00037,5,1,2,5,62.7380952380952,1,1,1,1,1,1,QUESO,4208,4,00,KILOGRAMO,12,1,0,00, , , , ,4,00,0,00, 
2021,09,HUANCAVELICA,04,CASTROVIRREYNA,05,CHUPAMARCA,13453,00064,9,1,2,5,62.7380952380952,1,1,1,1,1,1,QUESO,4208,8,00,KILOGRAMO,12,1,8,00,10,00,80,10,0,00,0,00, 
2021,09,HUANCAVELICA,04,CASTROVIRREYNA,05,CHUPAMARCA,13453,00078,11,1,2,5,62.7380952380952,1,1,1,1,1,1,QUESO,4208,20,00,KILOGRAMO,12,1,15,00,10,00,150,10,5,00,0,00, 
2021,09,HUANCAVELICA,04,CASTROVIRREYNA,05,CHUPAMARCA,13453,00091,12,1,2,5,62.7380952380952,1,1,1,1,1,1,QUESO,4208,12,00,KILOGRAMO,12,1,8,00,10,00,80,10,4,00,0,00, 
2021,09,HUANCAVELICA,04,CASTROVIRREYNA,05,CHUPAMARCA,13453,00093,13,1,2,5,62.7380952380952,1,1,1,1,1,1,QUESO,4208,12,00,KILOGRAMO,12,1,10,00,10,00,100,10,2,00,0,00, 
2021,09,HUANCAVELICA,04,CASTROVIRREYNA,05,CHUPAMARCA,13453,00100,14,1,2,5,62.7380952380952,1,1,1,1,1,1,QUESO,4208,4,00,KILOGRAMO,12,1,0,00, , , , ,4,00,0,00, 
2021,09,HUANCAVELICA,04,CASTROVIRREYNA,03,AURAHUA,13456,00005,1,1,2,5,62.7380952380952,1,1,1,2, ,1,CHARQUI,4211,6,00,KILOGRAMO,12,1,0,00, , , , ,6,00,0,00, 
2021,09,HUANCAVELICA,04,CASTROVIRREYNA,03,AURAHUA,13456,00021,2,1,2,5,62.7380952380952,1,1,1,1,1,2,QUESO,4208,20,00,KILOGRAMO,12,1,5,00,15,00,75,15,10,00,5,00, 
2021,09,HUANCAVELICA,04,CASTROVIRREYNA,03,AURAHUA,13456,00021,2,1,2,5,62.7380952380952,1,1,1,"2,6", ,1,CHARQUI,4211,18,00,KILOGRAMO,12,1,0,00, , , , ,10,00,8,00, 
2021,09,HUANCAVELICA,04,CASTROVIRREYNA,03,AURAHUA,13456,00032,4,1,2,5,62.7380952380952,1,1,1,"2,6", ,2,CHARQUI,4211,30,00,KILOGRAMO,12,1,0,00, , , , ,18,00,12,00, 
2021,09,HUANCAVELICA,04,CASTROVIRREYNA,03,AURAHUA,13456,00032,4,1,2,5,62.7380952380952,1,1,1,1,1,1,QUESO,4208,15,00,KILOGRAMO,12,1,6,00,15,00,90,15,6,00,3,00, 
2021,09,HUANCAVELICA,04,CASTROVIRREYNA,03,AURAHUA,13456,00046,5,1,2,5,62.7380952380952,1,1,1,6, ,1,CHARQUI,4211,25,00,KILOGRAMO,12,1,0,00, , , , ,20,00,5,00, 
2021,09,HUANCAVELICA,04,CASTROVIRREYNA,03,AURAHUA,13456,00058,6,1,2,5,62.7380952380952,1,1,1,1,1,1,QUESO,4208,60,00,KILOGRAMO,12,1,30,00,15,00,450,15,20,00,10,00, 
2021,09,HUANCAVELICA,04,CASTROVIRREYNA,03,AURAHUA,13456,00069,7,1,2,5,62.7380952380952,1,1,1,"2,6", ,1,CHARQUI,4211,18,00,KILOGRAMO,12,1,0,00, , , , ,13,00,5,00, 
2021,09,HUANCAVELICA,04,CASTROVIRREYNA,03,AURAHUA,13456,00081,8,1,2,5,62.7380952380952,1,1,1,1,1,1,QUESO,4208,100,00,KILOGRAMO,12,1,60,00,15,00,900,15,30,00,10,00, 
2021,09,HUANCAVELICA,04,CASTROVIRREYNA,03,AURAHUA,13456,00093,9,1,2,5,62.7380952380952,1,1,1,3,3,1,QUESO,4208,12,00,KILOGRAMO,12,1,5,00,15,00,75,15,5,00,2,00, 
2021,09,HUANCAVELICA,04,CASTROVIRREYNA,03,AURAHUA,13456,00093,9,1,2,5,62.7380952380952,1,1,1,"2,6", ,2,CHARQUI,4211,35,00,KILOGRAMO,12,1,0,00, , , , ,20,00,15,00, 
2021,09,HUANCAVELICA,04,CASTROVIRREYNA,03,AURAHUA,13456,00104,10,1,2,5,62.7380952380952,1,1,1,1,1,1,QUESO,4208,140,00,KILOGRAMO,12,1,100,00,16,00,1600,16,20,00,20,00, 
2021,09,HUANCAVELICA,04,CASTROVIRREYNA,03,AURAHUA,13456,00127,13,1,2,5,62.7380952380952,1,1,1,1,1,2,QUESO,4208,100,00,KILOGRAMO,12,1,70,00,15,00,1050,15,20,00,10,00, 
2021,09,HUANCAVELICA,04,CASTROVIRREYNA,03,AURAHUA,13456,00127,13,1,2,5,62.7380952380952,1,1,1,2, ,1,CHARQUI,4211,11,00,KILOGRAMO,12,1,0,00, , , , ,8,00,3,00, 
2021,09,HUANCAVELICA,04,CASTROVIRREYNA,03,AURAHUA,13456,00142,14,1,2,5,62.7380952380952,1,1,1,1,1,1,QUESO,4208,300,00,KILOGRAMO,12,1,200,00,15,00,3000,15,50,00,50,00, 
2021,09,HUANCAVELICA,04,CASTROVIRREYNA,02,ARMA,13458,00009,1,1,2,5,62.7380952380952,1,1,1,1,1,1,QUESO,4208,250,00,KILOGRAMO,12,1,200,00,12,00,2400,12,50,00,0,00, 
2021,09,HUANCAVELICA,04,CASTROVIRREYNA,02,ARMA,13458,00022,3,1,2,5,62.7380952380952,1,1,1,1,1,1,QUESO,4208,50,00,KILOGRAMO,12,1,40,00,12,00,480,12,10,00,0,00, 
2021,09,HUANCAVELICA,04,CASTROVIRREYNA,02,ARMA,13458,00028,4,1,2,5,62.7380952380952,1,1,1,"1,3","1,3",1,QUESO,4208,64,00,KILOGRAMO,12,1,50,00,10,00,500,10,14,00,0,00, 
2021,09,HUANCAVELICA,04,CASTROVIRREYNA,02,ARMA,13458,00030,5,1,2,5,62.7380952380952,1,1,1,1,1,1,QUESO,4208,240,00,KILOGRAMO,12,1,210,00,10,00,2100,10,30,00,0,00, 
2021,09,HUANCAVELICA,04,CASTROVIRREYNA,02,ARMA,13458,00049,7,1,2,5,62.7380952380952,1,1,1,1,1,1,QUESO,4208,30,00,KILOGRAMO,12,1,25,00,10,00,250,10,5,00,0,00, 
2021,09,HUANCAVELICA,04,CASTROVIRREYNA,02,ARMA,13458,00058,8,1,2,5,62.7380952380952,1,1,1,1,1,1,QUESO,4208,62,50,KILOGRAMO,12,1,40,50,12,00,486,12,22,00,0,00, 
2021,09,HUANCAVELICA,04,CASTROVIRREYNA,02,ARMA,13458,00074,9,1,2,5,62.7380952380952,1,1,1,1,1,1,QUESO,4208,500,00,KILOGRAMO,12,1,400,00,10,00,4000,10,100,00,0,00, 
2021,09,HUANCAVELICA,04,CASTROVIRREYNA,02,ARMA,13458,00085,10,1,2,5,62.7380952380952,1,1,1,1,1,1,QUESO,4208,30,00,KILOGRAMO,12,1,20,00,13,00,260,13,5,00,5,00, 
2021,09,HUANCAVELICA,04,CASTROVIRREYNA,02,ARMA,13458,00086,11,1,2,5,62.7380952380952,1,1,1,1,1,1,QUESO,4208,400,00,KILOGRAMO,12,1,380,00,13,00,4940,13,10,00,10,00, 
2021,09,HUANCAVELICA,04,CASTROVIRREYNA,02,ARMA,13458,00114,14,1,2,5,62.7380952380952,1,1,1,1,1,1,QUESO,4208,125,00,KILOGRAMO,12,1,100,00,12,00,1200,12,25,00,0,00, 
2021,09,HUANCAVELICA,04,CASTROVIRREYNA,04,CAPILLAS,13467,00007,2,1,2,5,62.7380952380952,1,1,1,"1,3","1,3",1,QUESO,4208,218,75,KILOGRAMO,12,1,200,00,8,00,1600,8,18,75,0,00, 
2021,09,HUANCAVELICA,04,CASTROVIRREYNA,04,CAPILLAS,13467,00042,7,1,2,5,62.7380952380952,1,1,1,1,1,1,QUESO,4208,2375,00,KILOGRAMO,12,1,2350,00,8,00,18800,8,20,00,5,00, 
2021,09,HUANCAVELICA,04,CASTROVIRREYNA,04,CAPILLAS,13467,00059,9,1,2,5,62.7380952380952,1,1,1,3,3,1,QUESO,4208,437,50,KILOGRAMO,12,1,400,00,8,00,3200,8,30,50,7,00, 
2021,09,HUANCAVELICA,04,CASTROVIRREYNA,04,CAPILLAS,13467,00079,12,1,2,5,62.7380952380952,1,1,1,1,1,1,QUESO,4208,400,00,KILOGRAMO,12,1,350,00,8,00,2800,8,40,00,10,00, 
2021,09,HUANCAVELICA,04,CASTROVIRREYNA,04,CAPILLAS,13467,00083,13,1,2,5,62.7380952380952,1,1,1,"1,3","1,3",1,QUESO,4208,925,00,KILOGRAMO,12,1,850,00,10,00,8500,10,65,00,10,00, 
2021,09,HUANCAVELICA,04,CASTROVIRREYNA,07,HUACHOS,13468,00007,1,1,2,5,62.7380952380952,1,1,1,1,1,1,QUESO,4208,200,00,KILOGRAMO,12,1,150,00,15,00,2250,15,30,00,20,00, 
2021,09,HUANCAVELICA,04,CASTROVIRREYNA,07,HUACHOS,13468,00023,3,1,2,5,62.7380952380952,1,1,1,1,1,1,QUESO,4208,500,00,KILOGRAMO,12,1,400,00,10,00,4000,10,100,00,0,00, 
2021,09,HUANCAVELICA,04,CASTROVIRREYNA,07,HUACHOS,13468,00044,4,1,2,5,62.7380952380952,1,1,1,1,1,1,QUESO,4208,100,00,KILOGRAMO,12,1,70,00,15,00,1050,15,20,00,10,00, 
2021,09,HUANCAVELICA,04,CASTROVIRREYNA,07,HUACHOS,13468,00044,4,1,2,5,62.7380952380952,1,1,1,2, ,2,CHARQUI,4211,6,00,KILOGRAMO,12,1,0,00, , , , ,5,00,1,00, 
2021,09,HUANCAVELICA,04,CASTROVIRREYNA,07,HUACHOS,13468,00048,5,1,2,5,62.7380952380952,1,1,1,1,1,1,QUESO,4208,150,00,KILOGRAMO,12,1,100,00,20,00,2000,20,40,00,10,00, 
2021,09,HUANCAVELICA,04,CASTROVIRREYNA,07,HUACHOS,13468,00087,8,1,2,5,62.7380952380952,1,1,1,1,1,1,QUESO,4208,80,00,KILOGRAMO,12,1,50,00,15,00,750,15,20,00,10,00, 
2021,09,HUANCAVELICA,04,CASTROVIRREYNA,07,HUACHOS,13468,00107,11,1,2,5,62.7380952380952,1,1,1,1,1,1,QUESO,4208,130,00,KILOGRAMO,12,1,120,00,10,00,1200,10,10,00,0,00, 
2021,09,HUANCAVELICA,04,CASTROVIRREYNA,07,HUACHOS,13468,00131,13,1,2,5,62.7380952380952,1,1,1,1,1,1,QUESO,4208,121,00,KILOGRAMO,12,1,71,00,10,00,710,10,50,00,0,00, 
2021,09,HUANCAVELICA,04,CASTROVIRREYNA,06,COCAS,13474,00014,2,1,2,5,67.5641025641026,1,1,1,1,1,1,QUESO,4208,100,00,KILOGRAMO,12,1,70,00,11,00,770,11,20,00,10,00, 
2021,09,HUANCAVELICA,04,CASTROVIRREYNA,06,COCAS,13474,00014,2,1,2,5,67.5641025641026,1,1,1,2, ,2,CHARQUI,4211,20,00,KILOGRAMO,12,1,0,00, , , , ,18,00,2,00, 
2021,09,HUANCAVELICA,04,CASTROVIRREYNA,06,COCAS,13474,00022,3,1,2,5,67.5641025641026,1,1,1,1,1,1,QUESO,4208,125,00,KILOGRAMO,12,1,100,00,12,00,1200,12,25,00,0,00, 
2021,09,HUANCAVELICA,04,CASTROVIRREYNA,06,COCAS,13474,00065,8,1,2,5,67.5641025641026,1,1,1,1,1,1,QUESO,4208,75,00,KILOGRAMO,12,1,50,00,12,00,600,12,10,00,15,00, 
2021,09,HUANCAVELICA,04,CASTROVIRREYNA,06,COCAS,13474,00076,9,1,2,5,67.5641025641026,1,1,1,3, ,1,CHARQUI,4211,20,00,KILOGRAMO,12,1,0,00, , , , ,20,00,0,00, 
2021,09,HUANCAVELICA,04,CASTROVIRREYNA,06,COCAS,13474,00076,9,1,2,5,67.5641025641026,1,1,1,"1,3","1,3",2,QUESO,4208,150,00,KILOGRAMO,12,1,80,00,15,00,1200,15,45,00,25,00, 
2021,09,HUANCAVELICA,04,CASTROVIRREYNA,06,COCAS,13474,00094,12,1,2,5,67.5641025641026,1,1,1,1,1,1,QUESO,4208,250,00,KILOGRAMO,12,1,200,00,12,00,2400,12,50,00,0,00, 
2021,09,HUANCAVELICA,04,CASTROVIRREYNA,06,COCAS,13474,00100,13,1,2,5,67.5641025641026,1,1,1,1,1,1,QUESO,4208,10,00,KILOGRAMO,12,1,0,00, , , , ,10,00,0,00, 
2021,09,HUANCAVELICA,06,HUAYTARA,09,QUITO-ARMA,13487,00003,1,1,2,5,62.7380952380952,1,1,1,1,1,1,QUESO,4208,300,00,KILOGRAMO,12,1,250,00,18,00,4500,18,50,00,0,00, 
2021,09,HUANCAVELICA,06,HUAYTARA,09,QUITO-ARMA,13487,00009,2,1,2,5,62.7380952380952,1,1,1,1,1,1,QUESO,4208,200,00,KILOGRAMO,12,1,180,00,18,00,3240,18,20,00,0,00, 
2021,09,HUANCAVELICA,06,HUAYTARA,09,QUITO-ARMA,13487,00021,3,1,2,5,62.7380952380952,1,1,1,1,1,1,QUESO,4208,100,00,KILOGRAMO,12,1,90,00,18,00,1620,18,10,00,0,00, 
2021,09,HUANCAVELICA,06,HUAYTARA,09,QUITO-ARMA,13487,00030,4,1,2,5,62.7380952380952,1,1,1,1,1,1,QUESO,4208,45,00,KILOGRAMO,12,1,40,00,18,00,720,18,5,00,0,00, 
2021,09,HUANCAVELICA,06,HUAYTARA,09,QUITO-ARMA,13487,00036,5,1,2,5,62.7380952380952,1,1,1,1,1,1,QUESO,4208,350,00,KILOGRAMO,12,1,300,00,15,00,4500,15,40,00,10,00, 
2021,09,HUANCAVELICA,06,HUAYTARA,09,QUITO-ARMA,13487,00047,6,1,2,5,62.7380952380952,1,1,1,1,1,1,QUESO,4208,150,00,KILOGRAMO,12,1,140,00,18,00,2520,18,10,00,0,00, 
2021,09,HUANCAVELICA,06,HUAYTARA,09,QUITO-ARMA,13487,00056,7,1,2,5,62.7380952380952,1,1,1,1,1,1,QUESO,4208,270,00,KILOGRAMO,12,1,250,00,18,00,4500,18,15,00,5,00, 
2021,09,HUANCAVELICA,06,HUAYTARA,09,QUITO-ARMA,13487,00070,9,1,2,5,62.7380952380952,1,1,1,1,1,1,QUESO,4208,130,00,KILOGRAMO,12,1,125,00,18,00,2250,18,5,00,0,00, 
2021,09,HUANCAVELICA,06,HUAYTARA,10,SAN ANTONIO DE CUSICANCHA,13491,00006,1,1,2,5,67.5641025641026,1,1,1,2, ,2,CHARQUI,4211,3,00,KILOGRAMO,12,1,0,00, , , , ,3,00,0,00, 
2021,09,HUANCAVELICA,06,HUAYTARA,10,SAN ANTONIO DE CUSICANCHA,13491,00006,1,1,2,5,67.5641025641026,1,1,1,1,1,1,QUESO,4208,50,00,KILOGRAMO,12,1,30,00,14,00,420,14,10,00,10,00, 
2021,09,HUANCAVELICA,06,HUAYTARA,10,SAN ANTONIO DE CUSICANCHA,13491,00020,2,1,2,5,67.5641025641026,1,1,1,2, ,2,CHARQUI,4211,3,00,KILOGRAMO,12,1,0,00, , , , ,3,00,0,00, 
2021,09,HUANCAVELICA,06,HUAYTARA,10,SAN ANTONIO DE CUSICANCHA,13491,00020,2,1,2,5,67.5641025641026,1,1,1,1,1,1,QUESO,4208,80,00,KILOGRAMO,12,1,50,00,14,00,700,14,20,00,10,00, 
2021,09,HUANCAVELICA,06,HUAYTARA,10,SAN ANTONIO DE CUSICANCHA,13491,00029,3,1,2,5,67.5641025641026,1,1,1,2, ,2,CHARQUI,4211,3,00,KILOGRAMO,12,1,0,00, , , , ,3,00,0,00, 
2021,09,HUANCAVELICA,06,HUAYTARA,10,SAN ANTONIO DE CUSICANCHA,13491,00029,3,1,2,5,67.5641025641026,1,1,1,1,1,1,QUESO,4208,80,00,KILOGRAMO,12,1,60,00,14,00,840,14,20,00,0,00, 
2021,09,HUANCAVELICA,06,HUAYTARA,10,SAN ANTONIO DE CUSICANCHA,13491,00048,4,1,2,5,67.5641025641026,1,0,1,6, ,1,CHARQUI,4211,5,00,KILOGRAMO,12,1,0,00, , , , ,5,00,0,00, 
2021,09,HUANCAVELICA,06,HUAYTARA,10,SAN ANTONIO DE CUSICANCHA,13491,00050,5,1,2,5,67.5641025641026,1,1,1,3,3,2,QUESO,4208,47,00,KILOGRAMO,12,1,20,00,12,00,240,12,27,00,0,00, 
2021,09,HUANCAVELICA,06,HUAYTARA,10,SAN ANTONIO DE CUSICANCHA,13491,00050,5,1,2,5,67.5641025641026,1,1,1,2, ,1,CHARQUI,4211,3,00,KILOGRAMO,12,1,0,00, , , , ,3,00,0,00, 
2021,09,HUANCAVELICA,06,HUAYTARA,10,SAN ANTONIO DE CUSICANCHA,13491,00056,6,1,2,5,67.5641025641026,1,1,1,6, ,1,CHARQUI,4211,6,00,KILOGRAMO,12,1,0,00, , , , ,4,00,2,00, 
2021,09,HUANCAVELICA,06,HUAYTARA,10,SAN ANTONIO DE CUSICANCHA,13491,00081,8,1,2,5,67.5641025641026,1,1,1,1,1,1,QUESO,4208,90,00,KILOGRAMO,12,1,70,00,14,00,980,14,10,00,10,00, 
2021,09,HUANCAVELICA,06,HUAYTARA,10,SAN ANTONIO DE CUSICANCHA,13491,00098,9,1,2,5,67.5641025641026,1,1,1,1,1,1,QUESO,4208,70,00,KILOGRAMO,12,1,50,00,14,00,700,14,20,00,0,00, 
2021,09,HUANCAVELICA,06,HUAYTARA,10,SAN ANTONIO DE CUSICANCHA,13491,00101,10,1,2,5,67.5641025641026,1,1,1,2, ,2,CHARQUI,4211,3,00,KILOGRAMO,12,1,0,00, , , , ,3,00,0,00, 
2021,09,HUANCAVELICA,06,HUAYTARA,10,SAN ANTONIO DE CUSICANCHA,13491,00101,10,1,2,5,67.5641025641026,1,1,1,1,1,1,QUESO,4208,100,00,KILOGRAMO,12,1,80,00,14,00,1120,14,20,00,0,00, 
2021,09,HUANCAVELICA,06,HUAYTARA,10,SAN ANTONIO DE CUSICANCHA,13491,00125,11,1,2,5,67.5641025641026,1,1,1,6, ,2,CHARQUI,4211,5,00,KILOGRAMO,12,1,0,00, , , , ,5,00,0,00, 
2021,09,HUANCAVELICA,06,HUAYTARA,10,SAN ANTONIO DE CUSICANCHA,13491,00125,11,1,2,5,67.5641025641026,1,1,1,1,1,1,QUESO,4208,30,00,KILOGRAMO,12,1,0,00, , , , ,30,00,0,00, 
2021,09,HUANCAVELICA,06,HUAYTARA,10,SAN ANTONIO DE CUSICANCHA,13491,00135,12,1,2,5,67.5641025641026,1,1,1,6, ,2,CHARQUI,4211,4,00,KILOGRAMO,12,1,0,00, , , , ,4,00,0,00, 
2021,09,HUANCAVELICA,06,HUAYTARA,10,SAN ANTONIO DE CUSICANCHA,13491,00135,12,1,2,5,67.5641025641026,1,1,1,3,3,1,QUESO,4208,70,00,KILOGRAMO,12,1,60,00,12,00,720,12,10,00,0,00, 
2021,09,HUANCAVELICA,06,HUAYTARA,10,SAN ANTONIO DE CUSICANCHA,13491,00148,13,1,2,5,67.5641025641026,1,1,1,6, ,1,CHARQUI,4211,5,00,KILOGRAMO,12,1,0,00, , , , ,5,00,0,00, 
2021,09,HUANCAVELICA,06,HUAYTARA,10,SAN ANTONIO DE CUSICANCHA,13491,00148,13,1,2,5,67.5641025641026,1,1,1,3,3,2,QUESO,4208,30,00,KILOGRAMO,12,1,0,00, , , , ,30,00,0,00, 
2021,09,HUANCAVELICA,06,HUAYTARA,10,SAN ANTONIO DE CUSICANCHA,13491,00164,14,1,2,5,67.5641025641026,1,1,1,1,1,1,QUESO,4208,75,00,KILOGRAMO,12,1,50,00,14,00,700,14,25,00,0,00, 
2021,09,HUANCAVELICA,06,HUAYTARA,10,SAN ANTONIO DE CUSICANCHA,13491,00164,14,1,2,5,67.5641025641026,1,1,1,6, ,2,CHARQUI,4211,5,00,KILOGRAMO,12,1,0,00, , , , ,5,00,0,00, 
2021,09,HUANCAVELICA,06,HUAYTARA,16,TAMBO,13499,00034,4,1,2,5,67.5641025641026,1,0,1,1,1,1,QUESO,4208,30,00,KILOGRAMO,12,1,20,00,18,00,360,18,10,00,0,00, 
2021,09,HUANCAVELICA,06,HUAYTARA,16,TAMBO,13499,00052,5,1,2,5,67.5641025641026,1,0,1,1,1,1,QUESO,4208,40,00,KILOGRAMO,12,1,35,00,18,00,630,18,5,00,0,00, 
2021,09,HUANCAVELICA,06,HUAYTARA,16,TAMBO,13499,00056,6,1,2,5,67.5641025641026,1,1,1,1,1,1,QUESO,4208,150,00,KILOGRAMO,12,1,140,00,18,00,2520,18,10,00,0,00, 
2021,09,HUANCAVELICA,06,HUAYTARA,16,TAMBO,13499,00060,8,1,2,5,67.5641025641026,1,1,1,1,1,1,QUESO,4208,90,00,KILOGRAMO,12,1,85,00,18,00,1530,18,5,00,0,00, 
2021,09,HUANCAVELICA,06,HUAYTARA,16,TAMBO,13499,00079,9,1,2,5,67.5641025641026,1,1,1,1,1,1,QUESO,4208,190,00,KILOGRAMO,12,1,180,00,18,00,3240,18,10,00,0,00, 
2021,09,HUANCAVELICA,06,HUAYTARA,16,TAMBO,13499,00097,11,1,2,5,67.5641025641026,1,1,1,1,1,1,QUESO,4208,200,00,KILOGRAMO,12,1,180,00,15,00,2700,15,15,00,5,00, 
2021,09,HUANCAVELICA,06,HUAYTARA,16,TAMBO,13499,00103,12,1,2,5,67.5641025641026,1,1,1,1,1,1,QUESO,4208,265,00,KILOGRAMO,12,1,260,00,18,00,4680,18,5,00,0,00, 
2021,09,HUANCAVELICA,06,HUAYTARA,16,TAMBO,13499,00125,14,1,2,5,67.5641025641026,1,1,1,1,1,1,QUESO,4208,80,00,KILOGRAMO,12,1,80,00,18,00,1440,18,0,00,0,00, 
2021,09,HUANCAVELICA,06,HUAYTARA,01,HUAYTARA,13502,00037,2,1,2,5,62.7380952380952,1,1,1,1,1,1,QUESO,4208,80,00,KILOGRAMO,12,1,70,00,18,00,1260,18,5,00,5,00, 
2021,09,HUANCAVELICA,06,HUAYTARA,01,HUAYTARA,13502,00112,11,1,2,5,62.7380952380952,1,0,1,3,3,1,QUESO,4208,366,00,KILOGRAMO,12,1,300,00,9,00,2700,9,50,00,16,00, 
2021,09,HUANCAVELICA,06,HUAYTARA,01,HUAYTARA,13502,00145,14,1,2,5,62.7380952380952,1,1,1,3,3,1,QUESO,4208,266,00,KILOGRAMO,12,1,216,00,9,00,1944,9,50,00,0,00, 
2021,09,HUANCAVELICA,06,HUAYTARA,15,SANTO DOMINGO DE CAPILLAS,13505,00004,1,1,2,5,62.7380952380952,1,1,1,6, ,1,CHARQUI,4211,4,00,KILOGRAMO,12,1,0,00, , , , ,4,00,0,00, 
2021,09,HUANCAVELICA,06,HUAYTARA,15,SANTO DOMINGO DE CAPILLAS,13505,00017,3,1,2,5,62.7380952380952,1,1,1,6, ,2,CHARQUI,4211,5,00,KILOGRAMO,12,1,0,00, , , , ,5,00,0,00, 
2021,09,HUANCAVELICA,06,HUAYTARA,15,SANTO DOMINGO DE CAPILLAS,13505,00017,3,1,2,5,62.7380952380952,1,1,1,1,1,1,QUESO,4208,100,00,KILOGRAMO,12,1,80,00,12,00,960,12,20,00,0,00, 
2021,09,HUANCAVELICA,06,HUAYTARA,15,SANTO DOMINGO DE CAPILLAS,13505,00027,4,1,2,5,62.7380952380952,1,1,1,1,1,1,QUESO,4208,100,00,KILOGRAMO,12,1,80,00,12,00,960,12,10,00,10,00, 
2021,09,HUANCAVELICA,06,HUAYTARA,15,SANTO DOMINGO DE CAPILLAS,13505,00027,4,1,2,5,62.7380952380952,1,1,1,2, ,2,CHARQUI,4211,3,00,KILOGRAMO,12,1,0,00, , , , ,3,00,0,00, 
2021,09,HUANCAVELICA,06,HUAYTARA,15,SANTO DOMINGO DE CAPILLAS,13505,00038,5,1,2,5,62.7380952380952,1,1,1,1,1,1,QUESO,4208,62,00,KILOGRAMO,12,1,50,00,10,00,500,10,12,00,0,00, 
2021,09,HUANCAVELICA,06,HUAYTARA,15,SANTO DOMINGO DE CAPILLAS,13505,00038,5,1,2,5,62.7380952380952,1,1,1,6, ,2,CHARQUI,4211,5,00,KILOGRAMO,12,1,0,00, , , , ,5,00,0,00, 
2021,09,HUANCAVELICA,06,HUAYTARA,15,SANTO DOMINGO DE CAPILLAS,13505,00041,6,1,2,5,62.7380952380952,1,1,1,2, ,2,CHARQUI,4211,3,00,KILOGRAMO,12,1,0,00, , , , ,3,00,0,00, 
2021,09,HUANCAVELICA,06,HUAYTARA,15,SANTO DOMINGO DE CAPILLAS,13505,00041,6,1,2,5,62.7380952380952,1,1,1,1,1,1,QUESO,4208,437,00,KILOGRAMO,12,1,400,00,12,00,4800,12,20,00,17,00, 
2021,09,HUANCAVELICA,06,HUAYTARA,15,SANTO DOMINGO DE CAPILLAS,13505,00064,7,1,2,5,62.7380952380952,1,1,1,1,1,1,QUESO,4208,375,00,KILOGRAMO,12,1,300,00,12,00,3600,12,30,00,45,00, 
2021,09,HUANCAVELICA,06,HUAYTARA,15,SANTO DOMINGO DE CAPILLAS,13505,00086,9,1,2,5,62.7380952380952,1,1,1,1,1,1,QUESO,4208,1250,00,KILOGRAMO,12,1,1250,00,12,00,15000,12,0,00,0,00, 
2021,09,HUANCAVELICA,06,HUAYTARA,15,SANTO DOMINGO DE CAPILLAS,13505,00091,10,1,2,5,62.7380952380952,1,1,1,1,1,1,QUESO,4208,50,00,KILOGRAMO,12,1,30,00,12,00,360,12,0,00,20,00, 
2021,09,HUANCAVELICA,06,HUAYTARA,15,SANTO DOMINGO DE CAPILLAS,13505,00101,11,1,2,5,62.7380952380952,1,1,1,1,1,1,QUESO,4208,175,00,KILOGRAMO,12,1,150,00,12,00,1800,12,25,00,0,00, 
2021,09,HUANCAVELICA,06,HUAYTARA,15,SANTO DOMINGO DE CAPILLAS,13505,00141,13,1,2,5,62.7380952380952,1,1,1,1,1,1,QUESO,4208,750,00,KILOGRAMO,12,1,730,00,12,00,8760,12,20,00,0,00, 
2021,09,HUANCAVELICA,06,HUAYTARA,13,SANTIAGO DE CHOCORVOS,13509,00005,1,1,2,5,62.7380952380952,1,1,1,1,1,1,QUESO,4208,220,00,KILOGRAMO,12,1,200,00,18,00,3600,18,20,00,0,00, 
2021,09,HUANCAVELICA,06,HUAYTARA,13,SANTIAGO DE CHOCORVOS,13509,00013,2,1,2,5,62.7380952380952,1,1,1,6, ,2,CHARQUI,4211,20,00,KILOGRAMO,12,1,0,00, , , , ,20,00,0,00, 
2021,09,HUANCAVELICA,06,HUAYTARA,13,SANTIAGO DE CHOCORVOS,13509,00013,2,1,2,5,62.7380952380952,1,1,1,1,1,1,QUESO,4208,160,00,KILOGRAMO,12,1,150,00,15,00,2250,15,10,00,0,00, 
2021,09,HUANCAVELICA,06,HUAYTARA,13,SANTIAGO DE CHOCORVOS,13509,00025,5,1,2,5,62.7380952380952,1,1,1,1,1,1,QUESO,4208,170,00,KILOGRAMO,12,1,160,00,18,00,2880,18,10,00,0,00, 
2021,09,HUANCAVELICA,06,HUAYTARA,13,SANTIAGO DE CHOCORVOS,13509,00035,7,1,2,5,62.7380952380952,1,1,1,1,1,1,QUESO,4208,80,00,KILOGRAMO,12,1,70,00,18,00,1260,18,10,00,0,00, 
2021,09,HUANCAVELICA,06,HUAYTARA,13,SANTIAGO DE CHOCORVOS,13509,00041,8,1,2,5,62.7380952380952,1,1,1,1,1,1,QUESO,4208,30,00,KILOGRAMO,12,1,25,00,15,00,375,15,5,00,0,00, 
2021,09,HUANCAVELICA,06,HUAYTARA,13,SANTIAGO DE CHOCORVOS,13509,00049,10,1,2,5,62.7380952380952,1,1,1,1,1,1,QUESO,4208,10,00,KILOGRAMO,12,1,8,00,15,00,120,15,2,00,0,00, 
2021,09,HUANCAVELICA,06,HUAYTARA,13,SANTIAGO DE CHOCORVOS,13509,00052,11,1,2,5,62.7380952380952,1,1,1,1,1,1,QUESO,4208,7,00,KILOGRAMO,12,1,0,00, , , , ,7,00,0,00, 
2021,09,HUANCAVELICA,06,HUAYTARA,13,SANTIAGO DE CHOCORVOS,13509,00063,14,1,2,5,62.7380952380952,1,1,1,1,1,1,QUESO,4208,8,00,KILOGRAMO,12,1,0,00, , , , ,8,00,0,00, 
2021,09,HUANCAVELICA,06,HUAYTARA,12,SAN ISIDRO,13517,00030,3,1,2,5,67.5641025641026,1,1,1,1,1,1,QUESO,4208,312,50,KILOGRAMO,12,1,300,00,10,00,3000,10,12,50,0,00, 
2021,09,HUANCAVELICA,06,HUAYTARA,12,SAN ISIDRO,13517,00040,4,1,2,5,67.5641025641026,1,1,1,1,1,1,QUESO,4208,125,00,KILOGRAMO,12,1,100,00,12,00,1200,12,25,00,0,00, 
2021,09,HUANCAVELICA,06,HUAYTARA,12,SAN ISIDRO,13517,00042,5,1,2,5,67.5641025641026,1,1,1,1,1,1,QUESO,4208,162,50,KILOGRAMO,12,1,160,00,10,00,1600,10,2,50,0,00, 
2021,09,HUANCAVELICA,06,HUAYTARA,12,SAN ISIDRO,13517,00065,7,1,2,5,67.5641025641026,1,1,1,1,1,1,QUESO,4208,62,50,KILOGRAMO,12,1,50,00,12,00,600,12,12,50,0,00, 
2021,09,HUANCAVELICA,06,HUAYTARA,12,SAN ISIDRO,13517,00083,9,1,2,5,67.5641025641026,1,1,1,1,1,1,QUESO,4208,250,00,KILOGRAMO,12,1,200,00,12,00,2400,12,50,00,0,00, 
2021,09,HUANCAVELICA,06,HUAYTARA,12,SAN ISIDRO,13517,00093,10,1,2,5,67.5641025641026,1,1,1,1,1,1,QUESO,4208,250,00,KILOGRAMO,12,1,200,00,12,00,2400,12,50,00,0,00, 
2021,09,HUANCAVELICA,06,HUAYTARA,12,SAN ISIDRO,13517,00113,12,1,2,5,67.5641025641026,1,1,1,1,1,1,QUESO,4208,125,00,KILOGRAMO,12,1,0,00, , , , ,125,00,0,00, 
2021,09,HUANCAVELICA,06,HUAYTARA,12,SAN ISIDRO,13517,00114,13,1,2,5,67.5641025641026,1,1,1,1,1,1,QUESO,4208,232,50,KILOGRAMO,12,1,32,50,11,00,358,11,200,00,0,00, 
2021,09,HUANCAVELICA,06,HUAYTARA,14,SANTIAGO DE QUIRAHUARA,13530,00014,3,1,2,5,62.7380952380952,1,1,1,1,1,1,QUESO,4208,750,00,KILOGRAMO,12,1,700,00,13,00,9100,13,20,00,30,00, 
2021,09,HUANCAVELICA,06,HUAYTARA,14,SANTIAGO DE QUIRAHUARA,13530,00042,5,1,2,5,62.7380952380952,1,1,1,1,1,1,QUESO,4208,225,00,KILOGRAMO,12,1,150,00,12,00,1800,12,75,00,0,00, 
2021,09,HUANCAVELICA,06,HUAYTARA,14,SANTIAGO DE QUIRAHUARA,13530,00069,7,1,2,5,62.7380952380952,1,1,1,1,1,1,QUESO,4208,725,00,KILOGRAMO,12,1,600,00,12,00,7200,12,125,00,0,00, 
2021,09,HUANCAVELICA,06,HUAYTARA,14,SANTIAGO DE QUIRAHUARA,13530,00082,9,1,2,5,62.7380952380952,1,1,1,1,1,1,QUESO,4208,81,00,KILOGRAMO,12,1,75,00,10,00,750,10,6,00,0,00, 
2021,09,HUANCAVELICA,06,HUAYTARA,14,SANTIAGO DE QUIRAHUARA,13530,00092,10,1,2,5,62.7380952380952,1,1,1,1,1,1,QUESO,4208,112,00,KILOGRAMO,12,1,80,00,10,00,800,10,12,00,20,00, 
2021,09,HUANCAVELICA,06,HUAYTARA,14,SANTIAGO DE QUIRAHUARA,13530,00115,12,1,2,5,62.7380952380952,1,1,1,1,1,1,QUESO,4208,175,00,KILOGRAMO,12,1,75,00,12,00,900,12,100,00,0,00, 
2021,05,AYACUCHO,04,HUANTA,02,AYAHUANCO,13541,00009,1,1,2,5,100.814643188137,1,1,1,1,1,1,QUESO,4208,125,00,UNIDAD,24,.5,0,00, , , , ,100,00,25,00, 
2021,05,AYACUCHO,04,HUANTA,02,AYAHUANCO,13541,00112,10,1,2,5,100.814643188137,1,1,1,"1,3","1,3",1,QUESO,4208,300,00,UNIDAD,24,.25,0,00, , , , ,300,00,0,00, 
2021,05,AYACUCHO,04,HUANTA,02,AYAHUANCO,13541,00130,11,1,2,5,100.814643188137,1,1,1,2, ,1,CHARQUI,4211,8,00,KILOGRAMO,12,1,0,00, , , , ,8,00,0,00, 
2021,05,AYACUCHO,04,HUANTA,06,SANTILLANA,13604,00005,1,1,2,5,93.6135972461274,1,1,1,1,1,1,QUESO,4208,70,00,UNIDAD,24,.1,0,00, , , , ,70,00,0,00, 
2021,05,AYACUCHO,04,HUANTA,06,SANTILLANA,13604,00082,12,1,2,5,93.6135972461274,1,1,1,1,1,1,QUESO,4208,90,00,UNIDAD,24,.1,0,00, , , , ,90,00,0,00, 
2021,05,AYACUCHO,04,HUANTA,06,SANTILLANA,13604,00099,14,1,2,5,93.6135972461274,1,1,1,1,1,1,QUESO,4208,60,00,UNIDAD,24,.1,0,00, , , , ,60,00,0,00, 
2021,05,AYACUCHO,04,HUANTA,05,LURICOCHA,13616,00108,12,1,2,5,109.215863453815,1,1,1,1,1,1,QUESO,4208,41,00,KILOGRAMO,12,1,0,00, , , , ,36,00,5,00, 
2021,05,AYACUCHO,04,HUANTA,01,HUANTA,13630,00004,1,1,2,5,100.814643188137,1,1,1,1,1,1,QUESO,4208,300,00,UNIDAD,24,.1,0,00, , , , ,280,00,20,00, 
2021,05,AYACUCHO,04,HUANTA,01,HUANTA,13630,00064,6,1,2,5,100.814643188137,1,1,1,1,1,1,QUESO,4208,620,00,UNIDAD,24,.1,0,00, , , , ,500,00,120,00, 
2021,05,AYACUCHO,04,HUANTA,01,HUANTA,13630,00076,8,1,2,5,100.814643188137,1,1,1,1,1,1,QUESO,4208,1350,00,UNIDAD,24,.1,1000,00,2,00,2000,20,350,00,0,00, 
2021,05,AYACUCHO,04,HUANTA,01,HUANTA,13630,00151,14,1,2,5,100.814643188137,1,1,1,1,1,1,QUESO,4208,980,00,UNIDAD,24,.1,720,00,2,00,1440,20,200,00,60,00, 
2021,05,AYACUCHO,04,HUANTA,01,HUANTA,13653,00016,4,1,2,5,100.814643188137,1,1,1,1,1,1,QUESO,4208,10,00,KILOGRAMO,12,1,0,00, , , , ,10,00,0,00, 
2021,05,AYACUCHO,04,HUANTA,01,HUANTA,13667,00057,6,1,2,5,100.814643188137,1,1,1,1,1,1,QUESO,4208,140,00,UNIDAD,24,.25,100,00,1,00,100,4,30,00,10,00, 
2021,05,AYACUCHO,04,HUANTA,03,HUAMANGUILLA,13697,00130,11,1,2,5,93.6135972461274,1,1,1,1,1,1,QUESO,4208,310,00,UNIDAD,24,.1,0,00, , , , ,50,00,260,00, 
2021,05,AYACUCHO,05,LA MAR,09,SAMUGARI,13761,00007,2,1,2,5,109.215863453815,1,1,1,1,1,1,QUESO,4208,90,00,KILOGRAMO,12,1,70,00,15,00,1050,15,10,00,10,00, 
2021,05,AYACUCHO,05,LA MAR,09,SAMUGARI,13761,00035,7,1,2,5,109.215863453815,1,1,1,1,1,1,QUESO,4208,80,00,KILOGRAMO,12,1,50,00,15,00,750,15,30,00,0,00, 
2021,05,AYACUCHO,05,LA MAR,09,SAMUGARI,13761,00044,9,1,2,5,109.215863453815,1,1,1,1,1,1,QUESO,4208,50,00,KILOGRAMO,12,1,30,00,15,00,450,15,10,00,10,00, 
2021,05,AYACUCHO,05,LA MAR,08,TAMBO,13774,00007,1,1,2,5,100.814643188137,1,1,1,3,3,1,QUESO,4208,250,00,UNIDAD,24,.1,0,00, , , , ,100,00,150,00, 
2021,05,AYACUCHO,05,LA MAR,08,TAMBO,13774,00105,13,1,2,5,100.814643188137,1,1,1,1,1,1,QUESO,4208,110,00,UNIDAD,24,.1,0,00, , , , ,40,00,70,00, 
2021,05,AYACUCHO,05,LA MAR,08,TAMBO,13775,00039,4,1,2,5,100.814643188137,1,1,1,1,1,1,QUESO,4208,55,00,KILOGRAMO,12,1,50,00,12,00,600,12,5,00,0,00, 
2021,05,AYACUCHO,05,LA MAR,08,TAMBO,13775,00058,6,1,2,5,100.814643188137,1,1,1,1,1,1,QUESO,4208,210,00,KILOGRAMO,12,1,200,00,8,00,1600,8,10,00,0,00, 
2021,05,AYACUCHO,05,LA MAR,08,TAMBO,13797,00029,3,1,2,5,93.6135972461274,1,1,1,1,1,1,QUESO,4208,300,00,UNIDAD,24,.25,0,00, , , , ,300,00,0,00, 
2021,05,AYACUCHO,05,LA MAR,08,TAMBO,13797,00073,7,1,2,5,93.6135972461274,1,1,1,1,1,1,QUESO,4208,25,00,UNIDAD,24,.25,20,00,1,30,26,5.2,5,00,0,00, 
2021,05,AYACUCHO,05,LA MAR,08,TAMBO,13797,00095,10,1,2,5,93.6135972461274,1,1,1,1,1,1,QUESO,4208,200,00,UNIDAD,24,.25,200,00,1,00,200,4,0,00,0,00, 
2021,05,AYACUCHO,05,LA MAR,08,TAMBO,13797,00119,14,1,2,5,93.6135972461274,1,1,1,1,1,1,QUESO,4208,40,00,UNIDAD,24,.25,30,00,1,50,45,6,10,00,0,00, 
2021,05,AYACUCHO,05,LA MAR,01,SAN MIGUEL,13800,00026,2,1,2,5,93.6135972461274,1,1,1,1,1,1,QUESO,4208,10,00,UNIDAD,24,.25,0,00, , , , ,10,00,0,00, 
2021,05,AYACUCHO,05,LA MAR,01,SAN MIGUEL,13800,00054,4,1,2,5,93.6135972461274,1,1,1,1,1,1,QUESO,4208,1500,00,UNIDAD,24,.25,1300,00,1,00,1300,4,180,00,20,00, 
2021,05,AYACUCHO,05,LA MAR,01,SAN MIGUEL,13800,00104,10,1,2,5,93.6135972461274,1,1,1,1,1,1,QUESO,4208,100,00,UNIDAD,24,.25,0,00, , , , ,100,00,0,00, 
2021,05,AYACUCHO,05,LA MAR,01,SAN MIGUEL,13803,00048,7,1,2,5,109.215863453815,1,1,1,"1,3","1,3",1,QUESO,4208,70,00,UNIDAD,24,.15,0,00, , , , ,70,00,0,00, 
2021,05,AYACUCHO,05,LA MAR,01,SAN MIGUEL,13803,00054,8,1,2,5,109.215863453815,1,1,1,1,1,1,QUESO,4208,285,00,UNIDAD,24,.2,0,00, , , , ,285,00,0,00, 
2021,05,AYACUCHO,05,LA MAR,01,SAN MIGUEL,13803,00065,9,1,2,5,109.215863453815,1,1,1,"1,3","1,3",1,QUESO,4208,60,00,UNIDAD,24,.1,0,00, , , , ,60,00,0,00, 
2021,05,AYACUCHO,05,LA MAR,01,SAN MIGUEL,13803,00066,10,1,2,5,109.215863453815,1,1,1,1,1,1,QUESO,4208,50,00,UNIDAD,24,.15,0,00, , , , ,50,00,0,00, 
2021,05,AYACUCHO,05,LA MAR,01,SAN MIGUEL,13803,00084,13,1,2,5,109.215863453815,1,1,1,1,1,1,QUESO,4208,720,00,UNIDAD,24,.1,0,00, , , , ,720,00,0,00, 
2021,05,AYACUCHO,05,LA MAR,02,ANCO,13837,00046,5,1,2,5,119.144578313253,1,1,1,1,1,1,QUESO,4208,380,00,KILOGRAMO,12,1,300,00,20,00,6000,20,80,00,0,00, 
2021,05,AYACUCHO,05,LA MAR,02,ANCO,13842,00091,11,1,2,5,93.6135972461274,1,1,1,1,1,1,QUESO,4208,300,00,UNIDAD,24,.1,0,00, , , , ,150,00,150,00, 
2021,05,AYACUCHO,05,LA MAR,04,CHILCAS,13859,00002,1,1,2,5,93.6135972461274,1,1,1,1,1,1,QUESO,4208,60,00,UNIDAD,24,.1,0,00, , , , ,30,00,30,00, 
2021,05,AYACUCHO,05,LA MAR,04,CHILCAS,13859,00029,6,1,2,5,93.6135972461274,1,1,1,1,1,1,QUESO,4208,120,00,UNIDAD,24,.1,0,00, , , , ,120,00,0,00, 
2021,05,AYACUCHO,05,LA MAR,04,CHILCAS,13859,00030,7,1,2,5,93.6135972461274,1,1,1,1,1,1,QUESO,4208,60,00,UNIDAD,24,.1,0,00, , , , ,60,00,0,00, 
2021,05,AYACUCHO,05,LA MAR,04,CHILCAS,13859,00041,8,1,2,5,93.6135972461274,1,1,1,1,1,1,QUESO,4208,50,00,UNIDAD,24,.1,0,00, , , , ,50,00,0,00, 
2021,05,AYACUCHO,05,LA MAR,04,CHILCAS,13859,00046,9,1,2,5,93.6135972461274,1,1,1,1,1,1,QUESO,4208,60,00,UNIDAD,24,.1,0,00, , , , ,60,00,0,00, 
2021,05,AYACUCHO,05,LA MAR,04,CHILCAS,13859,00051,10,1,2,5,93.6135972461274,1,1,1,1,1,1,QUESO,4208,20,00,UNIDAD,24,.1,0,00, , , , ,20,00,0,00, 
2021,05,AYACUCHO,05,LA MAR,04,CHILCAS,13859,00056,11,1,2,5,93.6135972461274,1,1,1,1,1,1,QUESO,4208,40,00,UNIDAD,24,.12,0,00, , , , ,40,00,0,00, 
2021,05,AYACUCHO,05,LA MAR,04,CHILCAS,13859,00065,12,1,2,5,93.6135972461274,1,1,1,1,1,1,QUESO,4208,90,00,UNIDAD,24,.1,0,00, , , , ,90,00,0,00, 
2021,05,AYACUCHO,05,LA MAR,04,CHILCAS,13859,00072,13,1,2,5,93.6135972461274,1,1,1,1,1,1,QUESO,4208,42,00,KILOGRAMO,12,1,0,00, , , , ,42,00,0,00, 
2021,05,AYACUCHO,05,LA MAR,04,CHILCAS,13859,00078,14,1,2,5,93.6135972461274,1,1,1,1,1,1,QUESO,4208,50,00,UNIDAD,24,.1,0,00, , , , ,50,00,0,00, 
2021,05,AYACUCHO,05,LA MAR,06,LUIS CARRANZA,13867,00049,8,1,2,5,109.215863453815,1,1,1,1,1,1,QUESO,4208,250,00,UNIDAD,24,.25,0,00, , , , ,250,00,0,00, 
2021,05,AYACUCHO,05,LA MAR,06,LUIS CARRANZA,13867,00063,9,1,2,5,109.215863453815,1,1,1,1,1,1,QUESO,4208,300,00,UNIDAD,24,.25,0,00, , , , ,250,00,50,00, 
2021,05,AYACUCHO,05,LA MAR,06,LUIS CARRANZA,13867,00073,11,1,2,5,109.215863453815,1,1,1,1,1,1,QUESO,4208,200,00,UNIDAD,24,.25,0,00, , , , ,150,00,50,00, 
2021,05,AYACUCHO,05,LA MAR,06,LUIS CARRANZA,13867,00076,12,1,2,5,109.215863453815,1,1,1,1,1,1,QUESO,4208,175,00,UNIDAD,24,.25,0,00, , , , ,175,00,0,00, 
2021,05,AYACUCHO,05,LA MAR,06,LUIS CARRANZA,13869,00048,5,1,2,5,93.6135972461274,1,1,1,1,1,1,QUESO,4208,67,00,KILOGRAMO,12,1,0,00, , , , ,60,00,7,00, 
2021,05,AYACUCHO,05,LA MAR,06,LUIS CARRANZA,13869,00072,8,1,2,5,93.6135972461274,1,1,1,1,1,1,QUESO,4208,69,00,KILOGRAMO,12,1,10,00,10,00,100,10,50,00,9,00, 
2021,05,AYACUCHO,05,LA MAR,05,CHUNGUI,13876,00035,3,1,2,5,93.6135972461274,1,1,1,3,3,1,QUESO,4208,38,00,UNIDAD,24,.5,0,00, , , , ,30,00,8,00, 
2021,05,AYACUCHO,05,LA MAR,05,CHUNGUI,13876,00086,7,1,2,5,93.6135972461274,1,1,1,3,3,1,QUESO,4208,200,00,UNIDAD,24,.05,0,00, , , , ,150,00,50,00, 
2021,05,AYACUCHO,01,HUAMANGA,11,SANTIAGO DE PISCHA,13884,00069,6,1,2,5,100.814643188137,1,1,1,1,1,1,QUESO,4208,32,00,KILOGRAMO,12,1,0,00, , , , ,10,00,22,00, 
2021,05,AYACUCHO,01,HUAMANGA,08,QUINUA,13918,00020,2,1,2,5,93.6135972461274,1,1,1,1,1,1,QUESO,4208,2,00,KILOGRAMO,12,1,0,00, , , , ,2,00,0,00, 
2021,05,AYACUCHO,01,HUAMANGA,08,QUINUA,13918,00022,3,1,2,5,93.6135972461274,1,1,1,1,1,1,QUESO,4208,23,00,KILOGRAMO,12,1,20,00,10,00,200,10,3,00,0,00, 
2021,05,AYACUCHO,01,HUAMANGA,08,QUINUA,13918,00082,9,1,2,5,93.6135972461274,1,1,1,1,1,1,QUESO,4208,98,00,KILOGRAMO,12,1,50,00,12,00,600,12,48,00,0,00, 
2021,05,AYACUCHO,01,HUAMANGA,08,QUINUA,13918,00111,11,1,2,5,93.6135972461274,1,1,1,1,1,1,QUESO,4208,101,00,KILOGRAMO,12,1,90,00,12,00,1080,12,11,00,0,00, 
2021,05,AYACUCHO,01,HUAMANGA,08,QUINUA,13924,00051,4,1,2,5,93.6135972461274,1,1,1,1,1,1,QUESO,4208,120,00,UNIDAD,24,.12,0,00, , , , ,120,00,0,00, 
2021,05,AYACUCHO,01,HUAMANGA,08,QUINUA,13924,00096,10,1,2,5,93.6135972461274,1,1,1,1,1,1,QUESO,4208,150,00,UNIDAD,24,.1,0,00, , , , ,150,00,0,00, 
2021,05,AYACUCHO,01,HUAMANGA,08,QUINUA,13924,00126,13,1,2,5,93.6135972461274,1,1,1,1,1,1,QUESO,4208,60,00,UNIDAD,24,.1,0,00, , , , ,60,00,0,00, 
2021,05,AYACUCHO,01,HUAMANGA,08,QUINUA,13924,00131,14,1,2,5,93.6135972461274,1,1,1,1,1,1,QUESO,4208,120,00,UNIDAD,24,.1,0,00, , , , ,120,00,0,00, 
2021,05,AYACUCHO,01,HUAMANGA,13,TAMBILLO,13953,00028,5,1,2,5,100.814643188137,1,1,1,1,1,1,QUESO,4208,760,00,UNIDAD,24,.2,400,00,1,00,400,5,360,00,0,00, 
2021,05,AYACUCHO,01,HUAMANGA,13,TAMBILLO,13953,00038,7,1,2,5,100.814643188137,1,1,1,1,1,1,QUESO,4208,280,00,UNIDAD,24,.2,0,00, , , , ,280,00,0,00, 
2021,05,AYACUCHO,01,HUAMANGA,13,TAMBILLO,13953,00048,8,1,2,5,100.814643188137,1,1,1,1,1,1,QUESO,4208,232,00,UNIDAD,24,.2,132,00,1,00,132,5,100,00,0,00, 
2021,05,AYACUCHO,01,HUAMANGA,13,TAMBILLO,13953,00066,11,1,2,5,100.814643188137,1,1,1,1,1,1,QUESO,4208,400,00,UNIDAD,24,.2,200,00,1,00,200,5,200,00,0,00, 
2021,05,AYACUCHO,01,HUAMANGA,12,SOCOS,13974,00017,3,1,2,5,93.6135972461274,1,1,1,1,1,1,QUESO,4208,30,00,KILOGRAMO,12,1,0,00, , , , ,30,00,0,00, 
2021,05,AYACUCHO,01,HUAMANGA,12,SOCOS,13974,00028,5,1,2,5,93.6135972461274,1,1,1,1,1,1,QUESO,4208,33,60,KILOGRAMO,12,1,0,00, , , , ,33,60,0,00, 
2021,05,AYACUCHO,01,HUAMANGA,12,SOCOS,13974,00038,6,1,2,5,93.6135972461274,1,1,1,1,1,1,QUESO,4208,14,40,KILOGRAMO,12,1,0,00, , , , ,14,40,0,00, 
2021,05,AYACUCHO,01,HUAMANGA,12,SOCOS,13974,00053,9,1,2,5,93.6135972461274,1,1,1,1,1,1,QUESO,4208,28,00,KILOGRAMO,12,1,0,00, , , , ,28,00,0,00, 
2021,05,AYACUCHO,01,HUAMANGA,12,SOCOS,13974,00055,10,1,2,5,93.6135972461274,1,1,1,1,1,1,QUESO,4208,30,00,KILOGRAMO,12,1,20,00,10,00,200,10,10,00,0,00, 
2021,05,AYACUCHO,01,HUAMANGA,12,SOCOS,13974,00069,13,1,2,5,93.6135972461274,1,1,1,1,1,1,QUESO,4208,36,00,KILOGRAMO,12,1,0,00, , , , ,36,00,0,00, 
2021,05,AYACUCHO,01,HUAMANGA,12,SOCOS,13974,00076,14,1,2,5,93.6135972461274,1,1,1,1,1,1,QUESO,4208,432,00,KILOGRAMO,12,1,430,00,10,00,4300,10,2,00,0,00, 
2021,05,AYACUCHO,01,HUAMANGA,14,VINCHOS,13988,00096,10,1,2,5,109.215863453815,1,1,1,1,1,1,QUESO,4208,48,00,UNIDAD,24,.25,24,00,1,00,24,4,24,00,0,00, 
2021,05,AYACUCHO,01,HUAMANGA,14,VINCHOS,13988,00108,11,1,2,5,109.215863453815,1,1,1,1,1,1,QUESO,4208,20,00,UNIDAD,24,.25,15,00,1,00,15,4,5,00,0,00, 
2021,05,AYACUCHO,01,HUAMANGA,14,VINCHOS,13988,00119,12,1,2,5,109.215863453815,1,1,1,1,1,1,QUESO,4208,25,00,UNIDAD,24,.25,0,00, , , , ,25,00,0,00, 
2021,05,AYACUCHO,01,HUAMANGA,14,VINCHOS,13988,00138,14,1,2,5,109.215863453815,1,1,1,1,1,1,QUESO,4208,70,00,UNIDAD,24,.25,0,00, , , , ,50,00,20,00, 
2021,05,AYACUCHO,01,HUAMANGA,14,VINCHOS,13994,00108,13,1,2,5,100.814643188137,1,1,1,1,1,1,QUESO,4208,100,00,KILOGRAMO,12,1,50,00,10,00,500,10,50,00,0,00, 
2021,05,AYACUCHO,01,HUAMANGA,14,VINCHOS,14004,00051,6,1,2,5,100.814643188137,1,1,1,1,1,1,QUESO,4208,1300,00,UNIDAD,24,.2,1300,00,2,00,2600,10,0,00,0,00, 
2021,05,AYACUCHO,01,HUAMANGA,14,VINCHOS,14004,00088,8,1,2,5,100.814643188137,1,1,1,1,1,1,QUESO,4208,1200,00,UNIDAD,24,.25,1200,00,2,00,2400,8,0,00,0,00, 
2021,05,AYACUCHO,01,HUAMANGA,14,VINCHOS,14004,00090,9,1,2,5,100.814643188137,1,1,1,1,1,1,QUESO,4208,5000,00,UNIDAD,24,.25,5000,00,2,00,10000,8,0,00,0,00, 
2021,05,AYACUCHO,01,HUAMANGA,14,VINCHOS,14004,00131,13,1,2,5,100.814643188137,1,1,1,1,1,1,QUESO,4208,600,00,UNIDAD,24,.25,600,00,4,00,2400,16,0,00,0,00, 
2021,05,AYACUCHO,01,HUAMANGA,02,ACOCRO,14038,00007,2,1,2,5,93.6135972461274,1,1,1,1,1,1,QUESO,4208,960,00,UNIDAD,24,.25,800,00,1,00,800,4,160,00,0,00, 
2021,05,AYACUCHO,01,HUAMANGA,02,ACOCRO,14038,00019,3,1,2,5,93.6135972461274,1,1,1,1,1,1,QUESO,4208,150,00,UNIDAD,24,.25,0,00, , , , ,150,00,0,00, 
2021,05,AYACUCHO,01,HUAMANGA,02,ACOCRO,14038,00057,7,1,2,5,93.6135972461274,1,1,1,1,1,1,QUESO,4208,360,00,UNIDAD,24,.25,100,00,1,00,100,4,260,00,0,00, 
2021,05,AYACUCHO,01,HUAMANGA,02,ACOCRO,14038,00067,8,1,2,5,93.6135972461274,1,1,1,1,1,1,QUESO,4208,750,00,UNIDAD,24,.25,0,00, , , , ,750,00,0,00, 
2021,05,AYACUCHO,01,HUAMANGA,02,ACOCRO,14038,00077,10,1,2,5,93.6135972461274,1,1,1,1,1,1,QUESO,4208,540,00,UNIDAD,24,.25,0,00, , , , ,500,00,40,00, 
2021,05,AYACUCHO,01,HUAMANGA,02,ACOCRO,14038,00095,12,1,2,5,93.6135972461274,1,1,1,3,3,1,QUESO,4208,270,00,UNIDAD,24,.25,270,00,1,50,405,6,0,00,0,00, 
2021,05,AYACUCHO,01,HUAMANGA,02,ACOCRO,14039,00034,5,1,2,5,100.814643188137,1,1,1,1,1,1,QUESO,4208,90,00,KILOGRAMO,12,1,40,00,12,00,480,12,50,00,0,00, 
2021,05,AYACUCHO,01,HUAMANGA,02,ACOCRO,14039,00047,6,1,2,5,100.814643188137,1,1,1,1,1,1,QUESO,4208,115,00,KILOGRAMO,12,1,90,00,12,00,1080,12,25,00,0,00, 
2021,05,AYACUCHO,01,HUAMANGA,02,ACOCRO,14039,00056,7,1,2,5,100.814643188137,1,1,1,1,1,1,QUESO,4208,50,00,KILOGRAMO,12,1,30,00,12,00,360,12,20,00,0,00, 
2021,05,AYACUCHO,01,HUAMANGA,02,ACOCRO,14039,00069,9,1,2,5,100.814643188137,1,1,1,1,1,1,QUESO,4208,90,00,KILOGRAMO,12,1,60,00,12,00,720,12,20,00,10,00, 
2021,05,AYACUCHO,01,HUAMANGA,02,ACOCRO,14039,00098,12,1,2,5,100.814643188137,1,1,1,1,1,1,QUESO,4208,43,00,KILOGRAMO,12,1,0,00, , , , ,13,00,30,00, 
2021,05,AYACUCHO,01,HUAMANGA,02,ACOCRO,14039,00108,14,1,2,5,100.814643188137,1,1,1,1,1,1,QUESO,4208,175,00,KILOGRAMO,12,1,100,00,10,00,1000,10,75,00,0,00, 
2021,05,AYACUCHO,01,HUAMANGA,02,ACOCRO,14056,00001,1,1,2,5,93.6135972461274,1,1,1,1,1,1,QUESO,4208,25,00,KILOGRAMO,12,1,5,00,10,00,50,10,15,00,5,00, 
2021,05,AYACUCHO,01,HUAMANGA,02,ACOCRO,14056,00049,5,1,2,5,93.6135972461274,1,1,1,1,1,1,QUESO,4208,145,00,KILOGRAMO,12,1,100,00,10,00,1000,10,25,00,20,00, 
2021,05,AYACUCHO,01,HUAMANGA,02,ACOCRO,14056,00076,9,1,2,5,93.6135972461274,1,1,1,1,1,1,QUESO,4208,42,00,KILOGRAMO,12,1,22,00,10,00,220,10,20,00,0,00, 
2021,05,AYACUCHO,01,HUAMANGA,02,ACOCRO,14056,00082,10,1,2,5,93.6135972461274,1,1,1,1,1,1,QUESO,4208,145,00,KILOGRAMO,12,1,130,00,10,00,1300,10,14,00,1,00, 
2021,05,AYACUCHO,01,HUAMANGA,02,ACOCRO,14056,00105,12,1,2,5,93.6135972461274,1,1,1,1,1,1,QUESO,4208,113,00,KILOGRAMO,12,1,80,00,10,00,800,10,24,00,9,00, 
2021,05,AYACUCHO,01,HUAMANGA,02,ACOCRO,14056,00112,13,1,2,5,93.6135972461274,1,1,1,1,1,1,QUESO,4208,55,00,KILOGRAMO,12,1,50,00,12,00,600,12,5,00,0,00, 
2021,05,AYACUCHO,01,HUAMANGA,02,ACOCRO,14056,00134,14,1,2,5,93.6135972461274,1,1,1,1,1,1,QUESO,4208,160,00,KILOGRAMO,12,1,140,00,10,00,1400,10,10,00,10,00, 
2021,05,AYACUCHO,01,HUAMANGA,02,ACOCRO,14059,00011,3,1,2,5,109.215863453815,1,1,1,1,1,1,QUESO,4208,360,00,UNIDAD,24,.1,0,00, , , , ,360,00,0,00, 
2021,05,AYACUCHO,01,HUAMANGA,02,ACOCRO,14059,00020,5,1,2,5,109.215863453815,1,1,1,1,1,1,QUESO,4208,250,00,UNIDAD,24,.12,0,00, , , , ,250,00,0,00, 
2021,05,AYACUCHO,01,HUAMANGA,02,ACOCRO,14059,00110,12,1,2,5,109.215863453815,1,1,1,1,1,1,QUESO,4208,180,00,UNIDAD,24,.1,0,00, , , , ,180,00,0,00, 
2021,05,AYACUCHO,02,CANGALLO,06,TOTOS,14094,00016,1,1,2,5,109.215863453815,1,1,1,1,1,1,QUESO,4208,380,00,UNIDAD,24,.1,0,00, , , , ,280,00,100,00, 
2021,05,AYACUCHO,02,CANGALLO,06,TOTOS,14095,00054,6,1,2,5,109.215863453815,1,1,1,1,1,1,QUESO,4208,50,00,KILOGRAMO,12,1,20,00,13,00,260,13,10,00,20,00, 
2021,05,AYACUCHO,02,CANGALLO,06,TOTOS,14095,00097,9,1,2,5,109.215863453815,1,1,1,1,1,1,QUESO,4208,70,00,KILOGRAMO,12,1,0,00, , , , ,70,00,0,00, 
2021,05,AYACUCHO,02,CANGALLO,02,CHUSCHI,14109,00002,1,1,2,5,93.6135972461274,1,1,1,1,1,1,QUESO,4208,200,00,UNIDAD,24,.25,0,00, , , , ,200,00,0,00, 
2021,05,AYACUCHO,02,CANGALLO,02,CHUSCHI,14109,00016,4,1,2,5,93.6135972461274,1,1,1,1,1,1,QUESO,4208,1300,00,UNIDAD,24,.25,1300,00,1,00,1300,4,0,00,0,00, 
2021,05,AYACUCHO,02,CANGALLO,02,CHUSCHI,14109,00021,5,1,2,5,93.6135972461274,1,1,1,1,1,1,QUESO,4208,100,00,KILOGRAMO,12,1,50,00,12,00,600,12,50,00,0,00, 
2021,05,AYACUCHO,02,CANGALLO,02,CHUSCHI,14109,00028,6,1,2,5,93.6135972461274,1,1,1,1,1,1,QUESO,4208,14500,00,UNIDAD,24,.25,14000,00,1,00,14000,4,500,00,0,00, 
2021,05,AYACUCHO,02,CANGALLO,02,CHUSCHI,14109,00042,7,1,2,5,93.6135972461274,1,1,1,1,1,1,QUESO,4208,60,00,UNIDAD,24,.1,0,00, , , , ,60,00,0,00, 
2021,05,AYACUCHO,02,CANGALLO,02,CHUSCHI,14109,00050,9,1,2,5,93.6135972461274,1,1,1,1,1,1,QUESO,4208,150,00,UNIDAD,24,.25,0,00, , , , ,150,00,0,00, 
2021,05,AYACUCHO,02,CANGALLO,02,CHUSCHI,14110,00051,5,1,2,5,109.215863453815,1,1,1,1,1,1,QUESO,4208,150,00,UNIDAD,24,.25,150,00,1,00,150,4,0,00,0,00, 
2021,05,AYACUCHO,02,CANGALLO,02,CHUSCHI,14110,00104,10,1,2,5,109.215863453815,1,1,1,3,3,1,QUESO,4208,120,00,UNIDAD,24,.25,0,00, , , , ,120,00,0,00, 
2021,05,AYACUCHO,02,CANGALLO,02,CHUSCHI,14110,00110,11,1,2,5,109.215863453815,1,1,1,1,1,1,QUESO,4208,60,00,UNIDAD,24,.5,0,00, , , , ,60,00,0,00, 
2021,05,AYACUCHO,02,CANGALLO,03,LOS MOROCHUCOS,14116,00014,1,1,2,5,100.814643188137,1,1,1,1,1,1,QUESO,4208,586,00,UNIDAD,24,.2,400,00,3,00,1200,15,186,00,0,00, 
2021,05,AYACUCHO,02,CANGALLO,03,LOS MOROCHUCOS,14116,00030,3,1,2,5,100.814643188137,1,1,1,1,1,1,QUESO,4208,350,00,UNIDAD,24,.25,0,00, , , , ,350,00,0,00, 
2021,05,AYACUCHO,02,CANGALLO,03,LOS MOROCHUCOS,14116,00061,6,1,2,5,100.814643188137,1,1,1,1,1,1,QUESO,4208,650,00,UNIDAD,24,.2,0,00, , , , ,300,00,350,00, 
2021,05,AYACUCHO,02,CANGALLO,03,LOS MOROCHUCOS,14116,00073,7,1,2,5,100.814643188137,1,1,1,1,1,1,QUESO,4208,2020,00,UNIDAD,24,.25,1820,00,2,00,3640,8,200,00,0,00, 
2021,05,AYACUCHO,02,CANGALLO,03,LOS MOROCHUCOS,14116,00080,8,1,2,5,100.814643188137,1,1,1,1,1,1,QUESO,4208,860,00,UNIDAD,24,.125,700,00,2,50,1750,20,160,00,0,00, 
2021,05,AYACUCHO,02,CANGALLO,03,LOS MOROCHUCOS,14116,00095,10,1,2,5,100.814643188137,1,1,1,1,1,1,QUESO,4208,500,00,UNIDAD,24,.25,200,00,2,00,400,8,250,00,50,00, 
2021,05,AYACUCHO,02,CANGALLO,03,LOS MOROCHUCOS,14116,00104,11,1,2,5,100.814643188137,1,1,1,1,1,1,QUESO,4208,1200,00,UNIDAD,24,.2,600,00,2,70,1620,13.5,600,00,0,00, 
2021,05,AYACUCHO,02,CANGALLO,03,LOS MOROCHUCOS,14116,00116,12,1,2,5,100.814643188137,1,1,1,1,1,1,QUESO,4208,1500,00,UNIDAD,24,.2,1000,00,3,00,3000,15,500,00,0,00, 
2021,05,AYACUCHO,02,CANGALLO,03,LOS MOROCHUCOS,14116,00125,13,1,2,5,100.814643188137,1,1,1,1,1,1,QUESO,4208,2000,00,UNIDAD,24,.2,1500,00,1,80,2700,9,500,00,0,00, 
2021,05,AYACUCHO,02,CANGALLO,03,LOS MOROCHUCOS,14116,00135,14,1,2,5,100.814643188137,1,1,1,1,1,1,QUESO,4208,226,00,UNIDAD,24,.2,0,00, , , , ,226,00,0,00, 
2021,05,AYACUCHO,02,CANGALLO,03,LOS MOROCHUCOS,14126,00009,2,1,2,5,93.6135972461274,1,1,1,1,1,1,QUESO,4208,400,00,UNIDAD,24,.1,200,00,1,00,200,10,180,00,20,00, 
2021,05,AYACUCHO,02,CANGALLO,03,LOS MOROCHUCOS,14126,00036,5,1,2,5,93.6135972461274,1,1,1,1,1,1,QUESO,4208,445,00,UNIDAD,24,.1,0,00, , , , ,445,00,0,00, 
2021,05,AYACUCHO,02,CANGALLO,03,LOS MOROCHUCOS,14126,00040,7,1,2,5,93.6135972461274,1,1,1,1,1,1,QUESO,4208,235,00,UNIDAD,24,.1,0,00, , , , ,235,00,0,00, 
2021,05,AYACUCHO,02,CANGALLO,03,LOS MOROCHUCOS,14126,00049,9,1,2,5,93.6135972461274,1,1,1,1,1,1,QUESO,4208,400,00,UNIDAD,24,.1,0,00, , , , ,400,00,0,00, 
2021,05,AYACUCHO,02,CANGALLO,03,LOS MOROCHUCOS,14126,00060,10,1,2,5,93.6135972461274,1,1,1,1,1,1,QUESO,4208,800,00,UNIDAD,24,.1,700,00,1,20,840,12,70,00,30,00, 
2021,05,AYACUCHO,02,CANGALLO,03,LOS MOROCHUCOS,14126,00066,11,1,2,5,93.6135972461274,1,1,1,1,1,1,QUESO,4208,55,00,UNIDAD,24,.1,30,00,1,00,30,10,25,00,0,00, 
2021,05,AYACUCHO,02,CANGALLO,03,LOS MOROCHUCOS,14126,00079,12,1,2,5,93.6135972461274,1,1,1,1,1,1,QUESO,4208,575,00,UNIDAD,24,.1,0,00, , , , ,575,00,0,00, 
2021,05,AYACUCHO,02,CANGALLO,03,LOS MOROCHUCOS,14126,00082,13,1,2,5,93.6135972461274,1,1,1,1,1,1,QUESO,4208,954,28,UNIDAD,24,.3,840,00,3,00,2520,10,100,00,14,28, 
2021,05,AYACUCHO,02,CANGALLO,03,LOS MOROCHUCOS,14126,00084,14,1,2,5,93.6135972461274,1,1,1,1,1,1,QUESO,4208,20,00,UNIDAD,24,.1,0,00, , , , ,20,00,0,00, 
2021,05,AYACUCHO,02,CANGALLO,03,LOS MOROCHUCOS,14130,00013,1,1,2,5,93.6135972461274,1,1,1,1,1,1,QUESO,4208,160,00,UNIDAD,24,.1,0,00, , , , ,160,00,0,00, 
2021,05,AYACUCHO,02,CANGALLO,03,LOS MOROCHUCOS,14130,00014,2,1,2,5,93.6135972461274,1,1,1,1,1,1,QUESO,4208,80,00,UNIDAD,24,.1,0,00, , , , ,80,00,0,00, 
2021,05,AYACUCHO,02,CANGALLO,03,LOS MOROCHUCOS,14130,00048,5,1,2,5,93.6135972461274,1,1,1,1,1,1,QUESO,4208,18,00,KILOGRAMO,12,1,0,00, , , , ,18,00,0,00, 
2021,05,AYACUCHO,02,CANGALLO,03,LOS MOROCHUCOS,14130,00064,7,1,2,5,93.6135972461274,1,1,1,1,1,1,QUESO,4208,88,00,KILOGRAMO,12,1,73,00,15,00,1095,15,10,00,5,00, 
2021,05,AYACUCHO,02,CANGALLO,03,LOS MOROCHUCOS,14130,00096,11,1,2,5,93.6135972461274,1,1,1,1,1,1,QUESO,4208,25,00,KILOGRAMO,12,1,5,00,12,00,60,12,15,00,5,00, 
2021,05,AYACUCHO,02,CANGALLO,03,LOS MOROCHUCOS,14130,00117,13,1,2,5,93.6135972461274,1,1,1,1,1,1,QUESO,4208,230,00,KILOGRAMO,12,1,200,00,12,00,2400,12,20,00,10,00, 
2021,05,AYACUCHO,11,VILCAS HUAMAN,08,VISCHONGO,14164,00014,2,1,2,5,109.215863453815,1,1,1,1,1,1,QUESO,4208,30,00,KILOGRAMO,12,1,0,00, , , , ,20,00,10,00, 
2021,05,AYACUCHO,11,VILCAS HUAMAN,08,VISCHONGO,14164,00019,3,1,2,5,109.215863453815,1,1,1,1,1,1,QUESO,4208,60,00,KILOGRAMO,12,1,30,00,13,00,390,13,20,00,10,00, 
2021,05,AYACUCHO,11,VILCAS HUAMAN,01,VILCAS HUAMAN,14177,00033,4,1,2,5,119.144578313253,1,1,1,1,1,1,QUESO,4208,170,00,UNIDAD,24,.1,0,00, , , , ,170,00,0,00, 
2021,05,AYACUCHO,11,VILCAS HUAMAN,01,VILCAS HUAMAN,14186,00018,2,1,2,5,93.6135972461274,1,1,1,"1,3","1,3",1,QUESO,4208,22,00,KILOGRAMO,12,1,20,00,13,00,260,13,2,00,0,00, 
2021,05,AYACUCHO,11,VILCAS HUAMAN,01,VILCAS HUAMAN,14188,00005,1,1,2,5,100.814643188137,1,1,1,1,1,1,QUESO,4208,100,00,UNIDAD,24,.25,0,00, , , , ,100,00,0,00, 
2021,05,AYACUCHO,11,VILCAS HUAMAN,01,VILCAS HUAMAN,14188,00020,3,1,2,5,100.814643188137,1,1,1,1,1,1,QUESO,4208,50,00,UNIDAD,24,.25,0,00, , , , ,50,00,0,00, 
2021,05,AYACUCHO,11,VILCAS HUAMAN,01,VILCAS HUAMAN,14188,00030,4,1,2,5,100.814643188137,1,1,1,1,1,1,QUESO,4208,500,00,UNIDAD,24,.25,0,00, , , , ,400,00,100,00, 
2021,05,AYACUCHO,11,VILCAS HUAMAN,01,VILCAS HUAMAN,14188,00041,5,1,2,5,100.814643188137,1,1,1,1,1,1,QUESO,4208,300,00,UNIDAD,24,.25,0,00, , , , ,200,00,100,00, 
2021,05,AYACUCHO,11,VILCAS HUAMAN,01,VILCAS HUAMAN,14188,00049,6,1,2,5,100.814643188137,1,1,1,1,1,1,QUESO,4208,150,00,UNIDAD,24,.25,0,00, , , , ,100,00,50,00, 
2021,05,AYACUCHO,11,VILCAS HUAMAN,01,VILCAS HUAMAN,14188,00061,7,1,2,5,100.814643188137,1,1,1,1,1,1,QUESO,4208,250,00,UNIDAD,24,.25,0,00, , , , ,200,00,50,00, 
2021,05,AYACUCHO,11,VILCAS HUAMAN,01,VILCAS HUAMAN,14188,00071,8,1,2,5,100.814643188137,1,1,1,1,1,1,QUESO,4208,100,00,UNIDAD,24,.25,0,00, , , , ,50,00,50,00, 
2021,05,AYACUCHO,11,VILCAS HUAMAN,01,VILCAS HUAMAN,14188,00095,11,1,2,5,100.814643188137,1,1,1,1,1,1,QUESO,4208,1000,00,UNIDAD,24,.25,0,00, , , , ,800,00,200,00, 
2021,05,AYACUCHO,09,SUCRE,11,SORAS,14225,00018,2,1,2,5,100.814643188137,1,1,1,1,1,1,QUESO,4208,200,00,UNIDAD,24,.2,100,00,7,00,700,35,30,00,70,00, 
2021,05,AYACUCHO,09,SUCRE,11,SORAS,14225,00036,3,1,2,5,100.814643188137,1,1,1,1, ,2,CHARQUI,4211,50,00,KILOGRAMO,12,1,0,00, , , , ,40,00,10,00, 
2021,05,AYACUCHO,09,SUCRE,11,SORAS,14225,00036,3,1,2,5,100.814643188137,1,1,1,1,1,1,QUESO,4208,3866,67,UNIDAD,24,.2,3000,00,8,00,24000,40,400,00,466,67, 
2021,05,AYACUCHO,09,SUCRE,11,SORAS,14225,00041,4,1,2,5,100.814643188137,1,1,1,1,1,1,QUESO,4208,917,00,UNIDAD,24,.2,400,00,8,00,3200,40,400,00,117,00, 
2021,05,AYACUCHO,09,SUCRE,11,SORAS,14225,00042,5,1,2,5,100.814643188137,1,1,1,1,1,1,QUESO,4208,975,00,UNIDAD,24,.2,400,00,7,00,2800,35,300,00,275,00, 
2021,05,AYACUCHO,09,SUCRE,11,SORAS,14225,00058,7,1,2,5,100.814643188137,1,1,1,1,1,1,QUESO,4208,5575,00,UNIDAD,24,.2,3775,00,7,00,26425,35,300,00,1500,00, 
2021,05,AYACUCHO,09,SUCRE,11,SORAS,14225,00086,10,1,2,5,100.814643188137,1,1,1,6, ,1,CHARQUI,4211,10,00,KILOGRAMO,12,1,0,00, , , , ,10,00,0,00, 
2021,05,AYACUCHO,09,SUCRE,11,SORAS,14225,00105,11,1,2,5,100.814643188137,1,1,1,1,1,1,QUESO,4208,1500,00,UNIDAD,24,.2,1000,00,7,00,7000,35,250,00,250,00, 
2021,05,AYACUCHO,10,VICTOR FAJARDO,12,VILCANCHOS,14233,00006,2,1,2,5,93.6135972461274,1,1,1,1,1,1,QUESO,4208,125,00,UNIDAD,24,.5,100,00,9,00,900,18,20,00,5,00, 
2021,05,AYACUCHO,10,VICTOR FAJARDO,12,VILCANCHOS,14233,00015,3,1,2,5,93.6135972461274,1,1,1,1,1,1,QUESO,4208,100,00,UNIDAD,24,1,0,00, , , , ,100,00,0,00, 
2021,05,AYACUCHO,10,VICTOR FAJARDO,12,VILCANCHOS,14233,00017,4,1,2,5,93.6135972461274,1,1,1,1,1,1,QUESO,4208,125,00,UNIDAD,24,1,125,00,9,00,1125,9,0,00,0,00, 
2021,05,AYACUCHO,10,VICTOR FAJARDO,12,VILCANCHOS,14233,00021,5,1,2,5,93.6135972461274,1,1,1,1,1,1,QUESO,4208,360,00,UNIDAD,24,.5,200,00,10,00,2000,20,160,00,0,00, 
2021,05,AYACUCHO,10,VICTOR FAJARDO,12,VILCANCHOS,14233,00026,7,1,2,5,93.6135972461274,1,1,1,1,1,1,QUESO,4208,25,00,UNIDAD,24,.5,0,00, , , , ,25,00,0,00, 
2021,05,AYACUCHO,10,VICTOR FAJARDO,12,VILCANCHOS,14233,00034,8,1,2,5,93.6135972461274,1,1,1,1,1,1,QUESO,4208,150,00,UNIDAD,24,.5,0,00, , , , ,50,00,100,00, 
2021,05,AYACUCHO,10,VICTOR FAJARDO,12,VILCANCHOS,14233,00037,9,1,2,5,93.6135972461274,1,1,1,1,1,1,QUESO,4208,100,00,UNIDAD,24,.5,0,00, , , , ,100,00,0,00, 
2021,05,AYACUCHO,10,VICTOR FAJARDO,12,VILCANCHOS,14233,00047,10,1,2,5,93.6135972461274,1,1,1,1,1,1,QUESO,4208,5500,00,UNIDAD,24,.5,5300,00,8,00,42400,16,200,00,0,00, 
2021,05,AYACUCHO,10,VICTOR FAJARDO,12,VILCANCHOS,14233,00053,12,1,2,5,93.6135972461274,1,1,1,1,1,1,QUESO,4208,1400,00,UNIDAD,24,1,1200,00,18,00,21600,18,150,00,50,00, 
2021,05,AYACUCHO,10,VICTOR FAJARDO,12,VILCANCHOS,14233,00060,13,1,2,5,93.6135972461274,1,1,1,1,1,1,QUESO,4208,500,00,UNIDAD,24,.25,250,00,2,00,500,8,250,00,0,00, 
2021,05,AYACUCHO,10,VICTOR FAJARDO,12,VILCANCHOS,14236,00014,2,1,2,5,93.6135972461274,1,1,1,1,1,1,QUESO,4208,116,60,KILOGRAMO,12,1,80,00,15,00,1200,15,30,60,6,00, 
2021,05,AYACUCHO,10,VICTOR FAJARDO,12,VILCANCHOS,14236,00025,3,1,2,5,93.6135972461274,1,1,1,1,1,1,QUESO,4208,110,00,KILOGRAMO,12,1,60,00,15,00,900,15,30,00,20,00, 
2021,05,AYACUCHO,10,VICTOR FAJARDO,12,VILCANCHOS,14236,00083,9,1,2,5,93.6135972461274,1,1,1,1,1,1,QUESO,4208,381,20,KILOGRAMO,12,1,300,00,13,00,3900,13,70,20,11,00, 
2021,05,AYACUCHO,10,VICTOR FAJARDO,12,VILCANCHOS,14236,00121,13,1,2,5,93.6135972461274,1,1,1,1,1,1,QUESO,4208,306,00,KILOGRAMO,12,1,250,00,16,00,4000,16,26,00,30,00, 
2021,05,AYACUCHO,10,VICTOR FAJARDO,12,VILCANCHOS,14236,00141,14,1,2,5,93.6135972461274,1,1,1,1,1,1,QUESO,4208,156,00,KILOGRAMO,12,1,120,00,15,00,1800,15,36,00,0,00, 
2021,05,AYACUCHO,10,VICTOR FAJARDO,09,HUANCARAYLLA,14260,00050,8,1,2,5,93.6135972461274,1,1,1,1,1,1,QUESO,4208,6,00,KILOGRAMO,12,1,0,00, , , , ,3,00,3,00, 
2021,05,AYACUCHO,10,VICTOR FAJARDO,09,HUANCARAYLLA,14260,00068,11,1,2,5,93.6135972461274,1,1,1,1,1,1,QUESO,4208,17,00,KILOGRAMO,12,1,0,00, , , , ,15,00,2,00, 
2021,05,AYACUCHO,10,VICTOR FAJARDO,07,COLCA,14286,00101,13,1,2,5,109.215863453815,1,1,1,3,3,1,QUESO,4208,5,00,KILOGRAMO,12,1,0,00, , , , ,4,00,1,00, 
2021,05,AYACUCHO,03,HUANCA SANCOS,02,CARAPO,14324,00002,1,1,2,5,100.814643188137,1,1,1,1,1,1,QUESO,4208,250,00,UNIDAD,24,.25,0,00, , , , ,250,00,0,00, 
2021,05,AYACUCHO,03,HUANCA SANCOS,02,CARAPO,14324,00023,4,1,2,5,100.814643188137,1,1,1,1,1,1,QUESO,4208,250,00,UNIDAD,24,.25,0,00, , , , ,250,00,0,00, 
2021,05,AYACUCHO,03,HUANCA SANCOS,02,CARAPO,14324,00031,5,1,2,5,100.814643188137,1,1,1,1,1,1,QUESO,4208,500,00,UNIDAD,24,.25,0,00, , , , ,400,00,100,00, 
2021,05,AYACUCHO,03,HUANCA SANCOS,02,CARAPO,14324,00064,9,1,2,5,100.814643188137,1,1,1,1,1,1,QUESO,4208,150,00,UNIDAD,24,.25,0,00, , , , ,150,00,0,00, 
2021,05,AYACUCHO,03,HUANCA SANCOS,02,CARAPO,14324,00065,10,1,2,5,100.814643188137,1,1,1,1,1,1,QUESO,4208,200,00,UNIDAD,24,.25,0,00, , , , ,100,00,100,00, 
2021,05,AYACUCHO,03,HUANCA SANCOS,02,CARAPO,14326,00004,1,1,2,5,100.814643188137,1,1,1,1,1,1,QUESO,4208,30,00,KILOGRAMO,12,1,0,00, , , , ,30,00,0,00, 
2021,05,AYACUCHO,03,HUANCA SANCOS,02,CARAPO,14326,00015,3,1,2,5,100.814643188137,1,1,1,1,1,1,QUESO,4208,90,00,KILOGRAMO,12,1,70,00,13,00,910,13,10,00,10,00, 
2021,05,AYACUCHO,03,HUANCA SANCOS,02,CARAPO,14326,00034,5,1,2,5,100.814643188137,1,1,1,1,1,1,QUESO,4208,110,00,KILOGRAMO,12,1,70,00,15,00,1050,15,30,00,10,00, 
2021,05,AYACUCHO,03,HUANCA SANCOS,02,CARAPO,14326,00037,6,1,2,5,100.814643188137,1,1,1,1,1,1,QUESO,4208,140,00,KILOGRAMO,12,1,90,00,15,00,1350,15,50,00,0,00, 
2021,05,AYACUCHO,03,HUANCA SANCOS,02,CARAPO,14326,00107,13,1,2,5,100.814643188137,1,1,1,1,1,1,QUESO,4208,70,00,KILOGRAMO,12,1,50,00,14,00,700,14,20,00,0,00, 
2021,05,AYACUCHO,03,HUANCA SANCOS,02,CARAPO,14326,00119,14,1,2,5,100.814643188137,1,1,1,1,1,1,QUESO,4208,30,00,KILOGRAMO,12,1,0,00, , , , ,30,00,0,00, 
2021,05,AYACUCHO,06,LUCANAS,07,HUAC-HUAS,14337,00048,4,1,2,5,93.6135972461274,1,1,1,1,1,1,QUESO,4208,59,00,KILOGRAMO,12,1,50,00,14,00,700,14,9,00,0,00, 
2021,05,AYACUCHO,06,LUCANAS,07,HUAC-HUAS,14337,00077,7,1,2,5,93.6135972461274,1,1,1,1,1,1,QUESO,4208,12,00,KILOGRAMO,12,1,2,00,12,00,24,12,10,00,0,00, 
2021,05,AYACUCHO,06,LUCANAS,07,HUAC-HUAS,14337,00088,9,1,2,5,93.6135972461274,1,1,1,1,1,1,QUESO,4208,16,00,KILOGRAMO,12,1,10,00,12,00,120,12,6,00,0,00, 
2021,05,AYACUCHO,06,LUCANAS,07,HUAC-HUAS,14337,00098,10,1,2,5,93.6135972461274,1,1,1,1,1,1,QUESO,4208,35,00,KILOGRAMO,12,1,25,00,12,00,300,12,8,00,2,00, 
2021,05,AYACUCHO,06,LUCANAS,07,HUAC-HUAS,14337,00127,12,1,2,5,93.6135972461274,1,1,1,1,1,1,QUESO,4208,19,00,KILOGRAMO,12,1,10,00,14,00,140,14,9,00,0,00, 
2021,05,AYACUCHO,06,LUCANAS,07,HUAC-HUAS,14337,00154,14,1,2,5,93.6135972461274,1,1,1,1,1,1,QUESO,4208,5,00,KILOGRAMO,12,1,3,00,14,00,42,14,2,00,0,00, 
2021,05,AYACUCHO,06,LUCANAS,07,HUAC-HUAS,14340,00005,1,1,2,5,93.6135972461274,1,1,1,3,3,1,QUESO,4208,306,00,KILOGRAMO,12,1,250,00,10,00,2500,10,30,00,26,00, 
2021,05,AYACUCHO,06,LUCANAS,07,HUAC-HUAS,14340,00028,6,1,2,5,93.6135972461274,1,1,1,1,1,1,QUESO,4208,380,00,KILOGRAMO,12,1,350,00,10,00,3500,10,30,00,0,00, 
2021,05,AYACUCHO,06,LUCANAS,07,HUAC-HUAS,14340,00042,7,1,2,5,93.6135972461274,1,1,1,1,1,1,QUESO,4208,450,00,KILOGRAMO,12,1,440,00,10,00,4400,10,10,00,0,00, 
2021,05,AYACUCHO,06,LUCANAS,07,HUAC-HUAS,14340,00059,8,1,2,5,93.6135972461274,1,1,1,1,1,1,QUESO,4208,265,00,KILOGRAMO,12,1,250,00,10,00,2500,10,5,00,10,00, 
2021,05,AYACUCHO,06,LUCANAS,07,HUAC-HUAS,14340,00089,11,1,2,5,93.6135972461274,1,1,1,1,1,1,QUESO,4208,332,50,KILOGRAMO,12,1,312,50,10,00,3125,10,20,00,0,00, 
2021,05,AYACUCHO,06,LUCANAS,07,HUAC-HUAS,14340,00105,12,1,2,5,93.6135972461274,1,1,1,1,1,1,QUESO,4208,300,00,KILOGRAMO,12,1,280,00,10,00,2800,10,10,00,10,00, 
2021,05,AYACUCHO,06,LUCANAS,07,HUAC-HUAS,14340,00109,13,1,2,5,93.6135972461274,1,1,1,1,1,1,QUESO,4208,270,00,KILOGRAMO,12,1,250,00,10,00,2500,10,10,00,10,00, 
2021,05,AYACUCHO,06,LUCANAS,12,OCAÑA,14351,00007,1,1,2,5,100.814643188137,1,1,1,1,1,1,QUESO,4208,55,00,KILOGRAMO,12,1,0,00, , , , ,40,00,15,00, 
2021,05,AYACUCHO,06,LUCANAS,12,OCAÑA,14351,00051,5,1,2,5,100.814643188137,1,1,1,1,1,1,QUESO,4208,47,00,KILOGRAMO,12,1,27,00,10,00,270,10,10,00,10,00, 
2021,05,AYACUCHO,06,LUCANAS,12,OCAÑA,14351,00053,6,1,2,5,100.814643188137,1,1,1,1,1,1,QUESO,4208,150,00,KILOGRAMO,12,1,112,00,10,00,1120,10,8,00,30,00, 
2021,05,AYACUCHO,06,LUCANAS,12,OCAÑA,14351,00067,7,1,2,5,100.814643188137,1,1,1,1,1,1,QUESO,4208,250,00,KILOGRAMO,12,1,200,00,11,00,2200,11,40,00,10,00, 
2021,05,AYACUCHO,06,LUCANAS,12,OCAÑA,14351,00086,8,1,2,5,100.814643188137,1,1,1,3,3,1,QUESO,4208,67,00,KILOGRAMO,12,1,0,00, , , , ,50,00,17,00, 
2021,05,AYACUCHO,06,LUCANAS,12,OCAÑA,14351,00107,9,1,2,5,100.814643188137,1,1,1,"1,3","1,3",1,QUESO,4208,195,00,KILOGRAMO,12,1,100,00,10,00,1000,10,90,00,5,00, 
2021,05,AYACUCHO,06,LUCANAS,12,OCAÑA,14351,00113,10,1,2,5,100.814643188137,1,1,1,1,1,1,QUESO,4208,705,00,KILOGRAMO,12,1,550,00,12,00,6600,12,150,00,5,00, 
2021,05,AYACUCHO,06,LUCANAS,12,OCAÑA,14351,00114,11,1,2,5,100.814643188137,1,1,1,1,1,1,QUESO,4208,55,00,KILOGRAMO,12,1,30,00,11,00,330,11,20,00,5,00, 
2021,05,AYACUCHO,06,LUCANAS,12,OCAÑA,14351,00145,14,1,2,5,100.814643188137,1,1,1,1,1,1,QUESO,4208,447,00,KILOGRAMO,12,1,400,00,12,00,4800,12,47,00,0,00, 
2021,05,AYACUCHO,06,LUCANAS,06,CHIPAO,14364,00002,1,1,2,5,93.6135972461274,1,1,1,1,1,1,QUESO,4208,800,00,KILOGRAMO,12,1,700,00,10,00,7000,10,100,00,0,00, 
2021,05,AYACUCHO,06,LUCANAS,06,CHIPAO,14364,00011,2,1,2,5,93.6135972461274,1,1,1,1,1,1,QUESO,4208,180,00,KILOGRAMO,12,1,0,00, , , , ,180,00,0,00, 
2021,05,AYACUCHO,06,LUCANAS,03,CABANA,14373,00014,1,1,2,5,93.6135972461274,1,1,1,1,1,1,QUESO,4208,100,00,KILOGRAMO,12,1,80,00,12,00,960,12,20,00,0,00, 
2021,05,AYACUCHO,06,LUCANAS,03,CABANA,14373,00052,2,1,2,5,93.6135972461274,1,1,1,1,1,1,QUESO,4208,124,00,KILOGRAMO,12,1,80,00,14,00,1120,14,44,00,0,00, 
2021,05,AYACUCHO,06,LUCANAS,03,CABANA,14373,00131,5,1,2,5,93.6135972461274,1,1,1,1,1,2,YOGURT,4213,1380,00,LITRO,14,1,1350,00,6,00,8100,6,30,00,0,00, 
2021,05,AYACUCHO,06,LUCANAS,03,CABANA,14373,00131,5,1,2,5,93.6135972461274,1,1,1,1,1,1,QUESO,4208,500,00,KILOGRAMO,12,1,480,00,15,00,7200,15,20,00,0,00, 
2021,05,AYACUCHO,06,LUCANAS,03,CABANA,14373,00237,8,1,2,5,93.6135972461274,1,1,1,1,1,1,QUESO,4208,52,00,KILOGRAMO,12,1,0,00, , , , ,40,00,12,00, 
2021,05,AYACUCHO,06,LUCANAS,03,CABANA,14373,00252,9,1,2,5,93.6135972461274,1,1,1,1,1,1,QUESO,4208,134,00,KILOGRAMO,12,1,80,00,13,00,1040,13,40,00,14,00, 
2021,05,AYACUCHO,06,LUCANAS,03,CABANA,14373,00287,10,1,2,5,93.6135972461274,1,1,1,1,1,1,QUESO,4208,124,00,KILOGRAMO,12,1,20,00,15,00,300,15,94,00,10,00, 
2021,05,AYACUCHO,06,LUCANAS,03,CABANA,14373,00309,11,1,2,5,93.6135972461274,1,1,1,1,1,1,QUESO,4208,72,00,KILOGRAMO,12,1,0,00, , , , ,62,00,10,00, 
2021,05,AYACUCHO,06,LUCANAS,03,CABANA,14373,00363,12,1,2,5,93.6135972461274,1,1,1,1,1,1,QUESO,4208,40,00,KILOGRAMO,12,1,0,00, , , , ,30,00,10,00, 
2021,05,AYACUCHO,06,LUCANAS,11,LUCANAS,14375,00001,1,1,2,5,93.6135972461274,1,1,1,1,1,1,QUESO,4208,2372,00,KILOGRAMO,12,1,2300,00,11,00,25300,11,72,00,0,00, 
2021,05,AYACUCHO,06,LUCANAS,11,LUCANAS,14375,00006,2,1,2,5,93.6135972461274,1,0,1,1,1,1,QUESO,4208,2540,00,KILOGRAMO,12,1,2540,00,11,00,27940,11,0,00,0,00, 
2021,05,AYACUCHO,06,LUCANAS,11,LUCANAS,14375,00020,3,1,2,5,93.6135972461274,1,1,1,1,1,1,QUESO,4208,5400,00,KILOGRAMO,12,1,4500,00,9,00,40500,9,400,00,500,00, 
2021,05,AYACUCHO,06,LUCANAS,11,LUCANAS,14375,00026,4,1,2,5,93.6135972461274,1,0,1,1,1,1,QUESO,4208,1875,00,KILOGRAMO,12,1,1800,00,9,00,16200,9,75,00,0,00, 
2021,05,AYACUCHO,06,LUCANAS,11,LUCANAS,14375,00038,5,1,2,5,93.6135972461274,1,1,1,1,1,1,QUESO,4208,600,00,KILOGRAMO,12,1,550,00,11,00,6050,11,50,00,0,00, 
2021,05,AYACUCHO,06,LUCANAS,11,LUCANAS,14375,00044,6,1,2,5,93.6135972461274,1,0,1,1,1,1,QUESO,4208,2400,00,KILOGRAMO,12,1,2400,00,9,00,21600,9,0,00,0,00, 
2021,05,AYACUCHO,06,LUCANAS,11,LUCANAS,14375,00046,7,1,2,5,93.6135972461274,1,1,1,1,1,1,QUESO,4208,111,00,KILOGRAMO,12,1,85,00,11,00,935,11,20,00,6,00, 
2021,05,AYACUCHO,06,LUCANAS,11,LUCANAS,14375,00058,9,1,2,5,93.6135972461274,1,1,1,1,1,1,QUESO,4208,26,00,KILOGRAMO,12,1,0,00, , , , ,20,00,6,00, 
2021,05,AYACUCHO,06,LUCANAS,11,LUCANAS,14375,00070,10,1,2,5,93.6135972461274,1,1,1,1,1,1,QUESO,4208,160,00,KILOGRAMO,12,1,100,00,10,00,1000,10,50,00,10,00, 
2021,05,AYACUCHO,06,LUCANAS,11,LUCANAS,14375,00092,13,1,2,5,93.6135972461274,1,0,1,1,1,1,QUESO,4208,575,00,KILOGRAMO,12,1,500,00,11,00,5500,11,75,00,0,00, 
2021,05,AYACUCHO,06,LUCANAS,11,LUCANAS,14375,00096,14,1,2,5,93.6135972461274,1,1,1,1,1,1,QUESO,4208,480,00,KILOGRAMO,12,1,480,00,12,00,5760,12,0,00,0,00, 
2021,05,AYACUCHO,06,LUCANAS,11,LUCANAS,14377,00002,1,1,2,5,93.6135972461274,1,1,1,1,1,1,QUESO,4208,2000,00,KILOGRAMO,12,1,1900,00,9,00,17100,9,50,00,50,00, 
2021,05,AYACUCHO,06,LUCANAS,11,LUCANAS,14377,00013,2,1,2,5,93.6135972461274,1,1,1,1,1,1,QUESO,4208,400,00,KILOGRAMO,12,1,200,00,10,00,2000,10,150,00,50,00, 
2021,05,AYACUCHO,06,LUCANAS,11,LUCANAS,14377,00016,3,1,2,5,93.6135972461274,1,1,1,1,1,1,QUESO,4208,1200,00,KILOGRAMO,12,1,1100,00,9,00,9900,9,80,00,20,00, 
2021,05,AYACUCHO,06,LUCANAS,11,LUCANAS,14377,00029,4,1,2,5,93.6135972461274,1,1,1,1,1,1,QUESO,4208,800,00,KILOGRAMO,12,1,750,00,8,00,6000,8,50,00,0,00, 
2021,05,AYACUCHO,06,LUCANAS,11,LUCANAS,14377,00049,7,1,2,5,93.6135972461274,1,1,1,1,1,1,QUESO,4208,40,00,KILOGRAMO,12,1,0,00, , , , ,40,00,0,00, 
2021,05,AYACUCHO,06,LUCANAS,11,LUCANAS,14377,00051,8,1,2,5,93.6135972461274,1,1,1,1,1,1,QUESO,4208,100,00,KILOGRAMO,12,1,0,00, , , , ,100,00,0,00, 
2021,05,AYACUCHO,06,LUCANAS,11,LUCANAS,14377,00063,9,1,2,5,93.6135972461274,1,1,1,1,1,1,QUESO,4208,200,00,KILOGRAMO,12,1,0,00, , , , ,150,00,50,00, 
2021,05,AYACUCHO,06,LUCANAS,11,LUCANAS,14377,00074,10,1,2,5,93.6135972461274,1,1,1,1,1,1,QUESO,4208,500,00,KILOGRAMO,12,1,300,00,8,00,2400,8,100,00,100,00, 
2021,05,AYACUCHO,06,LUCANAS,11,LUCANAS,14377,00075,11,1,2,5,93.6135972461274,1,1,1,1,1,1,QUESO,4208,80,00,KILOGRAMO,12,1,0,00, , , , ,80,00,0,00, 
2021,05,AYACUCHO,06,LUCANAS,11,LUCANAS,14377,00083,12,1,2,5,93.6135972461274,1,1,1,1,1,1,QUESO,4208,100,00,KILOGRAMO,12,1,0,00, , , , ,100,00,0,00, 
2021,05,AYACUCHO,06,LUCANAS,11,LUCANAS,14377,00086,13,1,2,5,93.6135972461274,1,1,1,1,1,1,QUESO,4208,60,00,KILOGRAMO,12,1,0,00, , , , ,60,00,0,00, 
2021,05,AYACUCHO,06,LUCANAS,11,LUCANAS,14377,00087,14,1,2,5,93.6135972461274,1,1,1,1,1,1,QUESO,4208,40,00,KILOGRAMO,12,1,0,00, , , , ,40,00,0,00, 
2021,05,AYACUCHO,06,LUCANAS,09,LEONCIO PRADO,14383,00064,6,1,2,5,93.6135972461274,1,1,1,1,1,1,QUESO,4208,1663,00,KILOGRAMO,12,1,1650,00,8,00,13200,8,13,00,0,00, 
2021,05,AYACUCHO,06,LUCANAS,09,LEONCIO PRADO,14383,00066,7,1,2,5,93.6135972461274,1,1,1,1,1,1,QUESO,4208,576,00,KILOGRAMO,12,1,566,00,8,50,4811,8.5,10,00,0,00, 
2021,05,AYACUCHO,06,LUCANAS,09,LEONCIO PRADO,14383,00092,9,1,2,5,93.6135972461274,1,1,1,1,1,1,QUESO,4208,639,00,KILOGRAMO,12,1,630,00,8,00,5040,8,9,00,0,00, 
2021,05,AYACUCHO,06,LUCANAS,09,LEONCIO PRADO,14383,00108,11,1,2,5,93.6135972461274,1,1,1,1,1,1,QUESO,4208,1111,00,KILOGRAMO,12,1,1100,00,8,00,8800,8,11,00,0,00, 
2021,05,AYACUCHO,06,LUCANAS,09,LEONCIO PRADO,14383,00115,12,1,2,5,93.6135972461274,1,1,1,1,1,1,QUESO,4208,840,00,KILOGRAMO,12,1,820,00,10,00,8200,10,10,00,10,00, 
2021,05,AYACUCHO,06,LUCANAS,15,SAN CRISTOBAL,14392,00024,3,1,2,5,93.6135972461274,1,1,1,1,1,1,QUESO,4208,245,00,KILOGRAMO,12,1,220,00,8,00,1760,8,10,00,15,00, 
2021,05,AYACUCHO,06,LUCANAS,15,SAN CRISTOBAL,14392,00071,7,1,2,5,93.6135972461274,1,1,1,1,1,1,QUESO,4208,53,00,KILOGRAMO,12,1,33,00,8,00,264,8,5,00,15,00, 
2021,05,AYACUCHO,06,LUCANAS,15,SAN CRISTOBAL,14392,00088,9,1,2,5,93.6135972461274,1,1,1,1,1,1,QUESO,4208,106,00,KILOGRAMO,12,1,95,00,8,00,760,8,5,00,6,00, 
2021,05,AYACUCHO,06,LUCANAS,15,SAN CRISTOBAL,14392,00096,10,1,2,5,93.6135972461274,1,1,1,"1,3","1,3",1,QUESO,4208,139,00,KILOGRAMO,12,1,115,00,8,00,920,8,10,00,14,00, 
2021,05,AYACUCHO,06,LUCANAS,15,SAN CRISTOBAL,14392,00146,13,1,2,5,93.6135972461274,1,1,1,1,1,1,QUESO,4208,106,00,KILOGRAMO,12,1,95,00,8,00,760,8,11,00,0,00, 
2021,05,AYACUCHO,06,LUCANAS,15,SAN CRISTOBAL,14392,00150,14,1,2,5,93.6135972461274,1,1,1,1,1,1,QUESO,4208,263,00,KILOGRAMO,12,1,240,00,8,00,1920,8,10,00,13,00, 
2021,05,AYACUCHO,06,LUCANAS,01,PUQUIO,14410,00014,3,1,2,5,100.814643188137,1,1,1,1,1,1,QUESO,4208,54,00,KILOGRAMO,12,1,30,00,12,00,360,12,24,00,0,00, 
2021,05,AYACUCHO,06,LUCANAS,01,PUQUIO,14410,00041,7,1,2,5,100.814643188137,1,1,1,1,1,1,QUESO,4208,576,00,KILOGRAMO,12,1,504,00,10,00,5040,10,72,00,0,00, 
2021,05,AYACUCHO,06,LUCANAS,01,PUQUIO,14410,00055,8,1,2,5,100.814643188137,1,1,1,1,1,1,QUESO,4208,89,00,KILOGRAMO,12,1,54,00,12,00,648,12,35,00,0,00, 
2021,05,AYACUCHO,06,LUCANAS,01,PUQUIO,14410,00086,13,1,2,5,100.814643188137,1,1,1,1,1,1,QUESO,4208,395,50,KILOGRAMO,12,1,359,50,10,00,3595,10,36,00,0,00, 
2021,05,AYACUCHO,06,LUCANAS,01,PUQUIO,14410,00095,14,1,2,5,100.814643188137,1,1,1,1,1,1,QUESO,4208,575,50,KILOGRAMO,12,1,335,50,12,00,4026,12,120,00,120,00, 
2021,05,AYACUCHO,06,LUCANAS,17,SAN PEDRO,14427,00008,1,1,2,5,93.6135972461274,1,1,1,1,1,1,QUESO,4208,200,00,KILOGRAMO,12,1,50,00,9,00,450,9,150,00,0,00, 
2021,05,AYACUCHO,06,LUCANAS,17,SAN PEDRO,14427,00027,2,1,2,5,93.6135972461274,1,1,1,1,1,1,QUESO,4208,280,00,KILOGRAMO,12,1,200,00,10,00,2000,10,80,00,0,00, 
2021,05,AYACUCHO,06,LUCANAS,17,SAN PEDRO,14427,00033,3,1,2,5,93.6135972461274,1,1,1,1,1,1,QUESO,4208,50,00,KILOGRAMO,12,1,0,00, , , , ,50,00,0,00, 
2021,05,AYACUCHO,06,LUCANAS,17,SAN PEDRO,14427,00056,5,1,2,5,93.6135972461274,1,1,1,1,1,1,QUESO,4208,180,00,KILOGRAMO,12,1,0,00, , , , ,180,00,0,00, 
2021,05,AYACUCHO,06,LUCANAS,17,SAN PEDRO,14427,00059,6,1,2,5,93.6135972461274,1,1,1,1,1,1,QUESO,4208,240,00,KILOGRAMO,12,1,120,00,10,00,1200,10,120,00,0,00, 
2021,05,AYACUCHO,06,LUCANAS,17,SAN PEDRO,14427,00068,7,1,2,5,93.6135972461274,1,1,1,1,1,1,QUESO,4208,60,00,KILOGRAMO,12,1,55,00,9,00,495,9,5,00,0,00, 
2021,05,AYACUCHO,06,LUCANAS,17,SAN PEDRO,14427,00104,11,1,2,5,93.6135972461274,1,1,1,1,1,1,QUESO,4208,200,00,KILOGRAMO,12,1,200,00,8,00,1600,8,0,00,0,00, 
2021,05,AYACUCHO,06,LUCANAS,17,SAN PEDRO,14427,00119,12,1,2,5,93.6135972461274,1,1,1,1,1,1,QUESO,4208,290,00,KILOGRAMO,12,1,290,00,9,00,2610,9,0,00,0,00, 
2021,05,AYACUCHO,06,LUCANAS,17,SAN PEDRO,14427,00143,14,1,2,5,93.6135972461274,1,1,1,1,1,1,QUESO,4208,350,00,KILOGRAMO,12,1,300,00,9,00,2700,9,50,00,0,00, 
2021,05,AYACUCHO,07,PARINACOCHAS,01,CORACORA,14454,00001,1,1,2,5,93.6135972461274,1,1,1,1,1,1,QUESO,4208,80,00,KILOGRAMO,12,1,50,00,8,00,400,8,30,00,0,00, 
2021,05,AYACUCHO,07,PARINACOCHAS,01,CORACORA,14454,00002,2,1,2,5,93.6135972461274,1,1,1,1,1,1,QUESO,4208,52,00,KILOGRAMO,12,1,0,00, , , , ,52,00,0,00, 
2021,05,AYACUCHO,07,PARINACOCHAS,01,CORACORA,14454,00010,3,1,2,5,93.6135972461274,1,1,1,1,1,1,QUESO,4208,40,00,KILOGRAMO,12,1,40,00,8,00,320,8,0,00,0,00, 
2021,05,AYACUCHO,07,PARINACOCHAS,01,CORACORA,14454,00033,5,1,2,5,93.6135972461274,1,1,1,1,1,1,QUESO,4208,60,00,KILOGRAMO,12,1,40,00,8,00,320,8,20,00,0,00, 
2021,05,AYACUCHO,07,PARINACOCHAS,01,CORACORA,14454,00045,7,1,2,5,93.6135972461274,1,1,1,1,1,1,QUESO,4208,150,00,UNIDAD,24,1,100,00,11,00,1100,11,50,00,0,00, 
2021,05,AYACUCHO,07,PARINACOCHAS,01,CORACORA,14454,00062,10,1,2,5,93.6135972461274,1,1,1,1,1,1,QUESO,4208,90,00,UNIDAD,24,1,0,00, , , , ,70,00,20,00, 
2021,05,AYACUCHO,07,PARINACOCHAS,01,CORACORA,14457,00032,5,1,2,5,93.6135972461274,1,1,1,1,1,1,QUESO,4208,30,00,KILOGRAMO,12,1,20,00,13,00,260,13,8,00,2,00, 
2021,05,AYACUCHO,07,PARINACOCHAS,01,CORACORA,14457,00041,6,1,2,5,93.6135972461274,1,1,1,1,1,1,QUESO,4208,15,00,KILOGRAMO,12,1,0,00, , , , ,10,00,5,00, 
2021,05,AYACUCHO,07,PARINACOCHAS,01,CORACORA,14457,00047,7,1,2,5,93.6135972461274,1,1,1,1,1,1,QUESO,4208,250,00,KILOGRAMO,12,1,230,00,13,00,2990,13,10,00,10,00, 
2021,05,AYACUCHO,07,PARINACOCHAS,01,CORACORA,14457,00072,11,1,2,5,93.6135972461274,1,1,1,1,1,1,QUESO,4208,94,00,KILOGRAMO,12,1,30,00,11,00,330,11,60,00,4,00, 
2021,05,AYACUCHO,07,PARINACOCHAS,01,CORACORA,14457,00078,12,1,2,5,93.6135972461274,1,1,1,1,1,1,QUESO,4208,70,00,KILOGRAMO,12,1,10,00,8,00,80,8,40,00,20,00, 
2021,05,AYACUCHO,07,PARINACOCHAS,01,CORACORA,14457,00090,14,1,2,5,93.6135972461274,1,1,1,1,1,1,QUESO,4208,50,00,KILOGRAMO,12,1,0,00, , , , ,50,00,0,00, 
2021,05,AYACUCHO,07,PARINACOCHAS,04,PACAPAUSA,14471,00007,1,1,2,5,93.6135972461274,1,1,1,1,1,1,QUESO,4208,60,00,KILOGRAMO,12,1,40,00,12,00,480,12,15,00,5,00, 
2021,05,AYACUCHO,07,PARINACOCHAS,04,PACAPAUSA,14471,00017,2,1,2,5,93.6135972461274,1,1,1,1,1,1,QUESO,4208,30,00,KILOGRAMO,12,1,20,00,12,00,240,12,10,00,0,00, 
2021,05,AYACUCHO,07,PARINACOCHAS,04,PACAPAUSA,14471,00025,3,1,2,5,93.6135972461274,1,1,1,1,1,1,QUESO,4208,25,00,KILOGRAMO,12,1,10,00,12,00,120,12,15,00,0,00, 
2021,05,AYACUCHO,07,PARINACOCHAS,04,PACAPAUSA,14471,00036,4,1,2,5,93.6135972461274,1,1,1,1,1,1,QUESO,4208,50,00,KILOGRAMO,12,1,40,00,12,00,480,12,10,00,0,00, 
2021,05,AYACUCHO,07,PARINACOCHAS,04,PACAPAUSA,14471,00046,5,1,2,5,93.6135972461274,1,1,1,1,1,1,QUESO,4208,33,00,KILOGRAMO,12,1,10,00,12,00,120,12,10,00,13,00, 
2021,05,AYACUCHO,07,PARINACOCHAS,04,PACAPAUSA,14471,00047,6,1,2,5,93.6135972461274,1,1,1,1,1,1,QUESO,4208,40,00,KILOGRAMO,12,1,10,00,12,00,120,12,20,00,10,00, 
2021,05,AYACUCHO,07,PARINACOCHAS,04,PACAPAUSA,14471,00057,7,1,2,5,93.6135972461274,1,1,1,1,1,1,QUESO,4208,30,00,KILOGRAMO,12,1,10,00,12,00,120,12,10,00,10,00, 
2021,05,AYACUCHO,07,PARINACOCHAS,04,PACAPAUSA,14471,00064,8,1,2,5,93.6135972461274,1,1,1,1,1,1,QUESO,4208,55,00,KILOGRAMO,12,1,20,00,12,00,240,12,10,00,25,00, 
2021,05,AYACUCHO,07,PARINACOCHAS,04,PACAPAUSA,14471,00073,9,1,2,5,93.6135972461274,1,1,1,1,1,1,QUESO,4208,30,00,KILOGRAMO,12,1,5,00,12,00,60,12,10,00,15,00, 
2021,05,AYACUCHO,07,PARINACOCHAS,04,PACAPAUSA,14471,00075,10,1,2,5,93.6135972461274,1,1,1,1,1,1,QUESO,4208,9,00,KILOGRAMO,12,1,0,00, , , , ,7,00,2,00, 
2021,05,AYACUCHO,07,PARINACOCHAS,04,PACAPAUSA,14471,00083,11,1,2,5,93.6135972461274,1,1,1,1,1,1,QUESO,4208,25,00,KILOGRAMO,12,1,5,00,12,00,60,12,5,00,15,00, 
2021,05,AYACUCHO,07,PARINACOCHAS,04,PACAPAUSA,14471,00086,12,1,2,5,93.6135972461274,1,1,1,1,1,1,QUESO,4208,28,00,KILOGRAMO,12,1,8,00,12,00,96,12,20,00,0,00, 
2021,05,AYACUCHO,07,PARINACOCHAS,04,PACAPAUSA,14471,00098,13,1,2,5,93.6135972461274,1,1,1,1,1,1,QUESO,4208,20,00,KILOGRAMO,12,1,2,00,12,00,24,12,18,00,0,00, 
2021,05,AYACUCHO,07,PARINACOCHAS,04,PACAPAUSA,14471,00109,14,1,2,5,93.6135972461274,1,1,1,1,1,1,QUESO,4208,30,00,KILOGRAMO,12,1,10,00,12,00,120,12,10,00,10,00, 
2021,05,AYACUCHO,07,PARINACOCHAS,04,PACAPAUSA,14472,00004,1,1,2,5,93.6135972461274,1,1,1,1,1,1,QUESO,4208,1400,00,KILOGRAMO,12,1,1000,00,10,00,10000,10,400,00,0,00, 
2021,05,AYACUCHO,07,PARINACOCHAS,04,PACAPAUSA,14472,00013,2,1,2,5,93.6135972461274,1,1,1,1,1,1,QUESO,4208,1250,00,KILOGRAMO,12,1,1000,00,10,00,10000,10,250,00,0,00, 
2021,05,AYACUCHO,07,PARINACOCHAS,04,PACAPAUSA,14472,00042,5,1,2,5,93.6135972461274,1,1,1,1,1,1,QUESO,4208,1250,00,KILOGRAMO,12,1,1000,00,12,00,12000,12,250,00,0,00, 
2021,05,AYACUCHO,07,PARINACOCHAS,04,PACAPAUSA,14472,00061,6,1,2,5,93.6135972461274,1,1,1,1,1,1,QUESO,4208,1428,00,KILOGRAMO,12,1,1000,00,10,00,10000,10,428,00,0,00, 
2021,05,AYACUCHO,07,PARINACOCHAS,04,PACAPAUSA,14472,00078,7,1,2,5,93.6135972461274,1,1,1,1,1,1,QUESO,4208,500,00,KILOGRAMO,12,1,480,00,13,00,6240,13,5,00,15,00, 
2021,05,AYACUCHO,07,PARINACOCHAS,04,PACAPAUSA,14472,00105,8,1,2,5,93.6135972461274,1,1,1,1,1,1,QUESO,4208,2875,00,KILOGRAMO,12,1,2800,00,12,00,33600,12,75,00,0,00, 
2021,05,AYACUCHO,07,PARINACOCHAS,04,PACAPAUSA,14472,00130,9,1,2,5,93.6135972461274,1,1,1,1,1,1,QUESO,4208,75,00,KILOGRAMO,12,1,50,00,10,00,500,10,10,00,15,00, 
2021,05,AYACUCHO,07,PARINACOCHAS,04,PACAPAUSA,14472,00141,10,1,2,5,93.6135972461274,1,1,1,1,1,1,QUESO,4208,100,00,KILOGRAMO,12,1,80,00,12,00,960,12,20,00,0,00, 
2021,05,AYACUCHO,07,PARINACOCHAS,04,PACAPAUSA,14472,00156,11,1,2,5,93.6135972461274,1,1,1,1,1,1,QUESO,4208,100,00,KILOGRAMO,12,1,50,00,12,00,600,12,50,00,0,00, 
2021,05,AYACUCHO,07,PARINACOCHAS,04,PACAPAUSA,14472,00170,12,1,2,5,93.6135972461274,1,1,1,1,1,1,QUESO,4208,1800,00,KILOGRAMO,12,1,1800,00,12,00,21600,12,0,00,0,00, 
2021,05,AYACUCHO,07,PARINACOCHAS,04,PACAPAUSA,14472,00176,13,1,2,5,93.6135972461274,1,1,1,1,1,1,QUESO,4208,170,00,KILOGRAMO,12,1,100,00,13,00,1300,13,50,00,20,00, 
2021,05,AYACUCHO,07,PARINACOCHAS,02,CHUMPI,14477,00010,1,1,2,5,93.6135972461274,1,1,1,1,1,1,QUESO,4208,330,00,KILOGRAMO,12,1,250,00,12,00,3000,12,50,00,30,00, 
2021,05,AYACUCHO,07,PARINACOCHAS,02,CHUMPI,14477,00037,5,1,2,5,93.6135972461274,1,1,1,1,1,1,QUESO,4208,282,00,KILOGRAMO,12,1,150,00,12,00,1800,12,80,00,52,00, 
2021,05,AYACUCHO,07,PARINACOCHAS,02,CHUMPI,14477,00054,8,1,2,5,93.6135972461274,1,1,1,1,1,1,QUESO,4208,100,00,KILOGRAMO,12,1,50,00,11,00,550,11,40,00,10,00, 
2021,05,AYACUCHO,07,PARINACOCHAS,02,CHUMPI,14477,00057,9,1,2,5,93.6135972461274,1,1,1,1,1,1,QUESO,4208,2750,00,KILOGRAMO,12,1,2600,00,11,00,28600,11,50,00,100,00, 
2021,05,AYACUCHO,07,PARINACOCHAS,02,CHUMPI,14477,00073,11,1,2,5,93.6135972461274,1,1,1,1,1,1,QUESO,4208,216,00,KILOGRAMO,12,1,150,00,11,00,1650,11,50,00,16,00, 
2021,05,AYACUCHO,07,PARINACOCHAS,02,CHUMPI,14477,00082,12,1,2,5,93.6135972461274,1,1,1,1,1,1,QUESO,4208,42,00,KILOGRAMO,12,1,0,00, , , , ,30,00,12,00, 
2021,05,AYACUCHO,07,PARINACOCHAS,02,CHUMPI,14477,00096,13,1,2,5,93.6135972461274,1,1,1,1,1,1,QUESO,4208,258,00,KILOGRAMO,12,1,200,00,11,00,2200,11,30,00,28,00, 
2021,05,AYACUCHO,07,PARINACOCHAS,02,CHUMPI,14477,00105,14,1,2,5,93.6135972461274,1,1,1,1,1,1,QUESO,4208,302,00,KILOGRAMO,12,1,200,00,12,00,2400,12,52,00,50,00, 
2021,05,AYACUCHO,07,PARINACOCHAS,02,CHUMPI,14483,00024,2,1,2,5,93.6135972461274,1,1,1,1,1,1,QUESO,4208,70,00,KILOGRAMO,12,1,60,00,13,00,780,13,10,00,0,00, 
2021,05,AYACUCHO,07,PARINACOCHAS,02,CHUMPI,14483,00063,5,1,2,5,93.6135972461274,1,1,1,1,1,1,QUESO,4208,10,00,KILOGRAMO,12,1,5,00,12,00,60,12,5,00,0,00, 
2021,05,AYACUCHO,07,PARINACOCHAS,02,CHUMPI,14483,00072,6,1,2,5,93.6135972461274,1,1,1,1,1,1,QUESO,4208,70,00,KILOGRAMO,12,1,20,00,12,00,240,12,10,00,40,00, 
2021,05,AYACUCHO,07,PARINACOCHAS,02,CHUMPI,14483,00091,8,1,2,5,93.6135972461274,1,1,1,1,1,1,QUESO,4208,70,00,KILOGRAMO,12,1,50,00,13,00,650,13,15,00,5,00, 
2021,05,AYACUCHO,07,PARINACOCHAS,02,CHUMPI,14483,00111,9,1,2,5,93.6135972461274,1,1,1,1,1,1,QUESO,4208,35,00,KILOGRAMO,12,1,10,00,12,00,120,12,5,00,20,00, 
2021,05,AYACUCHO,07,PARINACOCHAS,02,CHUMPI,14483,00118,10,1,2,5,93.6135972461274,1,1,1,1,1,1,QUESO,4208,30,00,KILOGRAMO,12,1,15,00,12,00,180,12,10,00,5,00, 
2021,05,AYACUCHO,07,PARINACOCHAS,02,CHUMPI,14483,00122,11,1,2,5,93.6135972461274,1,1,1,1,1,1,QUESO,4208,30,00,KILOGRAMO,12,1,30,00,12,00,360,12,0,00,0,00, 
2021,05,AYACUCHO,07,PARINACOCHAS,02,CHUMPI,14483,00125,12,1,2,5,93.6135972461274,1,1,1,1,1,1,QUESO,4208,70,00,KILOGRAMO,12,1,50,00,12,00,600,12,10,00,10,00, 
2021,05,AYACUCHO,07,PARINACOCHAS,02,CHUMPI,14483,00143,13,1,2,5,93.6135972461274,1,1,1,1,1,1,QUESO,4208,80,00,KILOGRAMO,12,1,50,00,12,00,600,12,10,00,20,00, 
2021,05,AYACUCHO,07,PARINACOCHAS,02,CHUMPI,14483,00154,14,1,2,5,93.6135972461274,1,1,1,1,1,1,QUESO,4208,70,00,KILOGRAMO,12,1,50,00,12,00,600,12,10,00,10,00, 
2021,05,AYACUCHO,07,PARINACOCHAS,06,PUYUSCA,14492,00003,1,1,2,5,93.6135972461274,1,1,1,1,1,1,QUESO,4208,7200,00,KILOGRAMO,12,1,7000,00,13,00,91000,13,200,00,0,00, 
2021,05,AYACUCHO,07,PARINACOCHAS,06,PUYUSCA,14492,00006,2,1,2,5,93.6135972461274,1,1,1,1,1,1,QUESO,4208,570,00,KILOGRAMO,12,1,550,00,12,00,6600,12,20,00,0,00, 
2021,05,AYACUCHO,07,PARINACOCHAS,06,PUYUSCA,14492,00012,3,1,2,5,93.6135972461274,1,1,1,1,1,1,QUESO,4208,2700,00,KILOGRAMO,12,1,2650,00,12,00,31800,12,50,00,0,00, 
2021,05,AYACUCHO,07,PARINACOCHAS,06,PUYUSCA,14492,00017,5,1,2,5,93.6135972461274,1,1,1,1,1,1,QUESO,4208,1800,00,KILOGRAMO,12,1,1500,00,9,00,13500,9,300,00,0,00, 
2021,05,AYACUCHO,07,PARINACOCHAS,06,PUYUSCA,14492,00022,6,1,2,5,93.6135972461274,1,1,1,1,1,1,QUESO,4208,1540,00,KILOGRAMO,12,1,1500,00,12,00,18000,12,40,00,0,00, 
2021,05,AYACUCHO,07,PARINACOCHAS,06,PUYUSCA,14492,00031,7,1,2,5,93.6135972461274,1,1,1,1,1,1,QUESO,4208,1080,00,KILOGRAMO,12,1,1050,00,12,00,12600,12,30,00,0,00, 
2021,05,AYACUCHO,07,PARINACOCHAS,06,PUYUSCA,14492,00041,8,1,2,5,93.6135972461274,1,1,1,1,1,1,QUESO,4208,6170,00,KILOGRAMO,12,1,6000,00,12,00,72000,12,170,00,0,00, 
2021,05,AYACUCHO,07,PARINACOCHAS,06,PUYUSCA,14492,00043,9,1,2,5,93.6135972461274,1,1,1,1,1,1,QUESO,4208,3600,00,KILOGRAMO,12,1,3500,00,12,00,42000,12,100,00,0,00, 
2021,05,AYACUCHO,07,PARINACOCHAS,06,PUYUSCA,14492,00045,10,1,2,5,93.6135972461274,1,1,1,1,1,1,QUESO,4208,772,00,KILOGRAMO,12,1,700,00,12,00,8400,12,72,00,0,00, 
2021,05,AYACUCHO,07,PARINACOCHAS,06,PUYUSCA,14492,00053,11,1,2,5,93.6135972461274,1,1,1,1,1,1,QUESO,4208,1890,00,KILOGRAMO,12,1,1800,00,12,00,21600,12,90,00,0,00, 
2021,05,AYACUCHO,07,PARINACOCHAS,06,PUYUSCA,14492,00060,12,1,2,5,93.6135972461274,1,1,1,1,1,1,QUESO,4208,2050,00,KILOGRAMO,12,1,2000,00,12,00,24000,12,50,00,0,00, 
2021,05,AYACUCHO,07,PARINACOCHAS,06,PUYUSCA,14492,00061,13,1,2,5,93.6135972461274,1,1,1,1,1,1,QUESO,4208,3375,00,KILOGRAMO,12,1,3300,00,12,00,39600,12,75,00,0,00, 
2021,05,AYACUCHO,07,PARINACOCHAS,06,PUYUSCA,14492,00064,14,1,2,5,93.6135972461274,1,1,1,1,1,1,QUESO,4208,1350,00,KILOGRAMO,12,1,1300,00,12,00,15600,12,50,00,0,00, 
2021,05,AYACUCHO,07,PARINACOCHAS,05,PULLO,14499,00010,1,1,2,5,100.814643188137,1,1,1,1,1,1,QUESO,4208,520,00,KILOGRAMO,12,1,420,00,11,00,4620,11,70,00,30,00, 
2021,05,AYACUCHO,07,PARINACOCHAS,05,PULLO,14499,00017,2,1,2,5,100.814643188137,1,1,1,1,1,1,QUESO,4208,208,00,KILOGRAMO,12,1,150,00,11,00,1650,11,58,00,0,00, 
2021,05,AYACUCHO,07,PARINACOCHAS,05,PULLO,14499,00021,3,1,2,5,100.814643188137,1,1,1,1,1,1,QUESO,4208,358,00,KILOGRAMO,12,1,300,00,11,00,3300,11,50,00,8,00, 
2021,05,AYACUCHO,07,PARINACOCHAS,05,PULLO,14499,00023,4,1,2,5,100.814643188137,1,1,1,1,1,1,QUESO,4208,750,00,KILOGRAMO,12,1,700,00,11,00,7700,11,50,00,0,00, 
2021,05,AYACUCHO,07,PARINACOCHAS,05,PULLO,14499,00030,5,1,2,5,100.814643188137,1,1,1,1,1,1,QUESO,4208,314,00,KILOGRAMO,12,1,264,00,11,00,2904,11,50,00,0,00, 
2021,05,AYACUCHO,07,PARINACOCHAS,05,PULLO,14499,00036,6,1,2,5,100.814643188137,1,1,1,1,1,1,QUESO,4208,1240,00,KILOGRAMO,12,1,1165,00,11,00,12815,11,50,00,25,00, 
2021,05,AYACUCHO,07,PARINACOCHAS,05,PULLO,14499,00046,7,1,2,5,100.814643188137,1,1,1,1,1,1,QUESO,4208,378,00,KILOGRAMO,12,1,300,00,11,00,3300,11,60,00,18,00, 
2021,05,AYACUCHO,07,PARINACOCHAS,05,PULLO,14499,00056,8,1,2,5,100.814643188137,1,1,1,1,1,1,QUESO,4208,368,00,KILOGRAMO,12,1,300,00,11,00,3300,11,50,00,18,00, 
2021,05,AYACUCHO,07,PARINACOCHAS,05,PULLO,14499,00070,9,1,2,5,100.814643188137,1,1,1,1,1,1,QUESO,4208,420,00,KILOGRAMO,12,1,350,00,12,00,4200,12,50,00,20,00, 
2021,05,AYACUCHO,07,PARINACOCHAS,05,PULLO,14499,00074,10,1,2,5,100.814643188137,1,1,1,1,1,1,QUESO,4208,494,00,KILOGRAMO,12,1,430,00,11,50,4945,11.5,50,00,14,00, 
2021,05,AYACUCHO,07,PARINACOCHAS,05,PULLO,14499,00092,11,1,2,5,100.814643188137,1,1,1,1,1,1,QUESO,4208,30,00,KILOGRAMO,12,1,0,00, , , , ,20,00,10,00, 
2021,05,AYACUCHO,07,PARINACOCHAS,05,PULLO,14499,00122,14,1,2,5,100.814643188137,1,1,1,1,1,1,QUESO,4208,422,00,KILOGRAMO,12,1,400,00,12,00,4800,12,22,00,0,00, 
2021,05,AYACUCHO,08,PAUCAR DEL SARA SARA,04,LAMPA,14503,00015,2,1,2,5,93.6135972461274,1,1,1,1,1,1,QUESO,4208,247,00,KILOGRAMO,12,1,230,00,9,00,2070,9,17,00,0,00, 
2021,05,AYACUCHO,08,PAUCAR DEL SARA SARA,04,LAMPA,14503,00047,3,1,2,5,93.6135972461274,1,1,1,1,1,1,QUESO,4208,55,00,KILOGRAMO,12,1,50,00,9,00,450,9,5,00,0,00, 
2021,05,AYACUCHO,08,PAUCAR DEL SARA SARA,04,LAMPA,14503,00061,5,1,2,5,93.6135972461274,1,1,1,1,1,1,QUESO,4208,120,00,KILOGRAMO,12,1,100,00,9,00,900,9,20,00,0,00, 
2021,05,AYACUCHO,08,PAUCAR DEL SARA SARA,04,LAMPA,14503,00071,6,1,2,5,93.6135972461274,1,1,1,1,1,1,QUESO,4208,47,00,KILOGRAMO,12,1,43,00,9,00,387,9,4,00,0,00, 
2021,05,AYACUCHO,08,PAUCAR DEL SARA SARA,04,LAMPA,14503,00081,8,1,2,5,93.6135972461274,1,1,1,1,1,1,QUESO,4208,207,00,KILOGRAMO,12,1,200,00,8,50,1700,8.5,7,00,0,00, 
2021,05,AYACUCHO,08,PAUCAR DEL SARA SARA,06,OYOLO,14513,00005,1,1,2,5,93.6135972461274,1,1,1,1,1,1,QUESO,4208,40,00,KILOGRAMO,12,1,30,00,15,00,450,15,10,00,0,00, 
2021,05,AYACUCHO,08,PAUCAR DEL SARA SARA,06,OYOLO,14513,00007,2,1,2,5,93.6135972461274,1,1,1,1,1,1,QUESO,4208,28,00,KILOGRAMO,12,1,0,00, , , , ,20,00,8,00, 
2021,05,AYACUCHO,08,PAUCAR DEL SARA SARA,06,OYOLO,14513,00011,3,1,2,5,93.6135972461274,1,1,1,1,1,1,QUESO,4208,25,00,KILOGRAMO,12,1,0,00, , , , ,20,00,5,00, 
2021,05,AYACUCHO,08,PAUCAR DEL SARA SARA,06,OYOLO,14513,00016,4,1,2,5,93.6135972461274,1,1,1,1,1,1,QUESO,4208,20,00,KILOGRAMO,12,1,10,00,16,00,160,16,10,00,0,00, 
2021,05,AYACUCHO,08,PAUCAR DEL SARA SARA,06,OYOLO,14513,00021,5,1,2,5,93.6135972461274,1,1,1,1,1,1,QUESO,4208,30,00,KILOGRAMO,12,1,0,00, , , , ,20,00,10,00, 
2021,05,AYACUCHO,08,PAUCAR DEL SARA SARA,06,OYOLO,14513,00024,6,1,2,5,93.6135972461274,1,1,1,1,1,1,QUESO,4208,30,00,KILOGRAMO,12,1,0,00, , , , ,30,00,0,00, 
2021,05,AYACUCHO,08,PAUCAR DEL SARA SARA,06,OYOLO,14513,00033,7,1,2,5,93.6135972461274,1,1,1,1,1,1,QUESO,4208,50,00,KILOGRAMO,12,1,0,00, , , , ,50,00,0,00, 
2021,05,AYACUCHO,08,PAUCAR DEL SARA SARA,06,OYOLO,14513,00042,8,1,2,5,93.6135972461274,1,1,1,1,1,1,QUESO,4208,10,00,KILOGRAMO,12,1,0,00, , , , ,10,00,0,00, 
2021,05,AYACUCHO,08,PAUCAR DEL SARA SARA,06,OYOLO,14513,00054,9,1,2,5,93.6135972461274,1,1,1,1,1,1,QUESO,4208,30,00,KILOGRAMO,12,1,0,00, , , , ,30,00,0,00, 
2021,05,AYACUCHO,08,PAUCAR DEL SARA SARA,06,OYOLO,14513,00062,10,1,2,5,93.6135972461274,1,1,1,1,1,1,QUESO,4208,40,00,KILOGRAMO,12,1,0,00, , , , ,20,00,20,00, 
2021,05,AYACUCHO,08,PAUCAR DEL SARA SARA,06,OYOLO,14513,00066,11,1,2,5,93.6135972461274,1,1,1,1,1,1,QUESO,4208,7,00,KILOGRAMO,12,1,0,00, , , , ,5,00,2,00, 
2021,05,AYACUCHO,08,PAUCAR DEL SARA SARA,06,OYOLO,14513,00075,12,1,2,5,93.6135972461274,1,1,1,1,1,1,QUESO,4208,9,00,KILOGRAMO,12,1,0,00, , , , ,9,00,0,00, 
2021,05,AYACUCHO,08,PAUCAR DEL SARA SARA,06,OYOLO,14513,00082,13,1,2,5,93.6135972461274,1,1,1,1,1,1,QUESO,4208,25,00,KILOGRAMO,12,1,0,00, , , , ,25,00,0,00, 
2021,05,AYACUCHO,08,PAUCAR DEL SARA SARA,06,OYOLO,14513,00087,14,1,2,5,93.6135972461274,1,1,1,1,1,1,QUESO,4208,20,00,KILOGRAMO,12,1,0,00, , , , ,20,00,0,00, 
2021,05,AYACUCHO,08,PAUCAR DEL SARA SARA,06,OYOLO,14515,00065,11,1,2,5,109.215863453815,1,1,1,2, ,1,CHARQUI,4211,30,00,KILOGRAMO,12,1,0,00, , , , ,15,00,15,00, 
2021,05,AYACUCHO,08,PAUCAR DEL SARA SARA,01,PAUSA,14527,00012,2,1,2,5,100.814643188137,1,1,1,1,1,1,QUESO,4208,100,00,KILOGRAMO,12,1,0,00, , , , ,100,00,0,00, 
2021,05,AYACUCHO,08,PAUCAR DEL SARA SARA,01,PAUSA,14527,00021,4,1,2,5,100.814643188137,1,1,1,1,1,1,QUESO,4208,50,00,KILOGRAMO,12,1,25,00,12,00,300,12,25,00,0,00, 
2021,05,AYACUCHO,08,PAUCAR DEL SARA SARA,01,PAUSA,14527,00038,6,1,2,5,100.814643188137,1,1,1,1,1,1,QUESO,4208,100,00,KILOGRAMO,12,1,0,00, , , , ,50,00,50,00, 
2021,05,AYACUCHO,08,PAUCAR DEL SARA SARA,01,PAUSA,14527,00048,9,1,2,5,100.814643188137,1,1,1,1,1,1,QUESO,4208,100,00,KILOGRAMO,12,1,0,00, , , , ,50,00,50,00, 
2021,05,AYACUCHO,08,PAUCAR DEL SARA SARA,01,PAUSA,14527,00057,10,1,2,5,100.814643188137,1,1,1,1,1,1,QUESO,4208,100,00,KILOGRAMO,12,1,0,00, , , , ,100,00,0,00, 
2021,05,AYACUCHO,08,PAUCAR DEL SARA SARA,01,PAUSA,14529,00026,4,1,2,5,93.6135972461274,1,1,1,1,1,1,QUESO,4208,110,00,KILOGRAMO,12,1,60,00,12,00,720,12,50,00,0,00, 
2021,05,AYACUCHO,08,PAUCAR DEL SARA SARA,01,PAUSA,14529,00037,7,1,2,5,93.6135972461274,1,1,1,1,1,1,QUESO,4208,125,00,KILOGRAMO,12,1,70,00,10,00,700,10,55,00,0,00, 
2021,03,APURÍMAC,06,CHINCHEROS,04,HUACCANA,14546,00005,1,1,2,6,66.8857142857143,1,1,1,1, ,2,CHARQUI,4211,20,00,KILOGRAMO,12,1,0,00, , , , ,20,00,0,00, 
2021,03,APURÍMAC,06,CHINCHEROS,04,HUACCANA,14546,00005,1,1,2,6,66.8857142857143,1,1,1,1,1,1,QUESO,4208,88,00,UNIDAD,24,.25,0,00, , , , ,88,00,0,00, 
2021,03,APURÍMAC,06,CHINCHEROS,04,HUACCANA,14546,00020,2,1,2,6,66.8857142857143,1,1,1,1,1,1,QUESO,4208,12,00,UNIDAD,24,.25,0,00, , , , ,12,00,0,00, 
2021,03,APURÍMAC,06,CHINCHEROS,04,HUACCANA,14546,00028,3,1,2,6,66.8857142857143,1,1,1,1,1,1,QUESO,4208,320,00,UNIDAD,24,.25,260,00,2,50,650,10,50,00,10,00, 
2021,03,APURÍMAC,06,CHINCHEROS,04,HUACCANA,14546,00029,4,1,2,6,66.8857142857143,1,1,1,1,1,1,QUESO,4208,400,00,UNIDAD,24,.25,0,00, , , , ,380,00,20,00, 
2021,03,APURÍMAC,06,CHINCHEROS,04,HUACCANA,14546,00063,6,1,2,6,66.8857142857143,1,1,1,1,1,1,QUESO,4208,780,00,UNIDAD,24,.25,480,00,3,00,1440,12,250,00,50,00, 
2021,03,APURÍMAC,06,CHINCHEROS,04,HUACCANA,14546,00086,7,1,2,6,66.8857142857143,1,1,1,4, ,1,CESINA,4202,10,00,KILOGRAMO,12,1,0,00, , , , ,6,00,4,00, 
2021,03,APURÍMAC,06,CHINCHEROS,04,HUACCANA,14546,00109,8,1,2,6,66.8857142857143,1,1,1,1,1,1,QUESO,4208,228,00,UNIDAD,24,.25,0,00, , , , ,228,00,0,00, 
2021,03,APURÍMAC,06,CHINCHEROS,04,HUACCANA,14546,00110,9,1,2,6,66.8857142857143,1,1,1,1,1,1,QUESO,4208,1010,00,UNIDAD,24,.3,720,00,3,00,2160,10,250,00,40,00, 
2021,03,APURÍMAC,06,CHINCHEROS,04,HUACCANA,14546,00116,10,1,2,6,66.8857142857143,1,1,1,1,1,1,QUESO,4208,5454,00,UNIDAD,24,.3,4624,00,2,50,11560,8.3333,650,00,180,00, 
2021,03,APURÍMAC,06,CHINCHEROS,04,HUACCANA,14546,00116,10,1,2,6,66.8857142857143,1,1,1,1, ,2,CHARQUI,4211,120,00,KILOGRAMO,12,1,0,00, , , , ,114,00,6,00, 
2021,03,APURÍMAC,06,CHINCHEROS,04,HUACCANA,14546,00150,11,1,2,6,66.8857142857143,1,1,1,1,1,1,QUESO,4208,820,00,UNIDAD,24,.2,400,00,2,00,800,10,370,00,50,00, 
2021,03,APURÍMAC,06,CHINCHEROS,04,HUACCANA,14546,00169,13,1,2,6,66.8857142857143,1,1,1,1,1,1,QUESO,4208,933,00,UNIDAD,24,.3,533,00,2,50,1333,8.3333,300,00,100,00, 
2021,03,APURÍMAC,06,CHINCHEROS,04,HUACCANA,14549,00022,1,1,2,6,72.0307692307692,1,1,1,1,1,1,QUESO,4208,256,00,UNIDAD,24,.25,0,00, , , , ,236,00,20,00, 
2021,03,APURÍMAC,06,CHINCHEROS,04,HUACCANA,14549,00036,3,1,2,6,72.0307692307692,1,1,1,1,1,1,QUESO,4208,440,00,UNIDAD,24,.25,300,00,3,00,900,12,140,00,0,00, 
2021,03,APURÍMAC,06,CHINCHEROS,04,HUACCANA,14549,00059,5,1,2,6,72.0307692307692,1,1,1,1,1,2,QUESO,4208,290,00,UNIDAD,24,.3,0,00, , , , ,240,00,50,00, 
2021,03,APURÍMAC,06,CHINCHEROS,04,HUACCANA,14549,00059,5,1,2,6,72.0307692307692,1,1,1,1, ,1,CHARQUI,4211,30,00,KILOGRAMO,12,1,0,00, , , , ,15,00,15,00, 
2021,03,APURÍMAC,06,CHINCHEROS,04,HUACCANA,14549,00071,6,1,2,6,72.0307692307692,1,1,1,1,1,1,QUESO,4208,150,00,UNIDAD,24,.2,0,00, , , , ,135,00,15,00, 
2021,03,APURÍMAC,06,CHINCHEROS,04,HUACCANA,14549,00106,9,1,2,6,72.0307692307692,1,1,1,4, ,1,CESINA,4202,5,00,KILOGRAMO,12,1,0,00, , , , ,5,00,0,00, 
2021,03,APURÍMAC,06,CHINCHEROS,06,ONGOY,14558,00034,8,1,2,6,66.8857142857143,1,1,1,1,1,1,QUESO,4208,160,00,UNIDAD,24,.25,0,00, , , , ,100,00,60,00, 
2021,03,APURÍMAC,06,CHINCHEROS,06,ONGOY,14558,00070,13,1,2,6,66.8857142857143,1,1,1,1,1,1,QUESO,4208,120,00,UNIDAD,24,.25,0,00, , , , ,20,00,100,00, 
2021,03,APURÍMAC,06,CHINCHEROS,06,ONGOY,14564,00027,4,1,2,6,66.8857142857143,1,1,1,1,1,1,QUESO,4208,220,00,UNIDAD,24,.25,200,00,3,00,600,12,20,00,0,00, 
2021,03,APURÍMAC,06,CHINCHEROS,06,ONGOY,14564,00089,11,1,2,6,66.8857142857143,1,1,1,1,1,1,QUESO,4208,160,00,UNIDAD,24,.25,0,00, , , , ,100,00,60,00, 
2021,03,APURÍMAC,06,CHINCHEROS,06,ONGOY,14565,00013,2,1,2,6,66.8857142857143,1,1,1,1,1,1,QUESO,4208,110,00,UNIDAD,24,.2,60,00,2,50,150,12.5,30,00,20,00, 
2021,03,APURÍMAC,06,CHINCHEROS,06,ONGOY,14565,00047,6,1,2,6,66.8857142857143,1,1,1,1,1,1,QUESO,4208,150,00,UNIDAD,24,.25,80,00,2,50,200,10,20,00,50,00, 
2021,03,APURÍMAC,06,CHINCHEROS,06,ONGOY,14565,00068,8,1,2,6,66.8857142857143,1,1,1,1,1,1,QUESO,4208,100,00,UNIDAD,24,.2,0,00, , , , ,80,00,20,00, 
2021,03,APURÍMAC,06,CHINCHEROS,06,ONGOY,14567,00060,5,1,2,6,72.0307692307692,1,1,1,1,1,1,QUESO,4208,6,00,KILOGRAMO,12,1,0,00, , , , ,6,00,0,00, 
2021,03,APURÍMAC,06,CHINCHEROS,06,ONGOY,14567,00063,6,1,2,6,72.0307692307692,1,1,1,1,1,1,QUESO,4208,20,00,KILOGRAMO,12,1,0,00, , , , ,20,00,0,00, 
2021,03,APURÍMAC,06,CHINCHEROS,06,ONGOY,14567,00092,8,1,2,6,72.0307692307692,1,1,1,1,1,1,QUESO,4208,40,00,KILOGRAMO,12,1,0,00, , , , ,40,00,0,00, 
2021,03,APURÍMAC,06,CHINCHEROS,06,ONGOY,14567,00096,9,1,2,6,72.0307692307692,1,1,1,1,1,1,QUESO,4208,30,00,KILOGRAMO,12,1,0,00, , , , ,30,00,0,00, 
2021,03,APURÍMAC,06,CHINCHEROS,06,ONGOY,14567,00122,11,1,2,6,72.0307692307692,1,1,1,1, ,1,CHARQUI,4211,20,00,KILOGRAMO,12,1,0,00, , , , ,20,00,0,00, 
2021,03,APURÍMAC,06,CHINCHEROS,06,ONGOY,14570,00005,1,1,2,6,66.8857142857143,1,1,1,1,1,1,QUESO,4208,360,00,UNIDAD,24,.1,0,00, , , , ,360,00,0,00, 
2021,03,APURÍMAC,06,CHINCHEROS,06,ONGOY,14570,00019,2,1,2,6,66.8857142857143,1,1,1,1,1,1,QUESO,4208,180,00,UNIDAD,24,.25,0,00, , , , ,180,00,0,00, 
2021,03,APURÍMAC,06,CHINCHEROS,06,ONGOY,14570,00032,4,1,2,6,66.8857142857143,1,1,1,1,1,1,QUESO,4208,300,00,UNIDAD,24,.2,0,00, , , , ,300,00,0,00, 
2021,03,APURÍMAC,06,CHINCHEROS,06,ONGOY,14570,00044,5,1,2,6,66.8857142857143,1,1,1,1,1,1,QUESO,4208,360,00,UNIDAD,24,.1,0,00, , , , ,360,00,0,00, 
2021,03,APURÍMAC,06,CHINCHEROS,06,ONGOY,14570,00138,14,1,2,6,66.8857142857143,1,1,1,1,1,1,QUESO,4208,120,00,UNIDAD,24,.1,0,00, , , , ,120,00,0,00, 
2021,03,APURÍMAC,06,CHINCHEROS,05,OCOBAMBA,14581,00040,4,1,2,6,72.0307692307692,1,1,1,1,1,1,QUESO,4208,69,00,UNIDAD,24,.25,0,00, , , , ,69,00,0,00, 
2021,03,APURÍMAC,06,CHINCHEROS,05,OCOBAMBA,14581,00079,6,1,2,6,72.0307692307692,1,1,1,1,1,1,QUESO,4208,20,00,UNIDAD,24,.2,0,00, , , , ,20,00,0,00, 
2021,03,APURÍMAC,06,CHINCHEROS,02,ANCO_HUALLO,14598,00041,6,1,2,6,66.8857142857143,1,1,1,1,1,1,QUESO,4208,40,00,UNIDAD,24,.24,0,00, , , , ,40,00,0,00, 
2021,03,APURÍMAC,06,CHINCHEROS,02,ANCO_HUALLO,14603,00041,4,1,2,6,66.8857142857143,1,1,1,1,1,1,QUESO,4208,120,00,UNIDAD,24,.334,0,00, , , , ,120,00,0,00, 
2021,03,APURÍMAC,06,CHINCHEROS,02,ANCO_HUALLO,14603,00086,9,1,2,6,66.8857142857143,1,1,1,1,1,1,QUESO,4208,300,00,UNIDAD,24,.33,200,00,5,00,1000,15.1515,100,00,0,00, 
2021,03,APURÍMAC,06,CHINCHEROS,02,ANCO_HUALLO,14603,00107,11,1,2,6,66.8857142857143,1,1,1,1,1,1,QUESO,4208,240,00,MOLDE,41,.5,140,00,9,00,1260,18,100,00,0,00, 
2021,03,APURÍMAC,06,CHINCHEROS,02,ANCO_HUALLO,14606,00008,1,1,2,6,66.8857142857143,1,1,1,1,1,1,QUESO,4208,800,00,UNIDAD,24,.25,600,00,2,50,1500,10,180,00,20,00, 
2021,03,APURÍMAC,06,CHINCHEROS,02,ANCO_HUALLO,14606,00010,2,1,2,6,66.8857142857143,1,1,1,2, ,1,CHARQUI,4211,4,00,KILOGRAMO,12,1,0,00, , , , ,4,00,0,00, 
2021,03,APURÍMAC,06,CHINCHEROS,02,ANCO_HUALLO,14606,00028,4,1,2,6,66.8857142857143,1,1,1,1,1,1,QUESO,4208,640,00,UNIDAD,24,.25,0,00, , , , ,620,00,20,00, 
2021,03,APURÍMAC,06,CHINCHEROS,02,ANCO_HUALLO,14606,00047,6,1,2,6,66.8857142857143,1,1,1,1,1,1,QUESO,4208,220,00,UNIDAD,24,.25,0,00, , , , ,205,00,15,00, 
2021,03,APURÍMAC,06,CHINCHEROS,02,ANCO_HUALLO,14606,00064,8,1,2,6,66.8857142857143,1,1,1,1,1,1,QUESO,4208,152,00,UNIDAD,24,.25,0,00, , , , ,152,00,0,00, 
2021,03,APURÍMAC,06,CHINCHEROS,02,ANCO_HUALLO,14606,00072,9,1,2,6,66.8857142857143,1,1,1,1,1,1,QUESO,4208,540,00,UNIDAD,24,.5,350,00,5,00,1750,10,185,00,5,00, 
2021,03,APURÍMAC,06,CHINCHEROS,02,ANCO_HUALLO,14606,00093,13,1,2,6,66.8857142857143,1,1,1,1,1,1,QUESO,4208,100,00,UNIDAD,24,.4,0,00, , , , ,100,00,0,00, 
2021,03,APURÍMAC,06,CHINCHEROS,02,ANCO_HUALLO,14607,00063,6,1,2,6,66.8857142857143,1,1,1,1,1,1,QUESO,4208,1200,00,UNIDAD,24,.25,1000,00,3,00,3000,12,180,00,20,00, 
2021,03,APURÍMAC,06,CHINCHEROS,02,ANCO_HUALLO,14607,00079,8,1,2,6,66.8857142857143,1,1,1,1,1,1,QUESO,4208,420,00,UNIDAD,24,.33,350,00,3,50,1225,10.6061,50,00,20,00, 
2021,03,APURÍMAC,06,CHINCHEROS,02,ANCO_HUALLO,14607,00094,9,1,2,6,66.8857142857143,1,1,1,1,1,1,QUESO,4208,276,00,UNIDAD,24,.33,250,00,3,50,875,10.6061,15,00,11,00, 
2021,03,APURÍMAC,06,CHINCHEROS,02,ANCO_HUALLO,14607,00129,13,1,2,6,66.8857142857143,1,1,1,2, ,1,CHARQUI,4211,20,00,KILOGRAMO,12,1,0,00, , , , ,15,00,5,00, 
2021,03,APURÍMAC,06,CHINCHEROS,02,ANCO_HUALLO,14607,00129,13,1,2,6,66.8857142857143,1,1,1,1,1,2,QUESO,4208,1005,00,UNIDAD,24,.33,900,00,3,50,3150,10.6061,80,00,25,00, 
2021,03,APURÍMAC,06,CHINCHEROS,02,ANCO_HUALLO,14607,00141,14,1,2,6,66.8857142857143,1,1,1,1,1,1,QUESO,4208,1050,00,UNIDAD,24,.33,950,00,3,50,3325,10.6061,80,00,20,00, 
2021,03,APURÍMAC,06,CHINCHEROS,07,URANMARCA,14627,00003,1,1,2,6,66.8857142857143,1,1,1,1,1,1,QUESO,4208,184,00,UNIDAD,24,.25,0,00, , , , ,184,00,0,00, 
2021,03,APURÍMAC,06,CHINCHEROS,07,URANMARCA,14627,00046,7,1,2,6,66.8857142857143,1,1,1,1,1,1,QUESO,4208,340,00,UNIDAD,24,.25,300,00,2,50,750,10,40,00,0,00, 
2021,03,APURÍMAC,06,CHINCHEROS,07,URANMARCA,14627,00057,8,1,2,6,66.8857142857143,1,1,1,1,1,1,QUESO,4208,400,00,UNIDAD,24,.25,100,00,2,50,250,10,200,00,100,00, 
2021,03,APURÍMAC,06,CHINCHEROS,07,URANMARCA,14627,00063,9,1,2,6,66.8857142857143,1,1,1,1,1,1,QUESO,4208,800,00,UNIDAD,24,.25,400,00,2,00,800,8,200,00,200,00, 
2021,03,APURÍMAC,06,CHINCHEROS,07,URANMARCA,14627,00083,12,1,2,6,66.8857142857143,1,1,1,1,1,1,QUESO,4208,150,00,UNIDAD,24,.25,0,00, , , , ,50,00,100,00, 
2021,03,APURÍMAC,06,CHINCHEROS,07,URANMARCA,14631,00022,4,1,2,6,66.8857142857143,1,1,1,1,1,1,QUESO,4208,240,00,UNIDAD,24,.2,0,00, , , , ,240,00,0,00, 
2021,03,APURÍMAC,06,CHINCHEROS,07,URANMARCA,14631,00032,6,1,2,6,66.8857142857143,1,1,1,2, ,1,CHARQUI,4211,3,00,KILOGRAMO,12,1,0,00, , , , ,3,00,0,00, 
2021,03,APURÍMAC,06,CHINCHEROS,07,URANMARCA,14631,00049,9,1,2,6,66.8857142857143,1,1,1,1,1,1,QUESO,4208,100,00,UNIDAD,24,.2,0,00, , , , ,80,00,20,00, 
2021,03,APURÍMAC,06,CHINCHEROS,07,URANMARCA,14631,00050,10,1,2,6,66.8857142857143,1,1,1,1,1,1,QUESO,4208,680,00,UNIDAD,24,.25,500,00,2,50,1250,10,160,00,20,00, 
2021,03,APURÍMAC,06,CHINCHEROS,07,URANMARCA,14631,00070,12,1,2,6,66.8857142857143,1,1,1,3,3,1,QUESO,4208,87,00,UNIDAD,24,.2,0,00, , , , ,40,00,47,00, 
2021,03,APURÍMAC,06,CHINCHEROS,07,URANMARCA,14631,00074,13,1,2,6,66.8857142857143,1,1,1,1,1,1,QUESO,4208,429,00,UNIDAD,24,.3,0,00, , , , ,229,00,200,00, 
2021,03,APURÍMAC,06,CHINCHEROS,07,URANMARCA,14631,00078,14,1,2,6,66.8857142857143,1,1,1,1,1,1,QUESO,4208,1308,00,UNIDAD,24,.3,500,00,5,00,2500,16.6667,608,00,200,00, 
2021,03,APURÍMAC,02,ANDAHUAYLAS,19,KAQUIABAMBA,14654,00046,5,1,2,6,72.0307692307692,1,1,1,1,1,1,YOGURT,4213,420,00,LITRO,14,1,0,00, , , , ,420,00,0,00, 
2021,03,APURÍMAC,02,ANDAHUAYLAS,19,KAQUIABAMBA,14654,00046,5,1,2,6,72.0307692307692,1,1,1,1,1,2,QUESO,4208,180,00,UNIDAD,24,.5,0,00, , , , ,180,00,0,00, 
2021,03,APURÍMAC,02,ANDAHUAYLAS,19,KAQUIABAMBA,14654,00063,7,1,2,6,72.0307692307692,1,1,1,1,1,1,QUESO,4208,148,00,UNIDAD,24,.5,40,00,6,00,240,12,108,00,0,00, 
2021,03,APURÍMAC,02,ANDAHUAYLAS,04,HUANCARAMA,14678,00016,2,1,2,6,66.8857142857143,1,1,1,1,1,1,QUESO,4208,329,50,KILOGRAMO,12,1,250,00,6,00,1500,6,59,50,20,00, 
2021,03,APURÍMAC,02,ANDAHUAYLAS,04,HUANCARAMA,14678,00102,8,1,2,6,66.8857142857143,1,1,1,1,1,1,QUESO,4208,417,00,UNIDAD,24,.8,300,00,5,00,1500,6.25,70,00,47,00, 
2021,03,APURÍMAC,02,ANDAHUAYLAS,04,HUANCARAMA,14678,00120,10,1,2,6,66.8857142857143,1,1,1,1,1,1,QUESO,4208,70,00,KILOGRAMO,12,1,30,00,8,00,240,8,35,00,5,00, 
2021,03,APURÍMAC,02,ANDAHUAYLAS,04,HUANCARAMA,14679,00001,1,1,2,6,66.8857142857143,1,1,1,1,1,1,QUESO,4208,34,00,KILOGRAMO,12,1,0,00, , , , ,34,00,0,00, 
2021,03,APURÍMAC,02,ANDAHUAYLAS,04,HUANCARAMA,14679,00033,4,1,2,6,66.8857142857143,1,1,1,1,1,1,QUESO,4208,45,00,KILOGRAMO,12,1,0,00, , , , ,45,00,0,00, 
2021,03,APURÍMAC,02,ANDAHUAYLAS,04,HUANCARAMA,14679,00053,6,1,2,6,66.8857142857143,1,1,1,1,1,1,QUESO,4208,72,00,KILOGRAMO,12,1,30,00,15,00,450,15,42,00,0,00, 
2021,03,APURÍMAC,02,ANDAHUAYLAS,04,HUANCARAMA,14679,00067,8,1,2,6,66.8857142857143,1,1,1,1,1,1,QUESO,4208,9,00,KILOGRAMO,12,1,0,00, , , , ,9,00,0,00, 
2021,03,APURÍMAC,02,ANDAHUAYLAS,04,HUANCARAMA,14679,00076,9,1,2,6,66.8857142857143,1,1,1,1,1,1,QUESO,4208,54,00,KILOGRAMO,12,1,30,00,15,00,450,15,24,00,0,00, 
2021,03,APURÍMAC,02,ANDAHUAYLAS,07,KISHUARA,14682,00008,1,1,2,6,66.8857142857143,1,1,1,1,1,1,QUESO,4208,720,00,UNIDAD,24,.25,600,00,3,00,1800,12,100,00,20,00, 
2021,03,APURÍMAC,02,ANDAHUAYLAS,07,KISHUARA,14682,00015,2,1,2,6,66.8857142857143,1,1,1,1,1,1,QUESO,4208,80,00,UNIDAD,24,.25,0,00, , , , ,80,00,0,00, 
2021,03,APURÍMAC,02,ANDAHUAYLAS,07,KISHUARA,14682,00018,3,1,2,6,66.8857142857143,1,1,1,1,1,1,QUESO,4208,100,00,UNIDAD,24,.25,0,00, , , , ,50,00,50,00, 
2021,03,APURÍMAC,02,ANDAHUAYLAS,07,KISHUARA,14682,00036,5,1,2,6,66.8857142857143,1,1,1,1,1,1,QUESO,4208,450,00,UNIDAD,24,.25,0,00, , , , ,400,00,50,00, 
2021,03,APURÍMAC,02,ANDAHUAYLAS,07,KISHUARA,14682,00043,6,1,2,6,66.8857142857143,1,1,1,1,1,1,QUESO,4208,300,00,UNIDAD,24,.25,0,00, , , , ,50,00,250,00, 
2021,03,APURÍMAC,02,ANDAHUAYLAS,07,KISHUARA,14682,00049,7,1,2,6,66.8857142857143,1,1,1,1,1,1,QUESO,4208,600,00,UNIDAD,24,.25,0,00, , , , ,100,00,500,00, 
2021,03,APURÍMAC,02,ANDAHUAYLAS,07,KISHUARA,14682,00063,10,1,2,6,66.8857142857143,1,1,1,1,1,1,QUESO,4208,120,00,UNIDAD,24,.25,0,00, , , , ,90,00,30,00, 
2021,03,APURÍMAC,02,ANDAHUAYLAS,07,KISHUARA,14682,00073,11,1,2,6,66.8857142857143,1,1,1,1,1,1,QUESO,4208,350,00,UNIDAD,24,.08,250,00,3,50,875,43.75,60,00,40,00, 
2021,03,APURÍMAC,02,ANDAHUAYLAS,07,KISHUARA,14682,00090,14,1,2,6,66.8857142857143,1,1,1,1,1,1,QUESO,4208,30,00,UNIDAD,24,.8,0,00, , , , ,5,00,25,00, 
2021,03,APURÍMAC,02,ANDAHUAYLAS,07,KISHUARA,14683,00003,1,1,2,6,66.8857142857143,1,1,1,1,1,1,QUESO,4208,708,00,UNIDAD,24,.25,0,00, , , , ,408,00,300,00, 
2021,03,APURÍMAC,02,ANDAHUAYLAS,07,KISHUARA,14683,00013,2,1,2,6,66.8857142857143,1,1,1,1,1,1,QUESO,4208,460,00,UNIDAD,24,.5,360,00,3,50,1260,7,100,00,0,00, 
2021,03,APURÍMAC,02,ANDAHUAYLAS,07,KISHUARA,14683,00020,3,1,2,6,66.8857142857143,1,1,1,1,1,1,QUESO,4208,392,00,UNIDAD,24,.08,0,00, , , , ,392,00,0,00, 
2021,03,APURÍMAC,02,ANDAHUAYLAS,07,KISHUARA,14683,00030,4,1,2,6,66.8857142857143,1,1,1,1,1,1,QUESO,4208,288,00,UNIDAD,24,.25,40,00,3,00,120,12,248,00,0,00, 
2021,03,APURÍMAC,02,ANDAHUAYLAS,07,KISHUARA,14683,00058,8,1,2,6,66.8857142857143,1,1,1,1,1,1,QUESO,4208,176,00,UNIDAD,24,.25,0,00, , , , ,176,00,0,00, 
2021,03,APURÍMAC,02,ANDAHUAYLAS,07,KISHUARA,14683,00068,10,1,2,6,66.8857142857143,1,1,1,2, ,2,CHARQUI,4211,2,00,KILOGRAMO,12,1,0,00, , , , ,2,00,0,00, 
2021,03,APURÍMAC,02,ANDAHUAYLAS,07,KISHUARA,14683,00068,10,1,2,6,66.8857142857143,1,1,1,1,1,1,QUESO,4208,352,00,UNIDAD,24,.25,0,00, , , , ,352,00,0,00, 
2021,03,APURÍMAC,02,ANDAHUAYLAS,07,KISHUARA,14683,00075,11,1,2,6,66.8857142857143,1,1,1,1,1,1,QUESO,4208,72,00,UNIDAD,24,.25,0,00, , , , ,72,00,0,00, 
2021,03,APURÍMAC,02,ANDAHUAYLAS,07,KISHUARA,14683,00082,12,1,2,6,66.8857142857143,1,1,1,1,1,1,QUESO,4208,140,00,UNIDAD,24,.5,70,00,3,00,210,6,50,00,20,00, 
2021,03,APURÍMAC,02,ANDAHUAYLAS,07,KISHUARA,14683,00094,13,1,2,6,66.8857142857143,1,1,1,1,1,1,QUESO,4208,144,00,UNIDAD,24,.25,0,00, , , , ,144,00,0,00, 
2021,03,APURÍMAC,02,ANDAHUAYLAS,07,KISHUARA,14683,00096,14,1,2,6,66.8857142857143,1,1,1,1,1,1,QUESO,4208,320,00,UNIDAD,24,.25,0,00, , , , ,300,00,20,00, 
2021,03,APURÍMAC,02,ANDAHUAYLAS,07,KISHUARA,14684,00027,5,1,2,6,66.8857142857143,1,1,1,1,1,1,QUESO,4208,220,00,UNIDAD,24,.5,40,00,5,00,200,10,180,00,0,00, 
2021,03,APURÍMAC,02,ANDAHUAYLAS,07,KISHUARA,14684,00056,10,1,2,6,66.8857142857143,1,1,1,1,1,1,QUESO,4208,250,00,UNIDAD,24,.2,0,00, , , , ,200,00,50,00, 
2021,03,APURÍMAC,02,ANDAHUAYLAS,07,KISHUARA,14695,00002,1,1,2,6,66.8857142857143,1,1,1,1,1,1,QUESO,4208,150,00,UNIDAD,24,.3,120,00,3,50,420,11.6667,30,00,0,00, 
2021,03,APURÍMAC,02,ANDAHUAYLAS,07,KISHUARA,14695,00030,4,1,2,6,66.8857142857143,1,1,1,1,1,1,QUESO,4208,225,00,UNIDAD,24,.35,200,00,3,00,600,8.5714,25,00,0,00, 
2021,03,APURÍMAC,02,ANDAHUAYLAS,07,KISHUARA,14695,00034,5,1,2,6,66.8857142857143,1,1,1,1,1,1,QUESO,4208,450,00,UNIDAD,24,.35,400,00,4,00,1600,11.4286,50,00,0,00, 
2021,03,APURÍMAC,02,ANDAHUAYLAS,07,KISHUARA,14695,00043,6,1,2,6,66.8857142857143,1,1,1,1,1,1,QUESO,4208,60,00,UNIDAD,24,.4,50,00,4,00,200,10,10,00,0,00, 
2021,03,APURÍMAC,02,ANDAHUAYLAS,07,KISHUARA,14695,00053,7,1,2,6,66.8857142857143,1,1,1,1,1,1,QUESO,4208,540,00,UNIDAD,24,.3,500,00,3,00,1500,10,40,00,0,00, 
2021,03,APURÍMAC,02,ANDAHUAYLAS,07,KISHUARA,14695,00061,8,1,2,6,66.8857142857143,1,1,1,1,1,1,QUESO,4208,800,00,UNIDAD,24,.3,600,00,3,00,1800,10,200,00,0,00, 
2021,03,APURÍMAC,02,ANDAHUAYLAS,07,KISHUARA,14695,00075,9,1,2,6,66.8857142857143,1,1,1,1,1,1,QUESO,4208,300,00,UNIDAD,24,.3,250,00,3,00,750,10,50,00,0,00, 
2021,03,APURÍMAC,02,ANDAHUAYLAS,07,KISHUARA,14695,00082,10,1,2,6,66.8857142857143,1,1,1,1,1,1,QUESO,4208,120,00,UNIDAD,24,.35,100,00,4,00,400,11.4286,20,00,0,00, 
2021,03,APURÍMAC,02,ANDAHUAYLAS,07,KISHUARA,14695,00092,12,1,2,6,66.8857142857143,1,1,1,1,1,1,QUESO,4208,60,00,UNIDAD,24,.4,40,00,4,00,160,10,20,00,0,00, 
2021,03,APURÍMAC,02,ANDAHUAYLAS,09,PACUCHA,14701,00008,2,1,2,6,72.0307692307692,1,1,1,1,1,1,QUESO,4208,340,00,UNIDAD,24,.25,0,00, , , , ,300,00,40,00, 
2021,03,APURÍMAC,02,ANDAHUAYLAS,09,PACUCHA,14701,00027,3,1,2,6,72.0307692307692,1,1,1,1,1,1,QUESO,4208,480,00,UNIDAD,24,.25,0,00, , , , ,480,00,0,00, 
2021,03,APURÍMAC,02,ANDAHUAYLAS,09,PACUCHA,14701,00096,10,1,2,6,72.0307692307692,1,1,1,1,1,1,QUESO,4208,360,00,UNIDAD,24,.25,0,00, , , , ,300,00,60,00, 
2021,03,APURÍMAC,02,ANDAHUAYLAS,09,PACUCHA,14701,00107,13,1,2,6,72.0307692307692,1,1,1,2, ,2,CHARQUI,4211,10,00,KILOGRAMO,12,1,0,00, , , , ,8,00,2,00, 
2021,03,APURÍMAC,02,ANDAHUAYLAS,09,PACUCHA,14701,00107,13,1,2,6,72.0307692307692,1,1,1,1,1,1,QUESO,4208,464,00,UNIDAD,24,.25,0,00, , , , ,450,00,14,00, 
2021,03,APURÍMAC,02,ANDAHUAYLAS,09,PACUCHA,14701,00122,14,1,2,6,72.0307692307692,1,1,1,1,1,1,QUESO,4208,400,00,UNIDAD,24,.25,0,00, , , , ,300,00,100,00, 
2021,03,APURÍMAC,02,ANDAHUAYLAS,09,PACUCHA,14722,00008,1,1,2,6,66.8857142857143,1,1,1,1,1,1,QUESO,4208,1000,00,UNIDAD,24,.25,500,00,3,50,1750,14,420,00,80,00, 
2021,03,APURÍMAC,02,ANDAHUAYLAS,09,PACUCHA,14722,00024,2,1,2,6,66.8857142857143,1,1,1,1,1,1,QUESO,4208,600,00,UNIDAD,24,.125,0,00, , , , ,580,00,20,00, 
2021,03,APURÍMAC,02,ANDAHUAYLAS,09,PACUCHA,14722,00026,3,1,2,6,66.8857142857143,1,1,1,1,1,1,QUESO,4208,504,00,UNIDAD,24,.25,0,00, , , , ,204,00,300,00, 
2021,03,APURÍMAC,02,ANDAHUAYLAS,09,PACUCHA,14722,00095,10,1,2,6,66.8857142857143,1,1,1,1,1,1,QUESO,4208,280,00,UNIDAD,24,.25,80,00,3,00,240,12,100,00,100,00, 
2021,03,APURÍMAC,02,ANDAHUAYLAS,09,PACUCHA,14724,00021,4,1,2,6,72.0307692307692,1,1,1,1,1,1,QUESO,4208,261,00,KILOGRAMO,12,1,200,00,10,00,2000,10,61,00,0,00, 
2021,03,APURÍMAC,02,ANDAHUAYLAS,09,PACUCHA,14724,00038,5,1,2,6,72.0307692307692,1,1,1,1,1,1,QUESO,4208,160,00,UNIDAD,24,.5,0,00, , , , ,160,00,0,00, 
2021,03,APURÍMAC,02,ANDAHUAYLAS,09,PACUCHA,14724,00104,11,1,2,6,72.0307692307692,1,1,1,1,1,1,QUESO,4208,72,00,UNIDAD,24,.25,0,00, , , , ,72,00,0,00, 
2021,03,APURÍMAC,02,ANDAHUAYLAS,09,PACUCHA,14724,00116,12,1,2,6,72.0307692307692,1,1,1,1,1,1,QUESO,4208,50,00,KILOGRAMO,12,1,0,00, , , , ,50,00,0,00, 
2021,03,APURÍMAC,02,ANDAHUAYLAS,09,PACUCHA,14724,00122,13,1,2,6,72.0307692307692,1,1,1,1,1,1,QUESO,4208,84,00,KILOGRAMO,12,1,0,00, , , , ,84,00,0,00, 
2021,03,APURÍMAC,02,ANDAHUAYLAS,13,SAN JERONIMO,14727,00060,5,1,2,6,72.0307692307692,1,1,1,1,1,1,QUESO,4208,1000,00,UNIDAD,24,.2,500,00,2,50,1250,12.5,100,00,400,00, 
2021,03,APURÍMAC,02,ANDAHUAYLAS,13,SAN JERONIMO,14727,00118,11,1,2,6,72.0307692307692,1,1,1,1,1,1,QUESO,4208,207,00,UNIDAD,24,.25,0,00, , , , ,207,00,0,00, 
2021,03,APURÍMAC,02,ANDAHUAYLAS,13,SAN JERONIMO,14727,00129,13,1,2,6,72.0307692307692,1,1,1,1,1,1,QUESO,4208,360,00,UNIDAD,24,.2,0,00, , , , ,300,00,60,00, 
2021,03,APURÍMAC,02,ANDAHUAYLAS,13,SAN JERONIMO,14747,00022,2,1,2,6,72.0307692307692,1,1,1,1,1,1,QUESO,4208,10,00,KILOGRAMO,12,1,0,00, , , , ,10,00,0,00, 
2021,03,APURÍMAC,02,ANDAHUAYLAS,13,SAN JERONIMO,14747,00050,4,1,2,6,72.0307692307692,1,1,1,1,1,1,QUESO,4208,200,00,KILOGRAMO,12,1,50,00,15,00,750,15,150,00,0,00, 
2021,03,APURÍMAC,02,ANDAHUAYLAS,13,SAN JERONIMO,14747,00056,5,1,2,6,72.0307692307692,1,1,1,1,1,1,QUESO,4208,50,00,KILOGRAMO,12,1,0,00, , , , ,50,00,0,00, 
2021,03,APURÍMAC,02,ANDAHUAYLAS,13,SAN JERONIMO,14747,00117,10,1,2,6,72.0307692307692,1,1,1,1,1,1,QUESO,4208,134,00,KILOGRAMO,12,1,0,00, , , , ,134,00,0,00, 
2021,03,APURÍMAC,02,ANDAHUAYLAS,13,SAN JERONIMO,14747,00134,13,1,2,6,72.0307692307692,1,1,1,1,1,1,QUESO,4208,20,00,KILOGRAMO,12,1,10,00,15,00,150,15,10,00,0,00, 
2021,03,APURÍMAC,02,ANDAHUAYLAS,13,SAN JERONIMO,14755,00017,2,1,2,6,72.0307692307692,1,1,1,1,1,1,QUESO,4208,300,00,UNIDAD,24,.25,50,00,3,00,150,12,250,00,0,00, 
2021,03,APURÍMAC,02,ANDAHUAYLAS,13,SAN JERONIMO,14755,00050,9,1,2,6,72.0307692307692,1,1,1,1,1,1,QUESO,4208,1080,00,UNIDAD,24,.4,900,00,4,00,3600,10,80,00,100,00, 
2021,03,APURÍMAC,02,ANDAHUAYLAS,13,SAN JERONIMO,14755,00071,12,1,2,6,72.0307692307692,1,1,1,1,1,1,QUESO,4208,120,00,UNIDAD,24,.3,0,00, , , , ,120,00,0,00, 
2021,03,APURÍMAC,02,ANDAHUAYLAS,01,ANDAHUAYLAS,14781,00008,2,1,2,6,66.8857142857143,1,1,1,1,1,1,QUESO,4208,62,00,KILOGRAMO,12,1,0,00, , , , ,62,00,0,00, 
2021,03,APURÍMAC,02,ANDAHUAYLAS,01,ANDAHUAYLAS,14781,00073,13,1,2,6,66.8857142857143,1,1,1,1,1,1,QUESO,4208,360,00,UNIDAD,24,.3,90,00,3,00,270,10,263,00,7,00, 
2021,03,APURÍMAC,02,ANDAHUAYLAS,01,ANDAHUAYLAS,14781,00073,13,1,2,6,66.8857142857143,1,1,1,1,1,2,YOGURT,4213,240,00,LITRO,14,1,0,00, , , , ,240,00,0,00, 
2021,03,APURÍMAC,02,ANDAHUAYLAS,01,ANDAHUAYLAS,14799,00009,2,1,2,6,66.8857142857143,1,1,1,1,1,1,QUESO,4208,220,00,UNIDAD,24,.2,200,00,4,00,800,20,20,00,0,00, 
2021,03,APURÍMAC,02,ANDAHUAYLAS,01,ANDAHUAYLAS,14799,00036,5,1,2,6,66.8857142857143,1,1,1,1,1,1,QUESO,4208,100,00,UNIDAD,24,.2,50,00,3,50,175,17.5,50,00,0,00, 
2021,03,APURÍMAC,02,ANDAHUAYLAS,01,ANDAHUAYLAS,14799,00074,10,1,2,6,66.8857142857143,1,1,1,1,1,1,QUESO,4208,475,00,UNIDAD,24,.25,400,00,3,00,1200,12,75,00,0,00, 
2021,03,APURÍMAC,02,ANDAHUAYLAS,16,TALAVERA,14812,00013,2,1,2,6,66.8857142857143,1,1,1,1,1,1,QUESO,4208,396,00,UNIDAD,24,.5,0,00, , , , ,300,00,96,00, 
2021,03,APURÍMAC,02,ANDAHUAYLAS,16,TALAVERA,14812,00046,5,1,2,6,66.8857142857143,1,1,1,1,1,1,QUESO,4208,150,00,UNIDAD,24,.5,0,00, , , , ,50,00,100,00, 
2021,03,APURÍMAC,02,ANDAHUAYLAS,16,TALAVERA,14812,00071,8,1,2,6,66.8857142857143,1,1,1,1,1,1,QUESO,4208,550,00,UNIDAD,24,.25,0,00, , , , ,300,00,250,00, 
2021,03,APURÍMAC,02,ANDAHUAYLAS,16,TALAVERA,14812,00072,9,1,2,6,66.8857142857143,1,1,1,1,1,1,QUESO,4208,300,00,UNIDAD,24,.06,0,00, , , , ,300,00,0,00, 
2021,03,APURÍMAC,02,ANDAHUAYLAS,16,TALAVERA,14812,00102,11,1,2,6,66.8857142857143,1,1,1,1,1,1,QUESO,4208,240,00,UNIDAD,24,.5,0,00, , , , ,40,00,200,00, 
2021,03,APURÍMAC,02,ANDAHUAYLAS,16,TALAVERA,14812,00114,12,1,2,6,66.8857142857143,1,1,1,1,1,1,QUESO,4208,360,00,UNIDAD,24,.25,300,00,3,00,900,12,20,00,40,00, 
2021,03,APURÍMAC,02,ANDAHUAYLAS,16,TALAVERA,14812,00120,13,1,2,6,66.8857142857143,1,1,1,1, ,2,CHARQUI,4211,15,00,KILOGRAMO,12,1,0,00, , , , ,15,00,0,00, 
2021,03,APURÍMAC,02,ANDAHUAYLAS,16,TALAVERA,14812,00120,13,1,2,6,66.8857142857143,1,1,1,1,1,1,QUESO,4208,720,00,UNIDAD,24,.25,0,00, , , , ,670,00,50,00, 
2021,03,APURÍMAC,02,ANDAHUAYLAS,16,TALAVERA,14815,00073,8,1,2,6,66.8857142857143,1,1,1,1,1,1,QUESO,4208,32,00,UNIDAD,24,.2,0,00, , , , ,20,00,12,00, 
2021,03,APURÍMAC,02,ANDAHUAYLAS,16,TALAVERA,14815,00090,10,1,2,6,66.8857142857143,1,1,1,1,1,1,QUESO,4208,980,00,UNIDAD,24,.25,0,00, , , , ,900,00,80,00, 
2021,03,APURÍMAC,02,ANDAHUAYLAS,16,TALAVERA,14815,00103,13,1,2,6,66.8857142857143,1,1,1,1,1,1,QUESO,4208,57,00,UNIDAD,24,.3,0,00, , , , ,50,00,7,00, 
2021,03,APURÍMAC,02,ANDAHUAYLAS,16,TALAVERA,14820,00036,4,1,2,6,78.0333333333333,1,1,1,1,1,1,QUESO,4208,560,00,UNIDAD,24,.25,200,00,3,00,600,12,300,00,60,00, 
2021,03,APURÍMAC,02,ANDAHUAYLAS,16,TALAVERA,14820,00061,6,1,2,6,78.0333333333333,1,1,1,1,1,1,QUESO,4208,280,00,UNIDAD,24,.25,200,00,3,00,600,12,80,00,0,00, 
2021,03,APURÍMAC,02,ANDAHUAYLAS,16,TALAVERA,14820,00106,10,1,2,6,78.0333333333333,1,1,1,1,1,1,QUESO,4208,154,00,UNIDAD,24,.25,0,00, , , , ,100,00,54,00, 
2021,03,APURÍMAC,02,ANDAHUAYLAS,16,TALAVERA,14823,00042,4,1,2,6,66.8857142857143,1,1,1,1,1,1,QUESO,4208,190,00,UNIDAD,24,.5,0,00, , , , ,150,00,40,00, 
2021,03,APURÍMAC,02,ANDAHUAYLAS,16,TALAVERA,14823,00051,5,1,2,6,66.8857142857143,1,1,1,1,1,1,QUESO,4208,1580,00,UNIDAD,24,.25,1000,00,3,00,3000,12,480,00,100,00, 
2021,03,APURÍMAC,02,ANDAHUAYLAS,16,TALAVERA,14823,00095,9,1,2,6,66.8857142857143,1,1,1,1,1,1,QUESO,4208,360,00,UNIDAD,24,.25,0,00, , , , ,300,00,60,00, 
2021,03,APURÍMAC,02,ANDAHUAYLAS,16,TALAVERA,14823,00098,10,1,2,6,66.8857142857143,1,1,1,1,1,1,QUESO,4208,200,00,UNIDAD,24,.4,0,00, , , , ,150,00,50,00, 
2021,03,APURÍMAC,02,ANDAHUAYLAS,16,TALAVERA,14825,00115,11,1,2,6,66.8857142857143,1,1,1,1,1,1,QUESO,4208,840,00,UNIDAD,24,.25,600,00,3,50,2100,14,100,00,140,00, 
2021,03,APURÍMAC,02,ANDAHUAYLAS,16,TALAVERA,14829,00029,3,1,2,6,66.8857142857143,1,1,1,1,1,1,QUESO,4208,138,00,KILOGRAMO,12,1,100,00,18,00,1800,18,38,00,0,00, 
2021,03,APURÍMAC,02,ANDAHUAYLAS,16,TALAVERA,14829,00141,10,1,2,6,66.8857142857143,1,1,1,1,1,1,QUESO,4208,123,00,UNIDAD,24,.4,80,00,8,00,640,20,43,00,0,00, 
2021,03,APURÍMAC,02,ANDAHUAYLAS,16,TALAVERA,14829,00163,12,1,2,6,66.8857142857143,1,1,1,1,1,1,QUESO,4208,720,00,UNIDAD,24,.35,500,00,4,50,2250,12.8571,200,00,20,00, 
2021,03,APURÍMAC,02,ANDAHUAYLAS,16,TALAVERA,14838,00002,1,1,2,6,72.0307692307692,1,1,1,1,1,1,QUESO,4208,150,00,UNIDAD,24,.25,0,00, , , , ,100,00,50,00, 
2021,03,APURÍMAC,02,ANDAHUAYLAS,16,TALAVERA,14838,00011,2,1,2,6,72.0307692307692,1,1,1,1,1,1,QUESO,4208,141,00,UNIDAD,24,.25,100,00,3,00,300,12,20,00,21,00, 
2021,03,APURÍMAC,02,ANDAHUAYLAS,16,TALAVERA,14838,00027,4,1,2,6,72.0307692307692,1,1,1,1,1,1,QUESO,4208,120,00,UNIDAD,24,.25,100,00,2,50,250,10,20,00,0,00, 
2021,03,APURÍMAC,02,ANDAHUAYLAS,16,TALAVERA,14838,00029,5,1,2,6,72.0307692307692,1,1,1,1,1,1,QUESO,4208,120,00,UNIDAD,24,.25,50,00,2,50,125,10,70,00,0,00, 
2021,03,APURÍMAC,02,ANDAHUAYLAS,16,TALAVERA,14838,00043,7,1,2,6,72.0307692307692,1,1,1,1,1,1,QUESO,4208,300,00,UNIDAD,24,.2,0,00, , , , ,200,00,100,00, 
2021,03,APURÍMAC,02,ANDAHUAYLAS,16,TALAVERA,14838,00060,9,1,2,6,72.0307692307692,1,1,1,1,1,1,QUESO,4208,400,00,UNIDAD,24,.25,200,00,3,00,600,12,200,00,0,00, 
2021,03,APURÍMAC,02,ANDAHUAYLAS,16,TALAVERA,14838,00086,14,1,2,6,72.0307692307692,1,1,1,1,1,1,QUESO,4208,632,00,UNIDAD,24,.25,600,00,3,50,2100,14,32,00,0,00, 
2021,03,APURÍMAC,02,ANDAHUAYLAS,15,SANTA MARIA DE CHICMO,14848,00008,2,1,2,6,78.0333333333333,1,1,1,1,1,1,QUESO,4208,120,00,UNIDAD,24,.35,80,00,4,00,320,11.4286,40,00,0,00, 
2021,03,APURÍMAC,02,ANDAHUAYLAS,15,SANTA MARIA DE CHICMO,14848,00032,5,1,2,6,78.0333333333333,1,1,1,1,1,1,QUESO,4208,36,00,UNIDAD,24,.4,20,00,4,00,80,10,10,00,6,00, 
2021,03,APURÍMAC,02,ANDAHUAYLAS,15,SANTA MARIA DE CHICMO,14848,00045,6,1,2,6,78.0333333333333,1,1,1,1,1,1,QUESO,4208,15,00,UNIDAD,24,.4,0,00, , , , ,15,00,0,00, 
2021,03,APURÍMAC,02,ANDAHUAYLAS,15,SANTA MARIA DE CHICMO,14848,00048,7,1,2,6,78.0333333333333,1,1,1,1,1,1,QUESO,4208,90,00,UNIDAD,24,.07,80,00,2,00,160,28.57,10,00,0,00, 
2021,03,APURÍMAC,02,ANDAHUAYLAS,15,SANTA MARIA DE CHICMO,14848,00069,8,1,2,6,78.0333333333333,1,1,1,1,1,1,QUESO,4208,150,00,UNIDAD,24,.4,100,00,4,00,400,10,50,00,0,00, 
2021,03,APURÍMAC,02,ANDAHUAYLAS,15,SANTA MARIA DE CHICMO,14848,00080,10,1,2,6,78.0333333333333,1,1,1,1,1,1,QUESO,4208,30,00,UNIDAD,24,.4,15,00,4,00,60,10,15,00,0,00, 
2021,03,APURÍMAC,02,ANDAHUAYLAS,15,SANTA MARIA DE CHICMO,14861,00016,2,1,2,6,66.8857142857143,1,1,1,1,1,1,QUESO,4208,360,00,UNIDAD,24,.2,0,00, , , , ,340,00,20,00, 
2021,03,APURÍMAC,02,ANDAHUAYLAS,15,SANTA MARIA DE CHICMO,14861,00049,6,1,2,6,66.8857142857143,1,1,1,1,1,1,QUESO,4208,400,00,UNIDAD,24,.25,0,00, , , , ,300,00,100,00, 
2021,03,APURÍMAC,02,ANDAHUAYLAS,15,SANTA MARIA DE CHICMO,14861,00068,9,1,2,6,66.8857142857143,1,1,1,1,1,1,QUESO,4208,605,00,UNIDAD,24,.2,200,00,2,50,500,12.5,305,00,100,00, 
2021,03,APURÍMAC,02,ANDAHUAYLAS,15,SANTA MARIA DE CHICMO,14861,00077,10,1,2,6,66.8857142857143,1,1,1,1,1,1,QUESO,4208,236,00,UNIDAD,24,.25,0,00, , , , ,206,00,30,00, 
2021,03,APURÍMAC,02,ANDAHUAYLAS,15,SANTA MARIA DE CHICMO,14861,00091,12,1,2,6,66.8857142857143,1,1,1,1,1,1,QUESO,4208,350,00,UNIDAD,24,.2,50,00,3,00,150,15,280,00,20,00, 
2021,03,APURÍMAC,02,ANDAHUAYLAS,15,SANTA MARIA DE CHICMO,14861,00093,13,1,2,6,66.8857142857143,1,1,1,1,1,1,QUESO,4208,282,00,UNIDAD,24,.3,0,00, , , , ,262,00,20,00, 
2021,03,APURÍMAC,02,ANDAHUAYLAS,15,SANTA MARIA DE CHICMO,14862,00029,4,1,2,6,66.8857142857143,1,1,1,1,1,1,QUESO,4208,1325,00,UNIDAD,24,.2,1000,00,3,00,3000,15,225,00,100,00, 
2021,03,APURÍMAC,02,ANDAHUAYLAS,15,SANTA MARIA DE CHICMO,14862,00039,6,1,2,6,66.8857142857143,1,1,1,1,1,1,QUESO,4208,200,00,UNIDAD,24,.25,0,00, , , , ,150,00,50,00, 
2021,03,APURÍMAC,02,ANDAHUAYLAS,15,SANTA MARIA DE CHICMO,14862,00054,7,1,2,6,66.8857142857143,1,1,1,2, ,1,CHARQUI,4211,20,00,KILOGRAMO,12,1,0,00, , , , ,20,00,0,00, 
2021,03,APURÍMAC,02,ANDAHUAYLAS,15,SANTA MARIA DE CHICMO,14862,00054,7,1,2,6,66.8857142857143,1,1,1,1,1,2,QUESO,4208,160,00,UNIDAD,24,.25,0,00, , , , ,130,00,30,00, 
2021,03,APURÍMAC,02,ANDAHUAYLAS,15,SANTA MARIA DE CHICMO,14862,00085,11,1,2,6,66.8857142857143,1,1,1,1,1,1,QUESO,4208,300,00,UNIDAD,24,.25,0,00, , , , ,150,00,150,00, 
2021,03,APURÍMAC,02,ANDAHUAYLAS,15,SANTA MARIA DE CHICMO,14870,00064,9,1,2,6,66.8857142857143,1,1,1,1,1,1,QUESO,4208,80,00,UNIDAD,24,.3,0,00, , , , ,80,00,0,00, 
2021,03,APURÍMAC,02,ANDAHUAYLAS,15,SANTA MARIA DE CHICMO,14870,00074,10,1,2,6,66.8857142857143,1,1,1,1,1,1,QUESO,4208,360,00,UNIDAD,24,.2,0,00, , , , ,300,00,60,00, 
2021,03,APURÍMAC,02,ANDAHUAYLAS,15,SANTA MARIA DE CHICMO,14870,00095,12,1,2,6,66.8857142857143,1,1,1,1,1,1,QUESO,4208,136,00,UNIDAD,24,.25,120,00,3,00,360,12,16,00,0,00, 
2021,03,APURÍMAC,02,ANDAHUAYLAS,15,SANTA MARIA DE CHICMO,14870,00096,13,1,2,6,66.8857142857143,1,1,1,1,1,1,QUESO,4208,640,00,UNIDAD,24,.25,600,00,3,50,2100,14,40,00,0,00, 
2021,03,APURÍMAC,02,ANDAHUAYLAS,12,SAN ANTONIO DE CACHI,14872,00009,1,1,2,6,66.8857142857143,1,1,1,1,1,1,QUESO,4208,120,00,UNIDAD,24,.25,0,00, , , , ,20,00,100,00, 
2021,03,APURÍMAC,02,ANDAHUAYLAS,12,SAN ANTONIO DE CACHI,14872,00026,3,1,2,6,66.8857142857143,1,1,1,1,1,1,QUESO,4208,50,00,UNIDAD,24,.25,0,00, , , , ,50,00,0,00, 
2021,03,APURÍMAC,02,ANDAHUAYLAS,12,SAN ANTONIO DE CACHI,14872,00050,5,1,2,6,66.8857142857143,1,1,1,1, ,2,CHARQUI,4211,50,00,KILOGRAMO,12,1,0,00, , , , ,30,00,20,00, 
2021,03,APURÍMAC,02,ANDAHUAYLAS,12,SAN ANTONIO DE CACHI,14872,00050,5,1,2,6,66.8857142857143,1,1,1,1,1,1,QUESO,4208,60,00,UNIDAD,24,.5,0,00, , , , ,60,00,0,00, 
2021,03,APURÍMAC,02,ANDAHUAYLAS,12,SAN ANTONIO DE CACHI,14872,00065,7,1,2,6,66.8857142857143,1,1,1,1,1,1,QUESO,4208,450,00,UNIDAD,24,.25,0,00, , , , ,300,00,150,00, 
2021,03,APURÍMAC,02,ANDAHUAYLAS,12,SAN ANTONIO DE CACHI,14872,00088,9,1,2,6,66.8857142857143,1,1,1,"1,3","1,3",1,QUESO,4208,250,00,UNIDAD,24,.5,0,00, , , , ,100,00,150,00, 
2021,03,APURÍMAC,02,ANDAHUAYLAS,12,SAN ANTONIO DE CACHI,14872,00136,14,1,2,6,66.8857142857143,1,1,1,"1,3","1,3",1,QUESO,4208,800,00,UNIDAD,24,.25,0,00, , , , ,500,00,300,00, 
2021,03,APURÍMAC,02,ANDAHUAYLAS,05,HUANCARAY,14883,00018,2,1,2,6,66.8857142857143,1,1,1,2, ,2,CHARQUI,4211,6,00,KILOGRAMO,12,1,0,00, , , , ,5,00,1,00, 
2021,03,APURÍMAC,02,ANDAHUAYLAS,05,HUANCARAY,14883,00018,2,1,2,6,66.8857142857143,1,1,1,1,1,1,QUESO,4208,240,00,UNIDAD,24,.25,0,00, , , , ,240,00,0,00, 
2021,03,APURÍMAC,02,ANDAHUAYLAS,05,HUANCARAY,14883,00027,3,1,2,6,66.8857142857143,1,1,1,2, ,1,CHARQUI,4211,8,00,KILOGRAMO,12,1,0,00, , , , ,8,00,0,00, 
2021,03,APURÍMAC,02,ANDAHUAYLAS,05,HUANCARAY,14883,00038,4,1,2,6,66.8857142857143,1,1,1,1,1,2,QUESO,4208,200,00,UNIDAD,24,.5,92,00,2,50,230,5,92,00,16,00, 
2021,03,APURÍMAC,02,ANDAHUAYLAS,05,HUANCARAY,14883,00038,4,1,2,6,66.8857142857143,1,1,1,2, ,1,CHARQUI,4211,15,00,KILOGRAMO,12,1,0,00, , , , ,13,00,2,00, 
2021,03,APURÍMAC,02,ANDAHUAYLAS,05,HUANCARAY,14883,00061,7,1,2,6,66.8857142857143,1,1,1,1,1,1,QUESO,4208,400,00,UNIDAD,24,.06,0,00, , , , ,400,00,0,00, 
2021,03,APURÍMAC,02,ANDAHUAYLAS,05,HUANCARAY,14883,00070,8,1,2,6,66.8857142857143,1,1,1,1,1,1,QUESO,4208,400,00,UNIDAD,24,.25,0,00, , , , ,350,00,50,00, 
2021,03,APURÍMAC,02,ANDAHUAYLAS,05,HUANCARAY,14883,00070,8,1,2,6,66.8857142857143,1,1,1,2, ,2,CHARQUI,4211,4,50,KILOGRAMO,12,1,0,00, , , , ,4,00,0,50, 
2021,03,APURÍMAC,02,ANDAHUAYLAS,05,HUANCARAY,14883,00085,9,1,2,6,66.8857142857143,1,1,1,2, ,1,CHARQUI,4211,8,00,KILOGRAMO,12,1,0,00, , , , ,8,00,0,00, 
2021,03,APURÍMAC,02,ANDAHUAYLAS,05,HUANCARAY,14883,00092,10,1,2,6,66.8857142857143,1,1,1,1,1,2,QUESO,4208,160,00,UNIDAD,24,.25,0,00, , , , ,140,00,20,00, 
2021,03,APURÍMAC,02,ANDAHUAYLAS,05,HUANCARAY,14883,00092,10,1,2,6,66.8857142857143,1,1,1,2, ,1,CHARQUI,4211,4,00,KILOGRAMO,12,1,0,00, , , , ,3,50,0,50, 
2021,03,APURÍMAC,02,ANDAHUAYLAS,05,HUANCARAY,14883,00107,12,1,2,6,66.8857142857143,1,1,1,1,1,2,QUESO,4208,280,00,UNIDAD,24,.25,0,00, , , , ,280,00,0,00, 
2021,03,APURÍMAC,02,ANDAHUAYLAS,05,HUANCARAY,14883,00107,12,1,2,6,66.8857142857143,1,1,1,2, ,1,CHARQUI,4211,5,00,KILOGRAMO,12,1,0,00, , , , ,4,00,1,00, 
2021,03,APURÍMAC,02,ANDAHUAYLAS,05,HUANCARAY,14883,00115,13,1,2,6,66.8857142857143,1,1,1,2, ,1,CHARQUI,4211,5,00,KILOGRAMO,12,1,0,00, , , , ,3,00,2,00, 
2021,03,APURÍMAC,02,ANDAHUAYLAS,05,HUANCARAY,14883,00118,14,1,2,6,66.8857142857143,1,1,1,2, ,1,CHARQUI,4211,5,00,KILOGRAMO,12,1,0,00, , , , ,5,00,0,00, 
2021,03,APURÍMAC,02,ANDAHUAYLAS,18,TURPO,14896,00024,3,1,2,6,66.8857142857143,1,1,1,2, ,1,CHARQUI,4211,3,00,KILOGRAMO,12,1,0,00, , , , ,3,00,0,00, 
2021,03,APURÍMAC,02,ANDAHUAYLAS,18,TURPO,14896,00034,5,1,2,6,66.8857142857143,1,1,1,1,1,1,QUESO,4208,570,00,UNIDAD,24,.25,0,00, , , , ,570,00,0,00, 
2021,03,APURÍMAC,02,ANDAHUAYLAS,18,TURPO,14896,00045,6,1,2,6,66.8857142857143,1,1,1,1,1,1,QUESO,4208,540,00,UNIDAD,24,.1,0,00, , , , ,540,00,0,00, 
2021,03,APURÍMAC,02,ANDAHUAYLAS,18,TURPO,14896,00054,7,1,2,6,66.8857142857143,1,1,1,1,1,1,QUESO,4208,54,00,UNIDAD,24,.333,0,00, , , , ,54,00,0,00, 
2021,03,APURÍMAC,02,ANDAHUAYLAS,18,TURPO,14896,00062,8,1,2,6,66.8857142857143,1,1,1,2, ,2,CHARQUI,4211,10,00,KILOGRAMO,12,1,0,00, , , , ,10,00,0,00, 
2021,03,APURÍMAC,02,ANDAHUAYLAS,18,TURPO,14896,00062,8,1,2,6,66.8857142857143,1,1,1,1,1,1,QUESO,4208,75,00,UNIDAD,24,.333,0,00, , , , ,75,00,0,00, 
2021,03,APURÍMAC,02,ANDAHUAYLAS,18,TURPO,14896,00074,9,1,2,6,66.8857142857143,1,1,1,1,1,1,QUESO,4208,315,00,UNIDAD,24,.333,0,00, , , , ,315,00,0,00, 
2021,03,APURÍMAC,02,ANDAHUAYLAS,18,TURPO,14896,00085,10,1,2,6,66.8857142857143,1,1,1,1,1,1,QUESO,4208,882,00,UNIDAD,24,.15,0,00, , , , ,882,00,0,00, 
2021,03,APURÍMAC,02,ANDAHUAYLAS,18,TURPO,14896,00089,11,1,2,6,66.8857142857143,1,1,1,1,1,1,QUESO,4208,700,00,UNIDAD,24,.15,0,00, , , , ,700,00,0,00, 
2021,03,APURÍMAC,02,ANDAHUAYLAS,18,TURPO,14896,00100,13,1,2,6,66.8857142857143,1,1,1,1,1,1,QUESO,4208,2160,00,UNIDAD,24,.2,0,00, , , , ,2160,00,0,00, 
2021,03,APURÍMAC,02,ANDAHUAYLAS,18,TURPO,14896,00110,14,1,2,6,66.8857142857143,1,1,1,1,1,1,QUESO,4208,548,00,UNIDAD,24,.1,0,00, , , , ,548,00,0,00, 
2021,03,APURÍMAC,02,ANDAHUAYLAS,17,TUMAY HUARACA,14898,00027,2,1,2,6,66.8857142857143,1,1,1,1,1,1,QUESO,4208,672,00,UNIDAD,24,.2,600,00,4,00,2400,20,72,00,0,00, 
2021,03,APURÍMAC,02,ANDAHUAYLAS,17,TUMAY HUARACA,14898,00043,3,1,2,6,66.8857142857143,1,1,1,1,1,1,QUESO,4208,384,00,UNIDAD,24,.25,0,00, , , , ,334,00,50,00, 
2021,03,APURÍMAC,02,ANDAHUAYLAS,17,TUMAY HUARACA,14898,00068,5,1,2,6,66.8857142857143,1,1,1,1,1,1,QUESO,4208,550,00,UNIDAD,24,.25,500,00,3,50,1750,14,25,00,25,00, 
2021,03,APURÍMAC,02,ANDAHUAYLAS,17,TUMAY HUARACA,14898,00074,6,1,2,6,66.8857142857143,1,1,1,1,1,1,QUESO,4208,220,00,UNIDAD,24,.2,0,00, , , , ,200,00,20,00, 
2021,03,APURÍMAC,02,ANDAHUAYLAS,17,TUMAY HUARACA,14898,00089,7,1,2,6,66.8857142857143,1,1,1,1,1,1,QUESO,4208,288,00,UNIDAD,24,.25,0,00, , , , ,200,00,88,00, 
2021,03,APURÍMAC,02,ANDAHUAYLAS,17,TUMAY HUARACA,14898,00159,11,1,2,6,66.8857142857143,1,1,1,1,1,1,QUESO,4208,180,00,UNIDAD,24,.2,0,00, , , , ,100,00,80,00, 
2021,03,APURÍMAC,02,ANDAHUAYLAS,17,TUMAY HUARACA,14898,00172,12,1,2,6,66.8857142857143,1,1,1,1,1,1,QUESO,4208,504,00,UNIDAD,24,.25,60,00,3,00,180,12,404,00,40,00, 
2021,03,APURÍMAC,02,ANDAHUAYLAS,17,TUMAY HUARACA,14900,00001,1,1,2,6,66.8857142857143,1,1,1,1,1,1,QUESO,4208,210,00,UNIDAD,24,.3,0,00, , , , ,100,00,110,00, 
2021,03,APURÍMAC,02,ANDAHUAYLAS,17,TUMAY HUARACA,14900,00007,2,1,2,6,66.8857142857143,1,1,1,1,1,1,QUESO,4208,100,00,UNIDAD,24,.2,0,00, , , , ,80,00,20,00, 
2021,03,APURÍMAC,02,ANDAHUAYLAS,17,TUMAY HUARACA,14900,00013,3,1,2,6,66.8857142857143,1,1,1,1,1,1,QUESO,4208,176,00,UNIDAD,24,.25,50,00,3,00,150,12,110,00,16,00, 
2021,03,APURÍMAC,02,ANDAHUAYLAS,17,TUMAY HUARACA,14900,00023,5,1,2,6,66.8857142857143,1,1,1,1,1,1,QUESO,4208,200,00,UNIDAD,24,.25,0,00, , , , ,150,00,50,00, 
2021,03,APURÍMAC,02,ANDAHUAYLAS,17,TUMAY HUARACA,14900,00028,6,1,2,6,66.8857142857143,1,1,1,1,1,1,QUESO,4208,60,00,UNIDAD,24,.3,30,00,5,00,150,16.6667,25,00,5,00, 
2021,03,APURÍMAC,02,ANDAHUAYLAS,17,TUMAY HUARACA,14900,00035,8,1,2,6,66.8857142857143,1,1,1,1,1,1,QUESO,4208,660,00,UNIDAD,24,.2,510,00,2,50,1275,12.5,150,00,0,00, 
2021,03,APURÍMAC,02,ANDAHUAYLAS,17,TUMAY HUARACA,14900,00038,9,1,2,6,66.8857142857143,1,1,1,1,1,1,QUESO,4208,582,00,UNIDAD,24,.3,382,00,2,50,955,8.3333,150,00,50,00, 
2021,03,APURÍMAC,02,ANDAHUAYLAS,17,TUMAY HUARACA,14900,00042,10,1,2,6,66.8857142857143,1,1,1,1,1,1,QUESO,4208,475,00,UNIDAD,24,.2,0,00, , , , ,325,00,150,00, 
2021,03,APURÍMAC,04,AYMARAES,11,SAN JUAN DE CHACÑA,14921,00051,6,1,2,6,66.8857142857143,1,1,1,1, ,2,CHARQUI,4211,430,00,KILOGRAMO,12,1,0,00, , , , ,330,00,100,00, 
2021,03,APURÍMAC,04,AYMARAES,11,SAN JUAN DE CHACÑA,14921,00051,6,1,2,6,66.8857142857143,1,1,1,1,1,1,QUESO,4208,220,00,UNIDAD,24,.24,0,00, , , , ,140,00,80,00, 
2021,03,APURÍMAC,04,AYMARAES,11,SAN JUAN DE CHACÑA,14921,00084,10,1,2,6,66.8857142857143,1,1,1,1,1,1,QUESO,4208,360,00,UNIDAD,24,.25,0,00, , , , ,300,00,60,00, 
2021,03,APURÍMAC,04,AYMARAES,15,TINTAY,14927,00073,8,1,2,6,66.8857142857143,1,1,1,1,1,1,QUESO,4208,120,00,UNIDAD,24,.38,100,00,4,50,450,11.8421,20,00,0,00, 
2021,03,APURÍMAC,04,AYMARAES,05,COLCABAMBA,14934,00011,2,1,2,6,66.8857142857143,1,1,1,1,1,1,QUESO,4208,400,00,UNIDAD,24,.25,0,00, , , , ,200,00,200,00, 
2021,03,APURÍMAC,04,AYMARAES,05,COLCABAMBA,14934,00057,9,1,2,6,66.8857142857143,1,1,1,1,1,1,QUESO,4208,1200,00,UNIDAD,24,.25,800,00,2,50,2000,10,200,00,200,00, 
2021,03,APURÍMAC,04,AYMARAES,05,COLCABAMBA,14934,00066,11,1,2,6,66.8857142857143,1,1,1,1,1,1,QUESO,4208,500,00,UNIDAD,24,.2,0,00, , , , ,200,00,300,00, 
2021,03,APURÍMAC,04,AYMARAES,05,COLCABAMBA,14934,00083,14,1,2,6,66.8857142857143,1,1,1,1,1,1,QUESO,4208,240,00,UNIDAD,24,.25,40,00,4,00,160,16,180,00,20,00, 
2021,03,APURÍMAC,04,AYMARAES,02,CAPAYA,14939,00001,1,1,2,6,66.8857142857143,1,1,1,1,1,1,QUESO,4208,30,00,UNIDAD,24,.5,0,00, , , , ,25,00,5,00, 
2021,03,APURÍMAC,04,AYMARAES,02,CAPAYA,14939,00035,5,1,2,6,66.8857142857143,1,1,1,1,1,1,QUESO,4208,90,00,UNIDAD,24,.35,50,00,3,50,175,10,30,00,10,00, 
2021,03,APURÍMAC,04,AYMARAES,02,CAPAYA,14939,00095,13,1,2,6,66.8857142857143,1,1,1,1,1,1,QUESO,4208,42,00,UNIDAD,24,.07,20,00,3,50,70,50,12,00,10,00, 
2021,03,APURÍMAC,04,AYMARAES,08,JUSTO APU SAHUARAURA,14946,00003,1,1,2,6,66.8857142857143,1,1,1,1,1,1,QUESO,4208,275,00,UNIDAD,24,.2,0,00, , , , ,200,00,75,00, 
2021,03,APURÍMAC,04,AYMARAES,08,JUSTO APU SAHUARAURA,14946,00015,2,1,2,6,66.8857142857143,1,1,1,1,1,1,QUESO,4208,185,00,UNIDAD,24,.25,0,00, , , , ,150,00,35,00, 
2021,03,APURÍMAC,04,AYMARAES,08,JUSTO APU SAHUARAURA,14946,00044,5,1,2,6,66.8857142857143,1,1,1,1,1,1,QUESO,4208,1410,00,UNIDAD,24,.35,1355,00,5,00,6775,14.2857,50,00,5,00, 
2021,03,APURÍMAC,04,AYMARAES,08,JUSTO APU SAHUARAURA,14946,00057,6,1,2,6,66.8857142857143,1,1,1,1,1,1,QUESO,4208,78,00,UNIDAD,24,.3,0,00, , , , ,50,00,28,00, 
2021,03,APURÍMAC,04,AYMARAES,08,JUSTO APU SAHUARAURA,14946,00057,6,1,2,6,66.8857142857143,1,1,1,1, ,2,CHARQUI,4211,20,00,KILOGRAMO,12,1,0,00, , , , ,15,00,5,00, 
2021,03,APURÍMAC,04,AYMARAES,08,JUSTO APU SAHUARAURA,14946,00068,7,1,2,6,66.8857142857143,1,1,1,1,1,1,QUESO,4208,900,00,UNIDAD,24,.3,700,00,5,00,3500,16.6667,150,00,50,00, 
2021,03,APURÍMAC,04,AYMARAES,08,JUSTO APU SAHUARAURA,14946,00076,8,1,2,6,66.8857142857143,1,1,1,1,1,1,QUESO,4208,208,00,UNIDAD,24,.25,0,00, , , , ,208,00,0,00, 
2021,03,APURÍMAC,04,AYMARAES,08,JUSTO APU SAHUARAURA,14946,00076,8,1,2,6,66.8857142857143,1,1,1,1, ,2,CHARQUI,4211,25,00,KILOGRAMO,12,1,0,00, , , , ,25,00,0,00, 
2021,03,APURÍMAC,04,AYMARAES,08,JUSTO APU SAHUARAURA,14946,00115,11,1,2,6,66.8857142857143,1,1,1,1,1,1,QUESO,4208,30,00,UNIDAD,24,.2,0,00, , , , ,25,00,5,00, 
2021,03,APURÍMAC,04,AYMARAES,08,JUSTO APU SAHUARAURA,14946,00131,13,1,2,6,66.8857142857143,1,1,1,1, ,2,CHARQUI,4211,20,00,KILOGRAMO,12,1,0,00, , , , ,18,00,2,00, 
2021,03,APURÍMAC,04,AYMARAES,08,JUSTO APU SAHUARAURA,14946,00131,13,1,2,6,66.8857142857143,1,1,1,1,1,1,QUESO,4208,168,00,UNIDAD,24,.25,0,00, , , , ,150,00,18,00, 
2021,03,APURÍMAC,04,AYMARAES,14,TAPAIRIHUA,14948,00004,1,1,2,6,66.8857142857143,1,1,1,1,1,1,QUESO,4208,20,00,KILOGRAMO,12,1,0,00, , , , ,20,00,0,00, 
2021,03,APURÍMAC,04,AYMARAES,14,TAPAIRIHUA,14948,00029,5,1,2,6,66.8857142857143,1,1,1,1,1,1,QUESO,4208,29,50,KILOGRAMO,12,1,0,00, , , , ,29,50,0,00, 
2021,03,APURÍMAC,04,AYMARAES,14,TAPAIRIHUA,14948,00073,12,1,2,6,66.8857142857143,1,1,1,1,1,1,QUESO,4208,56,00,KILOGRAMO,12,1,0,00, , , , ,56,00,0,00, 
2021,03,APURÍMAC,04,AYMARAES,17,YANACA,14956,00002,1,1,2,6,66.8857142857143,1,1,1,1,1,2,QUESO,4208,186,00,UNIDAD,24,.3,0,00, , , , ,150,00,36,00, 
2021,03,APURÍMAC,04,AYMARAES,17,YANACA,14956,00002,1,1,2,6,66.8857142857143,1,1,1,1, ,1,CHARQUI,4211,30,00,KILOGRAMO,12,1,0,00, , , , ,30,00,0,00, 
2021,03,APURÍMAC,04,AYMARAES,17,YANACA,14956,00019,2,1,2,6,66.8857142857143,1,1,1,1,1,1,QUESO,4208,120,00,UNIDAD,24,.2,0,00, , , , ,100,00,20,00, 
2021,03,APURÍMAC,04,AYMARAES,17,YANACA,14956,00040,4,1,2,6,66.8857142857143,1,1,1,1, ,1,CHARQUI,4211,35,00,KILOGRAMO,12,1,0,00, , , , ,35,00,0,00, 
2021,03,APURÍMAC,04,AYMARAES,17,YANACA,14956,00040,4,1,2,6,66.8857142857143,1,1,1,1,1,2,QUESO,4208,100,00,UNIDAD,24,.2,0,00, , , , ,70,00,30,00, 
2021,03,APURÍMAC,04,AYMARAES,17,YANACA,14956,00050,5,1,2,6,66.8857142857143,1,1,1,1, ,1,CHARQUI,4211,50,00,KILOGRAMO,12,1,0,00, , , , ,50,00,0,00, 
2021,03,APURÍMAC,04,AYMARAES,17,YANACA,14956,00050,5,1,2,6,66.8857142857143,1,1,1,1,1,2,QUESO,4208,100,00,UNIDAD,24,.2,0,00, , , , ,100,00,0,00, 
2021,03,APURÍMAC,04,AYMARAES,17,YANACA,14956,00082,7,1,2,6,66.8857142857143,1,1,1,1,1,1,QUESO,4208,150,00,UNIDAD,24,.2,0,00, , , , ,50,00,100,00, 
2021,03,APURÍMAC,04,AYMARAES,17,YANACA,14956,00125,10,1,2,6,66.8857142857143,1,1,1,1,1,1,QUESO,4208,48,00,UNIDAD,24,.1,0,00, , , , ,48,00,0,00, 
2021,03,APURÍMAC,04,AYMARAES,17,YANACA,14956,00140,11,1,2,6,66.8857142857143,1,1,1,1,1,1,QUESO,4208,150,00,UNIDAD,24,.2,0,00, , , , ,150,00,0,00, 
2021,03,APURÍMAC,04,AYMARAES,17,YANACA,14956,00148,12,1,2,6,66.8857142857143,1,1,1,1, ,1,CHARQUI,4211,35,00,KILOGRAMO,12,1,0,00, , , , ,35,00,0,00, 
2021,03,APURÍMAC,04,AYMARAES,17,YANACA,14956,00148,12,1,2,6,66.8857142857143,1,1,1,1,1,2,QUESO,4208,760,00,UNIDAD,24,.2,0,00, , , , ,600,00,160,00, 
2021,03,APURÍMAC,04,AYMARAES,17,YANACA,14956,00183,14,1,2,6,66.8857142857143,1,1,1,1,1,1,QUESO,4208,170,00,KILOGRAMO,12,1,20,00,20,00,400,20,140,00,10,00, 
2021,03,APURÍMAC,04,AYMARAES,01,CHALHUANCA,14959,00028,1,1,2,6,66.8857142857143,1,1,1,1,1,1,QUESO,4208,110,00,UNIDAD,24,.2,0,00, , , , ,110,00,0,00, 
2021,03,APURÍMAC,04,AYMARAES,01,CHALHUANCA,14959,00033,2,1,2,6,66.8857142857143,1,1,1,1,1,1,QUESO,4208,90,00,UNIDAD,24,1,0,00, , , , ,50,00,40,00, 
2021,03,APURÍMAC,04,AYMARAES,01,CHALHUANCA,14959,00110,5,1,2,6,66.8857142857143,1,1,1,1,1,1,QUESO,4208,200,00,UNIDAD,24,.3,0,00, , , , ,150,00,50,00, 
2021,03,APURÍMAC,04,AYMARAES,01,CHALHUANCA,14959,00128,6,1,2,6,66.8857142857143,1,1,1,1,1,1,QUESO,4208,208,00,UNIDAD,24,.25,0,00, , , , ,208,00,0,00, 
2021,03,APURÍMAC,04,AYMARAES,01,CHALHUANCA,14959,00140,7,1,2,6,66.8857142857143,1,1,1,1,1,1,QUESO,4208,100,00,UNIDAD,24,1,0,00, , , , ,50,00,50,00, 
2021,03,APURÍMAC,04,AYMARAES,01,CHALHUANCA,14959,00154,8,1,2,6,66.8857142857143,1,1,1,1,1,1,QUESO,4208,80,00,UNIDAD,24,.25,0,00, , , , ,80,00,0,00, 
2021,03,APURÍMAC,04,AYMARAES,01,CHALHUANCA,14959,00181,9,1,2,6,66.8857142857143,1,1,1,1,1,1,QUESO,4208,400,00,UNIDAD,24,.25,0,00, , , , ,350,00,50,00, 
2021,03,APURÍMAC,04,AYMARAES,01,CHALHUANCA,14959,00248,13,1,2,6,66.8857142857143,1,1,1,1,1,1,QUESO,4208,280,00,UNIDAD,24,.25,0,00, , , , ,280,00,0,00, 
2021,03,APURÍMAC,04,AYMARAES,01,CHALHUANCA,14959,00277,14,1,2,6,66.8857142857143,1,1,1,1,1,1,QUESO,4208,80,00,UNIDAD,24,.3,0,00, , , , ,80,00,0,00, 
2021,03,APURÍMAC,04,AYMARAES,12,SAÑAYCA,14964,00004,1,1,2,6,66.8857142857143,1,1,1,1,1,2,QUESO,4208,560,00,UNIDAD,24,.25,0,00, , , , ,500,00,60,00, 
2021,03,APURÍMAC,04,AYMARAES,12,SAÑAYCA,14964,00004,1,1,2,6,66.8857142857143,1,1,1,2, ,1,CHARQUI,4211,23,00,KILOGRAMO,12,1,0,00, , , , ,16,00,7,00, 
2021,03,APURÍMAC,04,AYMARAES,12,SAÑAYCA,14964,00013,2,1,2,6,66.8857142857143,1,1,1,1,1,1,QUESO,4208,160,00,UNIDAD,24,.5,0,00, , , , ,100,00,60,00, 
2021,03,APURÍMAC,04,AYMARAES,12,SAÑAYCA,14964,00025,4,1,2,6,66.8857142857143,1,1,1,1,1,2,QUESO,4208,376,00,UNIDAD,24,.5,0,00, , , , ,290,00,86,00, 
2021,03,APURÍMAC,04,AYMARAES,12,SAÑAYCA,14964,00025,4,1,2,6,66.8857142857143,1,1,1,2, ,1,CHARQUI,4211,12,00,KILOGRAMO,12,1,0,00, , , , ,9,00,3,00, 
2021,03,APURÍMAC,04,AYMARAES,12,SAÑAYCA,14964,00037,5,1,2,6,66.8857142857143,1,1,1,1,1,2,QUESO,4208,480,00,UNIDAD,24,.25,10,00,6,00,60,24,470,00,0,00, 
2021,03,APURÍMAC,04,AYMARAES,12,SAÑAYCA,14964,00037,5,1,2,6,66.8857142857143,1,1,1,2, ,1,CHARQUI,4211,14,00,KILOGRAMO,12,1,0,00, , , , ,13,00,1,00, 
2021,03,APURÍMAC,04,AYMARAES,12,SAÑAYCA,14964,00064,8,1,2,6,66.8857142857143,1,1,1,1,1,1,QUESO,4208,680,00,UNIDAD,24,.25,40,00,3,00,120,12,620,00,20,00, 
2021,03,APURÍMAC,04,AYMARAES,12,SAÑAYCA,14964,00076,9,1,2,6,66.8857142857143,1,1,1,1,1,2,QUESO,4208,260,00,UNIDAD,24,.5,0,00, , , , ,180,00,80,00, 
2021,03,APURÍMAC,04,AYMARAES,12,SAÑAYCA,14964,00076,9,1,2,6,66.8857142857143,1,1,1,1, ,1,CHARQUI,4211,20,00,KILOGRAMO,12,1,0,00, , , , ,15,00,5,00, 
2021,03,APURÍMAC,04,AYMARAES,12,SAÑAYCA,14964,00087,10,1,2,6,66.8857142857143,1,1,1,6, ,1,CHARQUI,4211,25,00,KILOGRAMO,12,1,0,00, , , , ,21,00,4,00, 
2021,03,APURÍMAC,04,AYMARAES,12,SAÑAYCA,14964,00092,11,1,2,6,66.8857142857143,1,1,1,6, ,1,CHARQUI,4211,48,00,KILOGRAMO,12,1,0,00, , , , ,40,00,8,00, 
2021,03,APURÍMAC,04,AYMARAES,12,SAÑAYCA,14964,00098,12,1,2,6,66.8857142857143,1,1,1,6, ,1,CHARQUI,4211,25,00,KILOGRAMO,12,1,0,00, , , , ,25,00,0,00, 
2021,03,APURÍMAC,04,AYMARAES,12,SAÑAYCA,14964,00098,12,1,2,6,66.8857142857143,1,1,1,1,1,2,QUESO,4208,320,00,UNIDAD,24,.25,0,00, , , , ,300,00,20,00, 
2021,03,APURÍMAC,04,AYMARAES,12,SAÑAYCA,14964,00110,13,1,2,6,66.8857142857143,1,1,1,6, ,1,CHARQUI,4211,15,00,KILOGRAMO,12,1,0,00, , , , ,10,00,5,00, 
2021,03,APURÍMAC,04,AYMARAES,12,SAÑAYCA,14964,00113,14,1,2,6,66.8857142857143,1,1,1,6, ,1,CHARQUI,4211,28,00,KILOGRAMO,12,1,0,00, , , , ,23,00,5,00, 
2021,03,APURÍMAC,01,ABANCAY,05,HUANIPACA,14976,00015,2,1,2,6,66.8857142857143,1,1,1,1,1,1,QUESO,4208,560,00,UNIDAD,24,.25,0,00, , , , ,555,00,5,00, 
2021,03,APURÍMAC,01,ABANCAY,05,HUANIPACA,14976,00025,3,1,2,6,66.8857142857143,1,1,1,1,1,1,QUESO,4208,85,00,UNIDAD,24,.25,0,00, , , , ,40,00,45,00, 
2021,03,APURÍMAC,01,ABANCAY,05,HUANIPACA,14976,00038,5,1,2,6,66.8857142857143,1,1,1,1,1,1,QUESO,4208,5,00,UNIDAD,24,.25,0,00, , , , ,5,00,0,00, 
2021,03,APURÍMAC,01,ABANCAY,05,HUANIPACA,14976,00041,6,1,2,6,66.8857142857143,1,1,1,1,1,1,QUESO,4208,1200,00,UNIDAD,24,.25,1000,00,3,00,3000,12,200,00,0,00, 
2021,03,APURÍMAC,01,ABANCAY,05,HUANIPACA,14976,00055,8,1,2,6,66.8857142857143,1,1,1,1,1,1,QUESO,4208,62,00,KILOGRAMO,12,1,62,00,9,00,558,9,0,00,0,00, 
2021,03,APURÍMAC,01,ABANCAY,05,HUANIPACA,14976,00062,9,1,2,6,66.8857142857143,1,1,1,1,1,1,QUESO,4208,50,00,KILOGRAMO,12,1,0,00, , , , ,40,00,10,00, 
2021,03,APURÍMAC,01,ABANCAY,05,HUANIPACA,14976,00069,10,1,2,6,66.8857142857143,1,1,1,1,1,1,QUESO,4208,16,00,KILOGRAMO,12,1,0,00, , , , ,16,00,0,00, 
2021,03,APURÍMAC,01,ABANCAY,05,HUANIPACA,14976,00076,11,1,2,6,66.8857142857143,1,1,1,1,1,1,QUESO,4208,30,00,KILOGRAMO,12,1,0,00, , , , ,30,00,0,00, 
2021,03,APURÍMAC,01,ABANCAY,05,HUANIPACA,14976,00083,12,1,2,6,66.8857142857143,1,1,1,1,1,1,QUESO,4208,123,00,KILOGRAMO,12,1,80,00,4,00,320,4,38,00,5,00, 
2021,03,APURÍMAC,01,ABANCAY,05,HUANIPACA,14976,00092,13,1,2,6,66.8857142857143,1,1,1,1,1,1,QUESO,4208,30,00,KILOGRAMO,12,1,0,00, , , , ,25,00,5,00, 
2021,03,APURÍMAC,01,ABANCAY,05,HUANIPACA,14983,00002,1,1,2,6,66.8857142857143,1,1,1,1,1,1,QUESO,4208,120,00,UNIDAD,24,.4,0,00, , , , ,100,00,20,00, 
2021,03,APURÍMAC,01,ABANCAY,05,HUANIPACA,14983,00021,3,1,2,6,66.8857142857143,1,1,1,1,1,1,QUESO,4208,200,00,UNIDAD,24,.05,50,00,1,00,50,20,150,00,0,00, 
2021,03,APURÍMAC,01,ABANCAY,05,HUANIPACA,14983,00029,4,1,2,6,66.8857142857143,1,1,1,1,1,1,QUESO,4208,150,00,UNIDAD,24,.08,0,00, , , , ,50,00,100,00, 
2021,03,APURÍMAC,01,ABANCAY,05,HUANIPACA,14983,00035,5,1,2,6,66.8857142857143,1,1,1,1,1,1,QUESO,4208,50,00,UNIDAD,24,1,0,00, , , , ,50,00,0,00, 
2021,03,APURÍMAC,01,ABANCAY,05,HUANIPACA,14983,00045,6,1,2,6,66.8857142857143,1,1,1,1,1,1,QUESO,4208,15,00,UNIDAD,24,.08,0,00, , , , ,5,00,10,00, 
2021,03,APURÍMAC,01,ABANCAY,05,HUANIPACA,14983,00047,7,1,2,6,66.8857142857143,1,1,1,1,1,1,QUESO,4208,50,00,UNIDAD,24,.5,0,00, , , , ,25,00,25,00, 
2021,03,APURÍMAC,01,ABANCAY,05,HUANIPACA,14983,00076,10,1,2,6,66.8857142857143,1,1,1,1,1,1,QUESO,4208,60,00,UNIDAD,24,.2,0,00, , , , ,40,00,20,00, 
2021,03,APURÍMAC,01,ABANCAY,05,HUANIPACA,14983,00096,12,1,2,6,66.8857142857143,1,1,1,1,1,1,QUESO,4208,267,00,UNIDAD,24,.5,200,00,3,00,600,6,60,00,7,00, 
2021,03,APURÍMAC,01,ABANCAY,05,HUANIPACA,14983,00112,14,1,2,6,66.8857142857143,1,1,1,1,1,1,QUESO,4208,250,00,UNIDAD,24,.5,200,00,3,00,600,6,50,00,0,00, 
2021,03,APURÍMAC,01,ABANCAY,04,CURAHUASI,14992,00067,6,1,2,6,66.8857142857143,1,1,1,1,1,1,QUESO,4208,100,00,UNIDAD,24,.25,40,00,4,00,160,16,60,00,0,00, 
2021,03,APURÍMAC,01,ABANCAY,04,CURAHUASI,14992,00129,14,1,2,6,66.8857142857143,1,1,1,1,1,1,QUESO,4208,63,00,UNIDAD,24,.25,0,00, , , , ,50,00,13,00, 
2021,03,APURÍMAC,01,ABANCAY,04,CURAHUASI,14995,00030,3,1,2,6,66.8857142857143,1,1,1,1,1,1,QUESO,4208,460,00,UNIDAD,24,.25,0,00, , , , ,260,00,200,00, 
2021,03,APURÍMAC,01,ABANCAY,04,CURAHUASI,14995,00046,4,1,2,6,66.8857142857143,1,1,1,1,1,1,QUESO,4208,100,00,KILOGRAMO,12,1,0,00, , , , ,80,00,20,00, 
2021,03,APURÍMAC,01,ABANCAY,04,CURAHUASI,14995,00066,6,1,2,6,66.8857142857143,1,1,1,1,1,1,QUESO,4208,40,00,UNIDAD,24,.25,20,00,5,00,100,20,20,00,0,00, 
2021,03,APURÍMAC,01,ABANCAY,04,CURAHUASI,14995,00089,8,1,2,6,66.8857142857143,1,1,1,1,1,1,QUESO,4208,140,00,KILOGRAMO,12,1,0,00, , , , ,140,00,0,00, 
2021,03,APURÍMAC,01,ABANCAY,04,CURAHUASI,14995,00106,10,1,2,6,66.8857142857143,1,1,1,1,1,1,QUESO,4208,30,00,KILOGRAMO,12,1,0,00, , , , ,20,00,10,00, 
2021,03,APURÍMAC,01,ABANCAY,04,CURAHUASI,14995,00122,12,1,2,6,66.8857142857143,1,1,1,1,1,1,QUESO,4208,700,00,UNIDAD,24,.25,550,00,6,00,3300,24,100,00,50,00, 
2021,03,APURÍMAC,01,ABANCAY,04,CURAHUASI,15018,00002,1,1,2,6,78.0333333333333,1,1,1,1,1,1,QUESO,4208,240,00,UNIDAD,24,.125,0,00, , , , ,230,00,10,00, 
2021,03,APURÍMAC,01,ABANCAY,04,CURAHUASI,15018,00009,2,1,2,6,78.0333333333333,1,1,1,1,1,1,QUESO,4208,120,00,UNIDAD,24,.125,0,00, , , , ,120,00,0,00, 
2021,03,APURÍMAC,01,ABANCAY,04,CURAHUASI,15018,00016,3,1,2,6,78.0333333333333,1,1,1,1,1,1,QUESO,4208,280,00,UNIDAD,24,.2,0,00, , , , ,280,00,0,00, 
2021,03,APURÍMAC,01,ABANCAY,04,CURAHUASI,15018,00023,4,1,2,6,78.0333333333333,1,1,1,1,1,1,QUESO,4208,304,00,UNIDAD,24,.125,0,00, , , , ,270,00,34,00, 
2021,03,APURÍMAC,01,ABANCAY,04,CURAHUASI,15018,00066,9,1,2,6,78.0333333333333,1,1,1,1,1,1,QUESO,4208,400,00,UNIDAD,24,.25,0,00, , , , ,400,00,0,00, 
2021,03,APURÍMAC,01,ABANCAY,04,CURAHUASI,15018,00090,13,1,2,6,78.0333333333333,1,1,1,1,1,1,QUESO,4208,48,00,UNIDAD,24,.125,0,00, , , , ,48,00,0,00, 
2021,03,APURÍMAC,01,ABANCAY,04,CURAHUASI,15018,00098,14,1,2,6,78.0333333333333,1,1,1,1,1,1,QUESO,4208,30,00,UNIDAD,24,.5,0,00, , , , ,30,00,0,00, 
2021,03,APURÍMAC,01,ABANCAY,04,CURAHUASI,15021,00008,1,1,2,6,66.8857142857143,1,1,1,1,1,1,QUESO,4208,264,00,UNIDAD,24,.25,0,00, , , , ,204,00,60,00, 
2021,03,APURÍMAC,01,ABANCAY,04,CURAHUASI,15021,00017,2,1,2,6,66.8857142857143,1,1,1,1,1,1,QUESO,4208,108,00,UNIDAD,24,.25,50,00,5,00,250,20,48,00,10,00, 
2021,03,APURÍMAC,01,ABANCAY,04,CURAHUASI,15021,00028,3,1,2,6,66.8857142857143,1,1,1,1,1,1,QUESO,4208,120,00,KILOGRAMO,12,1,6,00,20,00,120,20,74,00,40,00, 
2021,03,APURÍMAC,01,ABANCAY,04,CURAHUASI,15021,00032,4,1,2,6,66.8857142857143,1,1,1,1,1,1,QUESO,4208,108,00,UNIDAD,24,.25,0,00, , , , ,93,00,15,00, 
2021,03,APURÍMAC,01,ABANCAY,04,CURAHUASI,15021,00057,6,1,2,6,66.8857142857143,1,1,1,1,1,1,QUESO,4208,648,00,UNIDAD,24,.25,0,00, , , , ,618,00,30,00, 
2021,03,APURÍMAC,01,ABANCAY,04,CURAHUASI,15021,00069,7,1,2,6,66.8857142857143,1,1,1,1,1,1,QUESO,4208,96,00,UNIDAD,24,.25,0,00, , , , ,81,00,15,00, 
2021,03,APURÍMAC,01,ABANCAY,01,ABANCAY,15042,00028,4,1,2,6,66.8857142857143,1,1,1,1,1,1,QUESO,4208,44,00,KILOGRAMO,12,1,0,00, , , , ,44,00,0,00, 
2021,03,APURÍMAC,01,ABANCAY,01,ABANCAY,15042,00029,5,1,2,6,66.8857142857143,1,1,1,1,1,1,QUESO,4208,20,00,KILOGRAMO,12,1,0,00, , , , ,20,00,0,00, 
2021,03,APURÍMAC,01,ABANCAY,01,ABANCAY,15042,00049,9,1,2,6,66.8857142857143,1,1,1,1,1,1,QUESO,4208,40,00,KILOGRAMO,12,1,0,00, , , , ,40,00,0,00, 
2021,03,APURÍMAC,01,ABANCAY,01,ABANCAY,15042,00070,11,1,2,6,66.8857142857143,1,1,1,1,1,1,QUESO,4208,200,00,KILOGRAMO,12,1,0,00, , , , ,200,00,0,00, 
2021,03,APURÍMAC,01,ABANCAY,01,ABANCAY,15042,00083,14,1,2,6,66.8857142857143,1,1,1,1,1,1,QUESO,4208,24,00,KILOGRAMO,12,1,0,00, , , , ,24,00,0,00, 
2021,03,APURÍMAC,01,ABANCAY,06,LAMBRAMA,15056,00015,2,1,2,6,66.8857142857143,1,1,1,1,1,1,QUESO,4208,560,00,UNIDAD,24,.25,0,00, , , , ,300,00,260,00, 
2021,03,APURÍMAC,01,ABANCAY,06,LAMBRAMA,15056,00025,4,1,2,6,66.8857142857143,1,1,1,1,1,1,QUESO,4208,200,00,UNIDAD,24,.25,0,00, , , , ,200,00,0,00, 
2021,03,APURÍMAC,01,ABANCAY,06,LAMBRAMA,15056,00048,6,1,2,6,66.8857142857143,1,1,1,1,1,1,QUESO,4208,20,00,UNIDAD,24,1,0,00, , , , ,20,00,0,00, 
2021,03,APURÍMAC,01,ABANCAY,06,LAMBRAMA,15056,00056,7,1,2,6,66.8857142857143,1,1,1,2, ,1,CHARQUI,4211,16,00,KILOGRAMO,12,1,0,00, , , , ,12,00,4,00, 
2021,03,APURÍMAC,01,ABANCAY,06,LAMBRAMA,15056,00066,8,1,2,6,66.8857142857143,1,1,1,"1,3","1,3",1,QUESO,4208,39,00,UNIDAD,24,1,0,00, , , , ,29,00,10,00, 
2021,03,APURÍMAC,01,ABANCAY,06,LAMBRAMA,15056,00066,8,1,2,6,66.8857142857143,1,1,1,2, ,2,CHARQUI,4211,30,00,KILOGRAMO,12,1,0,00, , , , ,30,00,0,00, 
2021,03,APURÍMAC,01,ABANCAY,06,LAMBRAMA,15056,00081,9,1,2,6,66.8857142857143,1,1,1,2, ,1,CHARQUI,4211,10,00,KILOGRAMO,12,1,0,00, , , , ,10,00,0,00, 
2021,03,APURÍMAC,01,ABANCAY,06,LAMBRAMA,15056,00082,10,1,2,6,66.8857142857143,1,1,1,3,3,1,QUESO,4208,10,00,UNIDAD,24,1,0,00, , , , ,6,00,4,00, 
2021,03,APURÍMAC,01,ABANCAY,06,LAMBRAMA,15056,00098,11,1,2,6,66.8857142857143,1,1,1,3,3,2,QUESO,4208,70,00,UNIDAD,24,1,0,00, , , , ,70,00,0,00, 
2021,03,APURÍMAC,01,ABANCAY,06,LAMBRAMA,15056,00098,11,1,2,6,66.8857142857143,1,1,1,2, ,1,CHARQUI,4211,30,00,KILOGRAMO,12,1,30,00,10,00,300,10,0,00,0,00, 
2021,03,APURÍMAC,01,ABANCAY,06,LAMBRAMA,15056,00121,13,1,2,6,66.8857142857143,1,1,1,"1,3","1,3",1,QUESO,4208,42,00,UNIDAD,24,1,0,00, , , , ,38,00,4,00, 
2021,03,APURÍMAC,01,ABANCAY,06,LAMBRAMA,15058,00024,4,1,2,6,66.8857142857143,1,1,1,1,1,1,QUESO,4208,1010,00,UNIDAD,24,.2,840,00,4,00,3360,20,150,00,20,00, 
2021,03,APURÍMAC,01,ABANCAY,06,LAMBRAMA,15058,00036,6,1,2,6,66.8857142857143,1,1,1,1,1,1,QUESO,4208,340,00,UNIDAD,24,.2,0,00, , , , ,200,00,140,00, 
2021,03,APURÍMAC,01,ABANCAY,06,LAMBRAMA,15058,00097,14,1,2,6,66.8857142857143,1,1,1,1,1,1,QUESO,4208,36,00,UNIDAD,24,.4,16,00,5,00,80,12.5,20,00,0,00, 
2021,03,APURÍMAC,01,ABANCAY,07,PICHIRHUA,15062,00001,1,1,2,6,66.8857142857143,1,1,1,"1,3","1,3",1,QUESO,4208,100,00,UNIDAD,24,.5,0,00, , , , ,90,00,10,00, 
2021,03,APURÍMAC,01,ABANCAY,07,PICHIRHUA,15062,00056,6,1,2,6,66.8857142857143,1,1,1,1,1,1,QUESO,4208,100,00,KILOGRAMO,12,1,0,00, , , , ,100,00,0,00, 
2021,03,APURÍMAC,01,ABANCAY,07,PICHIRHUA,15062,00093,10,1,2,6,66.8857142857143,1,1,1,1,1,1,QUESO,4208,350,00,UNIDAD,24,.05,0,00, , , , ,350,00,0,00, 
2021,03,APURÍMAC,01,ABANCAY,07,PICHIRHUA,15062,00118,12,1,2,6,66.8857142857143,1,1,1,1,1,1,YOGURT,4213,100,00,LITRO,14,1,50,00,5,00,250,5,50,00,0,00, 
2021,03,APURÍMAC,01,ABANCAY,07,PICHIRHUA,15062,00118,12,1,2,6,66.8857142857143,1,1,1,1,1,2,QUESO,4208,100,00,KILOGRAMO,12,1,100,00,5,00,500,5,0,00,0,00, 
2021,03,APURÍMAC,01,ABANCAY,07,PICHIRHUA,15062,00123,13,1,2,6,66.8857142857143,1,1,1,1,1,1,QUESO,4208,100,00,KILOGRAMO,12,1,0,00, , , , ,100,00,0,00, 
2021,03,APURÍMAC,01,ABANCAY,07,PICHIRHUA,15069,00001,1,1,2,6,66.8857142857143,1,1,1,1,1,1,QUESO,4208,324,00,UNIDAD,24,.25,100,00,5,00,500,20,204,00,20,00, 
2021,03,APURÍMAC,01,ABANCAY,07,PICHIRHUA,15069,00011,2,1,2,6,66.8857142857143,1,1,1,1, ,1,CHARQUI,4211,20,00,KILOGRAMO,12,1,0,00, , , , ,20,00,0,00, 
2021,03,APURÍMAC,01,ABANCAY,07,PICHIRHUA,15069,00020,3,1,2,6,66.8857142857143,1,1,1,1,1,1,QUESO,4208,534,00,UNIDAD,24,.5,200,00,5,00,1000,10,200,00,134,00, 
2021,03,APURÍMAC,01,ABANCAY,07,PICHIRHUA,15069,00023,4,1,2,6,66.8857142857143,1,1,1,1,1,1,QUESO,4208,35,00,UNIDAD,24,.2,10,00,2,50,25,12.5,20,00,5,00, 
2021,03,APURÍMAC,01,ABANCAY,07,PICHIRHUA,15069,00039,6,1,2,6,66.8857142857143,1,1,1,1,1,1,QUESO,4208,1610,00,UNIDAD,24,.25,1110,00,5,00,5550,20,400,00,100,00, 
2021,03,APURÍMAC,01,ABANCAY,07,PICHIRHUA,15069,00056,7,1,2,6,66.8857142857143,1,1,1,1,1,1,QUESO,4208,360,00,UNIDAD,24,.25,0,00, , , , ,300,00,60,00, 
2021,03,APURÍMAC,01,ABANCAY,07,PICHIRHUA,15069,00060,8,1,2,6,66.8857142857143,1,1,1,1,1,1,QUESO,4208,180,00,UNIDAD,24,.3,0,00, , , , ,170,00,10,00, 
2021,03,APURÍMAC,07,GRAU,03,GAMARRA,15088,00006,1,1,2,6,66.8857142857143,1,1,1,3,3,1,QUESO,4208,15,00,UNIDAD,24,.1,0,00, , , , ,15,00,0,00, 
2021,03,APURÍMAC,07,GRAU,03,GAMARRA,15088,00029,4,1,2,6,66.8857142857143,1,1,1,"1,2", ,1,CHARQUI,4211,45,00,KILOGRAMO,12,1,0,00, , , , ,0,00,45,00, 
2021,03,APURÍMAC,07,GRAU,03,GAMARRA,15088,00049,7,1,2,6,66.8857142857143,1,1,1,1,1,1,QUESO,4208,54,00,UNIDAD,24,.2,0,00, , , , ,54,00,0,00, 
2021,03,APURÍMAC,07,GRAU,03,GAMARRA,15088,00062,9,1,2,6,66.8857142857143,1,1,1,1,1,1,QUESO,4208,175,00,UNIDAD,24,.2,0,00, , , , ,100,00,75,00, 
2021,03,APURÍMAC,07,GRAU,04,HUAYLLATI,15095,00023,2,1,2,6,66.8857142857143,1,1,1,1,1,1,QUESO,4208,30,00,KILOGRAMO,12,1,0,00, , , , ,30,00,0,00, 
2021,03,APURÍMAC,07,GRAU,04,HUAYLLATI,15095,00078,7,1,2,6,66.8857142857143,1,1,1,1,1,1,QUESO,4208,40,00,KILOGRAMO,12,1,0,00, , , , ,40,00,0,00, 
2021,03,APURÍMAC,07,GRAU,10,SANTA ROSA,15112,00029,3,1,2,6,66.8857142857143,1,1,1,1,1,1,QUESO,4208,32,00,UNIDAD,24,.25,0,00, , , , ,17,00,15,00, 
2021,03,APURÍMAC,07,GRAU,10,SANTA ROSA,15112,00070,7,1,2,6,66.8857142857143,1,1,1,1,1,1,QUESO,4208,280,00,UNIDAD,24,.25,0,00, , , , ,280,00,0,00, 
2021,03,APURÍMAC,07,GRAU,10,SANTA ROSA,15112,00070,7,1,2,6,66.8857142857143,1,1,1,1, ,2,CHARQUI,4211,150,00,KILOGRAMO,12,1,0,00, , , , ,120,00,30,00, 
2021,03,APURÍMAC,07,GRAU,10,SANTA ROSA,15112,00093,9,1,2,6,66.8857142857143,1,1,1,1,1,1,QUESO,4208,152,00,UNIDAD,24,.25,0,00, , , , ,152,00,0,00, 
2021,03,APURÍMAC,07,GRAU,10,SANTA ROSA,15112,00104,10,1,2,6,66.8857142857143,1,1,1,2, ,2,CHARQUI,4211,150,00,KILOGRAMO,12,1,0,00, , , , ,100,00,50,00, 
2021,03,APURÍMAC,07,GRAU,10,SANTA ROSA,15112,00104,10,1,2,6,66.8857142857143,1,1,1,1,1,1,QUESO,4208,40,00,UNIDAD,24,.25,0,00, , , , ,40,00,0,00, 
2021,03,APURÍMAC,07,GRAU,10,SANTA ROSA,15112,00114,12,1,2,6,66.8857142857143,1,1,1,2, ,2,CHARQUI,4211,25,00,KILOGRAMO,12,1,0,00, , , , ,25,00,0,00, 
2021,03,APURÍMAC,07,GRAU,10,SANTA ROSA,15112,00114,12,1,2,6,66.8857142857143,1,1,1,1,1,1,QUESO,4208,22,00,UNIDAD,24,.25,0,00, , , , ,22,00,0,00, 
2021,03,APURÍMAC,07,GRAU,10,SANTA ROSA,15112,00125,13,1,2,6,66.8857142857143,1,1,1,2, ,1,CHARQUI,4211,20,00,KILOGRAMO,12,1,0,00, , , , ,15,00,5,00, 
2021,03,APURÍMAC,07,GRAU,10,SANTA ROSA,15112,00137,14,1,2,6,66.8857142857143,1,1,1,2, ,1,CHARQUI,4211,30,00,KILOGRAMO,12,1,0,00, , , , ,20,00,10,00, 
2021,03,APURÍMAC,07,GRAU,01,CHUQUIBAMBILLA,15118,00022,3,1,2,6,78.0333333333333,1,1,1,1,1,1,QUESO,4208,803,00,KILOGRAMO,12,1,703,00,25,00,17575,25,100,00,0,00, 
2021,03,APURÍMAC,07,GRAU,01,CHUQUIBAMBILLA,15118,00028,5,1,2,6,78.0333333333333,1,1,1,1,1,1,QUESO,4208,24,00,KILOGRAMO,12,1,0,00, , , , ,24,00,0,00, 
2021,03,APURÍMAC,07,GRAU,01,CHUQUIBAMBILLA,15118,00034,6,1,2,6,78.0333333333333,1,1,1,1,1,1,QUESO,4208,42,00,KILOGRAMO,12,1,0,00, , , , ,42,00,0,00, 
2021,03,APURÍMAC,07,GRAU,01,CHUQUIBAMBILLA,15118,00049,8,1,2,6,78.0333333333333,1,1,1,1,1,1,QUESO,4208,150,00,KILOGRAMO,12,1,0,00, , , , ,150,00,0,00, 
2021,03,APURÍMAC,07,GRAU,01,CHUQUIBAMBILLA,15118,00074,13,1,2,6,78.0333333333333,1,1,1,1,1,1,QUESO,4208,10,00,KILOGRAMO,12,1,0,00, , , , ,10,00,0,00, 
2021,03,APURÍMAC,07,GRAU,13,VIRUNDO,15135,00066,10,1,2,6,66.8857142857143,1,1,1,2, ,1,CHARQUI,4211,15,00,KILOGRAMO,12,1,0,00, , , , ,8,00,7,00, 
2021,03,APURÍMAC,07,GRAU,13,VIRUNDO,15135,00073,11,1,2,6,66.8857142857143,1,1,1,6, ,1,CHARQUI,4211,7,00,KILOGRAMO,12,1,0,00, , , , ,7,00,0,00, 
2021,03,APURÍMAC,07,GRAU,13,VIRUNDO,15135,00081,13,1,2,6,66.8857142857143,1,1,1,1,1,1,QUESO,4208,30,00,UNIDAD,24,.1,20,00,1,00,20,10,10,00,0,00, 
2021,03,APURÍMAC,05,COTABAMBAS,02,COTABAMBAS,15142,00003,1,1,2,6,66.8857142857143,1,1,1,1,1,1,QUESO,4208,240,00,UNIDAD,24,.25,0,00, , , , ,240,00,0,00, 
2021,03,APURÍMAC,05,COTABAMBAS,02,COTABAMBAS,15142,00050,7,1,2,6,66.8857142857143,1,0,1,1,1,1,QUESO,4208,30,00,UNIDAD,24,.5,0,00, , , , ,30,00,0,00, 
2021,03,APURÍMAC,05,COTABAMBAS,02,COTABAMBAS,15142,00094,12,1,2,6,66.8857142857143,1,1,1,1,1,1,QUESO,4208,240,00,UNIDAD,24,.25,0,00, , , , ,240,00,0,00, 
2021,03,APURÍMAC,05,COTABAMBAS,02,COTABAMBAS,15142,00109,14,1,2,6,66.8857142857143,1,1,1,1,1,1,QUESO,4208,80,00,UNIDAD,24,.5,0,00, , , , ,80,00,0,00, 
2021,03,APURÍMAC,05,COTABAMBAS,02,COTABAMBAS,15147,00003,1,1,2,6,66.8857142857143,1,1,1,1,1,1,QUESO,4208,96,00,UNIDAD,24,.5,60,00,10,00,600,20,30,00,6,00, 
2021,03,APURÍMAC,05,COTABAMBAS,02,COTABAMBAS,15147,00014,3,1,2,6,66.8857142857143,1,1,1,1,1,1,QUESO,4208,62,00,UNIDAD,24,1,50,00,18,00,900,18,12,00,0,00, 
2021,03,APURÍMAC,05,COTABAMBAS,02,COTABAMBAS,15147,00056,9,1,2,6,66.8857142857143,1,1,1,2, ,1,CHARQUI,4211,15,00,KILOGRAMO,12,1,0,00, , , , ,15,00,0,00, 
2021,03,APURÍMAC,05,COTABAMBAS,02,COTABAMBAS,15147,00069,11,1,2,6,66.8857142857143,1,1,1,1,1,1,QUESO,4208,120,00,UNIDAD,24,.333,100,00,6,00,600,18.018,20,00,0,00, 
2021,03,APURÍMAC,05,COTABAMBAS,01,TAMBOBAMBA,15148,00049,7,1,2,6,66.8857142857143,1,1,1,1,1,1,QUESO,4208,78,00,UNIDAD,24,.3,0,00, , , , ,60,00,18,00, 
2021,03,APURÍMAC,05,COTABAMBAS,01,TAMBOBAMBA,15148,00058,8,1,2,6,66.8857142857143,1,1,1,2, ,1,CHARQUI,4211,20,00,KILOGRAMO,12,1,0,00, , , , ,15,00,5,00, 
2021,03,APURÍMAC,05,COTABAMBAS,01,TAMBOBAMBA,15148,00078,12,1,2,6,66.8857142857143,1,1,1,1,1,1,QUESO,4208,60,00,UNIDAD,24,.3,0,00, , , , ,40,00,20,00, 
2021,03,APURÍMAC,05,COTABAMBAS,01,TAMBOBAMBA,15148,00086,13,1,2,6,66.8857142857143,1,1,1,2, ,1,CHARQUI,4211,15,00,KILOGRAMO,12,1,0,00, , , , ,15,00,0,00, 
2021,03,APURÍMAC,05,COTABAMBAS,01,TAMBOBAMBA,15148,00087,14,1,2,6,66.8857142857143,1,1,1,1,1,1,QUESO,4208,120,00,UNIDAD,24,.35,100,00,3,50,350,10,20,00,0,00, 
2021,03,APURÍMAC,05,COTABAMBAS,01,TAMBOBAMBA,15152,00040,4,1,2,6,66.8857142857143,1,1,1,1,1,1,QUESO,4208,152,00,UNIDAD,24,.25,0,00, , , , ,132,00,20,00, 
2021,03,APURÍMAC,05,COTABAMBAS,01,TAMBOBAMBA,15152,00089,11,1,2,6,66.8857142857143,1,1,1,2, ,1,CHARQUI,4211,4,00,KILOGRAMO,12,1,0,00, , , , ,3,00,1,00, 
2021,03,APURÍMAC,05,COTABAMBAS,01,TAMBOBAMBA,15155,00097,14,1,2,6,78.0333333333333,1,1,1,1,1,1,QUESO,4208,135,00,UNIDAD,24,.35,100,00,3,50,350,10,20,00,15,00, 
2021,03,APURÍMAC,05,COTABAMBAS,01,TAMBOBAMBA,15165,00017,3,1,2,6,72.0307692307692,1,1,1,2, ,1,CHARQUI,4211,15,00,KILOGRAMO,12,1,0,00, , , , ,15,00,0,00, 
2021,03,APURÍMAC,05,COTABAMBAS,01,TAMBOBAMBA,15165,00039,5,1,2,6,72.0307692307692,1,1,1,1,1,1,QUESO,4208,270,00,UNIDAD,24,.25,0,00, , , , ,200,00,70,00, 
2021,03,APURÍMAC,05,COTABAMBAS,01,TAMBOBAMBA,15165,00051,6,1,2,6,72.0307692307692,1,1,1,5, ,1,CHARQUI,4211,10,00,KILOGRAMO,12,1,0,00, , , , ,10,00,0,00, 
2021,03,APURÍMAC,05,COTABAMBAS,01,TAMBOBAMBA,15165,00063,7,1,2,6,72.0307692307692,1,1,1,1,1,1,QUESO,4208,150,00,UNIDAD,24,.4,0,00, , , , ,150,00,0,00, 
2021,03,APURÍMAC,05,COTABAMBAS,01,TAMBOBAMBA,15165,00108,12,1,2,6,72.0307692307692,1,1,1,"1,2", ,2,CHARQUI,4211,147,00,KILOGRAMO,12,1,0,00, , , , ,147,00,0,00, 
2021,03,APURÍMAC,05,COTABAMBAS,01,TAMBOBAMBA,15165,00108,12,1,2,6,72.0307692307692,1,1,1,1,1,1,QUESO,4208,180,00,KILOGRAMO,12,1,0,00, , , , ,180,00,0,00, 
2021,03,APURÍMAC,05,COTABAMBAS,01,TAMBOBAMBA,15165,00120,13,1,2,6,72.0307692307692,1,1,1,5, ,1,CHARQUI,4211,20,00,KILOGRAMO,12,1,0,00, , , , ,20,00,0,00, 
2021,03,APURÍMAC,05,COTABAMBAS,06,CHALLHUAHUACHO,15189,00009,1,1,2,6,66.8857142857143,1,1,1,1,1,1,QUESO,4208,160,00,UNIDAD,24,.25,0,00, , , , ,160,00,0,00, 
2021,03,APURÍMAC,05,COTABAMBAS,06,CHALLHUAHUACHO,15189,00009,1,1,2,6,66.8857142857143,1,1,1,2, ,2,CHARQUI,4211,50,00,KILOGRAMO,12,1,0,00, , , , ,50,00,0,00, 
2021,03,APURÍMAC,05,COTABAMBAS,06,CHALLHUAHUACHO,15189,00026,2,1,2,6,66.8857142857143,1,1,1,2, ,1,CHARQUI,4211,60,00,KILOGRAMO,12,1,0,00, , , , ,40,00,20,00, 
2021,03,APURÍMAC,05,COTABAMBAS,06,CHALLHUAHUACHO,15189,00041,3,1,2,6,66.8857142857143,1,1,1,2, ,1,CHARQUI,4211,35,00,KILOGRAMO,12,1,0,00, , , , ,35,00,0,00, 
2021,03,APURÍMAC,05,COTABAMBAS,06,CHALLHUAHUACHO,15189,00050,4,1,2,6,66.8857142857143,1,1,1,2, ,1,CHARQUI,4211,30,00,KILOGRAMO,12,1,0,00, , , , ,20,00,10,00, 
2021,03,APURÍMAC,05,COTABAMBAS,06,CHALLHUAHUACHO,15189,00064,5,1,2,6,66.8857142857143,1,1,1,2, ,1,CHARQUI,4211,4,00,KILOGRAMO,12,1,0,00, , , , ,4,00,0,00, 
2021,03,APURÍMAC,05,COTABAMBAS,06,CHALLHUAHUACHO,15189,00077,6,1,2,6,66.8857142857143,1,1,1,2, ,1,CHARQUI,4211,62,00,KILOGRAMO,12,1,0,00, , , , ,40,00,22,00, 
2021,03,APURÍMAC,05,COTABAMBAS,06,CHALLHUAHUACHO,15189,00108,8,1,2,6,66.8857142857143,1,1,1,"2,5", ,1,CHARQUI,4211,12,00,KILOGRAMO,12,1,0,00, , , , ,12,00,0,00, 
2021,03,APURÍMAC,05,COTABAMBAS,06,CHALLHUAHUACHO,15189,00125,9,1,2,6,66.8857142857143,1,1,1,2, ,1,CHARQUI,4211,20,00,KILOGRAMO,12,1,0,00, , , , ,20,00,0,00, 
2021,03,APURÍMAC,05,COTABAMBAS,06,CHALLHUAHUACHO,15189,00137,10,1,2,6,66.8857142857143,1,1,1,2, ,1,CHARQUI,4211,18,00,KILOGRAMO,12,1,0,00, , , , ,10,00,8,00, 
2021,03,APURÍMAC,05,COTABAMBAS,06,CHALLHUAHUACHO,15189,00150,11,1,2,6,66.8857142857143,1,1,1,2, ,1,CHARQUI,4211,18,00,KILOGRAMO,12,1,0,00, , , , ,18,00,0,00, 
2021,03,APURÍMAC,05,COTABAMBAS,06,CHALLHUAHUACHO,15189,00163,13,1,2,6,66.8857142857143,1,1,1,"1,2", ,1,CHARQUI,4211,65,00,KILOGRAMO,12,1,0,00, , , , ,65,00,0,00, 
2021,03,APURÍMAC,05,COTABAMBAS,05,MARA,15203,00086,10,1,2,6,72.0307692307692,1,1,1,1,1,1,QUESO,4208,20,00,KILOGRAMO,12,1,0,00, , , , ,20,00,0,00, 
2021,03,APURÍMAC,05,COTABAMBAS,04,HAQUIRA,15209,00086,11,1,2,6,66.8857142857143,1,1,1,1, ,1,CHARQUI,4211,10,00,KILOGRAMO,12,1,0,00, , , , ,10,00,0,00, 
2021,03,APURÍMAC,05,COTABAMBAS,04,HAQUIRA,15218,00003,1,1,2,6,66.8857142857143,1,1,1,2, ,1,CHARQUI,4211,60,00,KILOGRAMO,12,1,0,00, , , , ,60,00,0,00, 
2021,03,APURÍMAC,05,COTABAMBAS,04,HAQUIRA,15218,00008,2,1,2,6,66.8857142857143,1,1,1,2, ,1,CHARQUI,4211,16,00,KILOGRAMO,12,1,0,00, , , , ,16,00,0,00, 
2021,03,APURÍMAC,05,COTABAMBAS,04,HAQUIRA,15218,00014,3,1,2,6,66.8857142857143,1,1,1,2, ,1,CHARQUI,4211,10,00,KILOGRAMO,12,1,0,00, , , , ,10,00,0,00, 
2021,03,APURÍMAC,05,COTABAMBAS,04,HAQUIRA,15218,00028,5,1,2,6,66.8857142857143,1,1,1,2, ,1,CHARQUI,4211,4,00,KILOGRAMO,12,1,0,00, , , , ,4,00,0,00, 
2021,03,APURÍMAC,05,COTABAMBAS,04,HAQUIRA,15218,00036,7,1,2,6,66.8857142857143,1,1,1,2, ,1,CHARQUI,4211,7,00,KILOGRAMO,12,1,0,00, , , , ,3,00,4,00, 
2021,03,APURÍMAC,05,COTABAMBAS,04,HAQUIRA,15218,00045,8,1,2,6,66.8857142857143,1,1,1,2, ,1,CHARQUI,4211,12,00,KILOGRAMO,12,1,0,00, , , , ,12,00,0,00, 
2021,03,APURÍMAC,05,COTABAMBAS,04,HAQUIRA,15218,00055,10,1,2,6,66.8857142857143,1,1,1,1, ,2,CHARQUI,4211,85,00,KILOGRAMO,12,1,0,00, , , , ,85,00,0,00, 
2021,03,APURÍMAC,05,COTABAMBAS,04,HAQUIRA,15218,00055,10,1,2,6,66.8857142857143,1,1,1,1,1,1,QUESO,4208,87,00,UNIDAD,24,.6,70,00,10,00,700,16.6667,17,00,0,00, 
2021,03,APURÍMAC,05,COTABAMBAS,04,HAQUIRA,15218,00060,11,1,2,6,66.8857142857143,1,1,1,2, ,1,CHARQUI,4211,8,00,KILOGRAMO,12,1,0,00, , , , ,8,00,0,00, 
2021,03,APURÍMAC,05,COTABAMBAS,04,HAQUIRA,15218,00067,12,1,2,6,66.8857142857143,1,1,1,2, ,1,CHARQUI,4211,4,00,KILOGRAMO,12,1,0,00, , , , ,4,00,0,00, 
2021,03,APURÍMAC,05,COTABAMBAS,04,HAQUIRA,15218,00073,14,1,2,6,66.8857142857143,1,1,1,2, ,1,CHARQUI,4211,18,00,KILOGRAMO,12,1,0,00, , , , ,18,00,0,00, 
2021,03,APURÍMAC,03,ANTABAMBA,01,ANTABAMBA,15243,00017,2,1,2,6,66.8857142857143,1,1,1,1,1,1,QUESO,4208,280,00,UNIDAD,24,1,200,00,10,00,2000,10,20,00,60,00, 
2021,03,APURÍMAC,03,ANTABAMBA,01,ANTABAMBA,15243,00022,3,1,2,6,66.8857142857143,1,1,1,1,1,1,QUESO,4208,240,00,UNIDAD,24,.5,140,00,12,00,1680,24,100,00,0,00, 
2021,03,APURÍMAC,03,ANTABAMBA,01,ANTABAMBA,15243,00049,8,1,2,6,66.8857142857143,1,1,1,1,1,1,QUESO,4208,210,00,UNIDAD,24,.5,100,00,10,00,1000,20,90,00,20,00, 
2021,03,APURÍMAC,03,ANTABAMBA,01,ANTABAMBA,15243,00058,9,1,2,6,66.8857142857143,1,1,1,1,1,1,QUESO,4208,150,00,UNIDAD,24,.05,0,00, , , , ,150,00,0,00, 
2021,03,APURÍMAC,03,ANTABAMBA,01,ANTABAMBA,15243,00082,13,1,2,6,66.8857142857143,1,1,1,1,1,1,QUESO,4208,240,00,UNIDAD,24,.25,0,00, , , , ,40,00,200,00, 
2021,03,APURÍMAC,03,ANTABAMBA,01,ANTABAMBA,15243,00083,14,1,2,6,66.8857142857143,1,1,1,1,1,1,QUESO,4208,120,00,UNIDAD,24,1,0,00, , , , ,120,00,0,00, 
2021,03,APURÍMAC,03,ANTABAMBA,01,ANTABAMBA,15245,00016,2,1,2,6,66.8857142857143,1,1,1,1,1,1,QUESO,4208,140,00,MOLDE,41,.8,0,00, , , , ,140,00,0,00, 
2021,03,APURÍMAC,03,ANTABAMBA,01,ANTABAMBA,15245,00021,3,1,2,6,66.8857142857143,1,1,1,1,1,1,QUESO,4208,80,00,UNIDAD,24,.5,50,00,10,00,500,20,30,00,0,00, 
2021,03,APURÍMAC,03,ANTABAMBA,01,ANTABAMBA,15245,00032,4,1,2,6,66.8857142857143,1,1,1,1,1,1,QUESO,4208,310,00,UNIDAD,24,.5,50,00,10,00,500,20,260,00,0,00, 
2021,03,APURÍMAC,03,ANTABAMBA,01,ANTABAMBA,15245,00081,8,1,2,6,66.8857142857143,1,1,1,6, ,1,CHARQUI,4211,10,00,KILOGRAMO,12,1,0,00, , , , ,10,00,0,00, 
2021,03,APURÍMAC,03,ANTABAMBA,04,JUAN ESPINOZA MEDRANO,15248,00010,1,1,2,6,72.0307692307692,1,1,1,1,1,1,QUESO,4208,60,00,UNIDAD,24,.5,0,00, , , , ,50,00,10,00, 
2021,03,APURÍMAC,03,ANTABAMBA,04,JUAN ESPINOZA MEDRANO,15248,00045,5,1,2,6,72.0307692307692,1,1,1,1,1,1,QUESO,4208,130,00,UNIDAD,24,.5,30,00,10,00,300,20,80,00,20,00, 
2021,03,APURÍMAC,03,ANTABAMBA,04,JUAN ESPINOZA MEDRANO,15248,00067,7,1,2,6,72.0307692307692,1,1,1,1,1,1,QUESO,4208,36,00,UNIDAD,24,.5,0,00, , , , ,36,00,0,00, 
2021,03,APURÍMAC,03,ANTABAMBA,04,JUAN ESPINOZA MEDRANO,15248,00077,8,1,2,6,72.0307692307692,1,1,1,1,1,1,QUESO,4208,100,00,UNIDAD,24,.7,60,00,12,00,720,17.1429,40,00,0,00, 
2021,03,APURÍMAC,03,ANTABAMBA,04,JUAN ESPINOZA MEDRANO,15248,00087,9,1,2,6,72.0307692307692,1,1,1,1,1,1,QUESO,4208,70,00,UNIDAD,24,.7,20,00,12,00,240,17.1429,50,00,0,00, 
2021,03,APURÍMAC,03,ANTABAMBA,04,JUAN ESPINOZA MEDRANO,15248,00124,13,1,2,6,72.0307692307692,1,1,1,1,1,1,QUESO,4208,50,00,UNIDAD,24,.5,20,00,12,00,240,24,30,00,0,00, 
2021,03,APURÍMAC,03,ANTABAMBA,04,JUAN ESPINOZA MEDRANO,15248,00131,14,1,2,6,72.0307692307692,1,1,1,1,1,1,QUESO,4208,50,00,UNIDAD,24,.5,0,00, , , , ,50,00,0,00, 
2021,03,APURÍMAC,03,ANTABAMBA,04,JUAN ESPINOZA MEDRANO,15251,00006,1,1,2,6,66.8857142857143,1,1,1,1,1,1,QUESO,4208,100,00,UNIDAD,24,.24,0,00, , , , ,70,00,30,00, 
2021,03,APURÍMAC,03,ANTABAMBA,04,JUAN ESPINOZA MEDRANO,15251,00006,1,1,2,6,66.8857142857143,1,1,1,1, ,2,CHARQUI,4211,280,00,KILOGRAMO,12,1,0,00, , , , ,200,00,80,00, 
2021,03,APURÍMAC,03,ANTABAMBA,04,JUAN ESPINOZA MEDRANO,15251,00023,3,1,2,6,66.8857142857143,1,1,1,1,1,1,QUESO,4208,280,00,UNIDAD,24,.25,0,00, , , , ,280,00,0,00, 
2021,03,APURÍMAC,03,ANTABAMBA,04,JUAN ESPINOZA MEDRANO,15251,00024,4,1,2,6,66.8857142857143,1,1,1,1,1,1,QUESO,4208,52,00,UNIDAD,24,.25,0,00, , , , ,30,00,22,00, 
2021,03,APURÍMAC,03,ANTABAMBA,04,JUAN ESPINOZA MEDRANO,15251,00035,5,1,2,6,66.8857142857143,1,1,1,1,1,1,QUESO,4208,160,00,UNIDAD,24,.25,0,00, , , , ,160,00,0,00, 
2021,03,APURÍMAC,03,ANTABAMBA,04,JUAN ESPINOZA MEDRANO,15251,00044,6,1,2,6,66.8857142857143,1,1,1,6, ,2,CHARQUI,4211,45,00,KILOGRAMO,12,1,0,00, , , , ,20,00,25,00, 
2021,03,APURÍMAC,03,ANTABAMBA,04,JUAN ESPINOZA MEDRANO,15251,00044,6,1,2,6,66.8857142857143,1,1,1,1,1,1,QUESO,4208,160,00,UNIDAD,24,.26,0,00, , , , ,160,00,0,00, 
2021,03,APURÍMAC,03,ANTABAMBA,04,JUAN ESPINOZA MEDRANO,15251,00051,7,1,2,6,66.8857142857143,1,1,1,"1,6", ,2,CHARQUI,4211,60,00,KILOGRAMO,12,1,50,00,25,00,1250,25,10,00,0,00, 
2021,03,APURÍMAC,03,ANTABAMBA,04,JUAN ESPINOZA MEDRANO,15251,00051,7,1,2,6,66.8857142857143,1,1,1,1,1,1,QUESO,4208,560,00,UNIDAD,24,.5,300,00,4,00,1200,8,200,00,60,00, 
2021,03,APURÍMAC,03,ANTABAMBA,04,JUAN ESPINOZA MEDRANO,15251,00067,9,1,2,6,66.8857142857143,1,1,1,1,1,1,QUESO,4208,600,00,UNIDAD,24,.24,0,00, , , , ,500,00,100,00, 
2021,03,APURÍMAC,03,ANTABAMBA,04,JUAN ESPINOZA MEDRANO,15251,00073,10,1,2,6,66.8857142857143,1,1,1,2, ,2,CHARQUI,4211,30,00,KILOGRAMO,12,1,0,00, , , , ,20,00,10,00, 
2021,03,APURÍMAC,03,ANTABAMBA,04,JUAN ESPINOZA MEDRANO,15251,00073,10,1,2,6,66.8857142857143,1,1,1,1,1,1,QUESO,4208,100,00,UNIDAD,24,.25,0,00, , , , ,60,00,40,00, 
2021,03,APURÍMAC,03,ANTABAMBA,04,JUAN ESPINOZA MEDRANO,15251,00077,11,1,2,6,66.8857142857143,1,1,1,"2,6", ,1,CHARQUI,4211,60,00,KILOGRAMO,12,1,0,00, , , , ,20,00,40,00, 
2021,03,APURÍMAC,03,ANTABAMBA,04,JUAN ESPINOZA MEDRANO,15251,00095,13,1,2,6,66.8857142857143,1,1,1,1, ,1,CHARQUI,4211,250,00,KILOGRAMO,12,1,0,00, , , , ,100,00,150,00, 
2021,03,APURÍMAC,03,ANTABAMBA,04,JUAN ESPINOZA MEDRANO,15251,00096,14,1,2,6,66.8857142857143,1,1,1,"2,5,6", ,2,CHARQUI,4211,80,00,KILOGRAMO,12,1,0,00, , , , ,50,00,30,00, 
2021,03,APURÍMAC,03,ANTABAMBA,04,JUAN ESPINOZA MEDRANO,15251,00096,14,1,2,6,66.8857142857143,1,1,1,1,1,1,QUESO,4208,120,00,UNIDAD,24,.24,0,00, , , , ,100,00,20,00, 
2021,03,APURÍMAC,03,ANTABAMBA,04,JUAN ESPINOZA MEDRANO,15252,00008,1,1,2,6,85.1272727272727,1,1,1,1,1,1,QUESO,4208,228,00,MOLDE,41,1,200,00,18,00,3600,18,28,00,0,00, 
2021,03,APURÍMAC,03,ANTABAMBA,04,JUAN ESPINOZA MEDRANO,15252,00023,3,1,2,6,85.1272727272727,1,1,1,6, ,1,CHARQUI,4211,40,00,KILOGRAMO,12,1,0,00, , , , ,30,00,10,00, 
2021,03,APURÍMAC,03,ANTABAMBA,04,JUAN ESPINOZA MEDRANO,15252,00052,6,1,2,6,85.1272727272727,1,1,1,6, ,1,CHARQUI,4211,60,00,KILOGRAMO,12,1,0,00, , , , ,60,00,0,00, 
2021,03,APURÍMAC,03,ANTABAMBA,04,JUAN ESPINOZA MEDRANO,15252,00059,7,1,2,6,85.1272727272727,1,1,1,6, ,1,CHARQUI,4211,28,00,KILOGRAMO,12,1,0,00, , , , ,26,00,2,00, 
2021,03,APURÍMAC,03,ANTABAMBA,04,JUAN ESPINOZA MEDRANO,15252,00063,8,1,2,6,85.1272727272727,1,1,1,"2,6", ,1,CHARQUI,4211,30,00,KILOGRAMO,12,1,0,00, , , , ,10,00,20,00, 
2021,03,APURÍMAC,03,ANTABAMBA,04,JUAN ESPINOZA MEDRANO,15252,00085,10,1,2,6,85.1272727272727,1,1,1,1,1,1,QUESO,4208,80,00,MOLDE,41,1,50,00,15,00,750,15,10,00,20,00, 
2021,03,APURÍMAC,03,ANTABAMBA,04,JUAN ESPINOZA MEDRANO,15252,00097,12,1,2,6,85.1272727272727,1,1,1,1,1,2,QUESO,4208,180,00,UNIDAD,24,.333,0,00, , , , ,180,00,0,00, 
2021,03,APURÍMAC,03,ANTABAMBA,04,JUAN ESPINOZA MEDRANO,15252,00097,12,1,2,6,85.1272727272727,1,1,1,1, ,1,CHARQUI,4211,80,00,KILOGRAMO,12,1,0,00, , , , ,80,00,0,00, 
2021,03,APURÍMAC,03,ANTABAMBA,04,JUAN ESPINOZA MEDRANO,15252,00100,13,1,2,6,85.1272727272727,1,1,1,6, ,1,CHARQUI,4211,45,00,KILOGRAMO,12,1,0,00, , , , ,30,00,15,00, 
2021,08,CUSCO,09,LA CONVENCIÓN,09,VILCABAMBA,15513,00014,2,1,2,6,139.635714285714,1,1,1,1, ,1,CHARQUI,4211,100,00,KILOGRAMO,12,1,0,00, , , , ,80,00,20,00, 
2021,08,CUSCO,09,LA CONVENCIÓN,09,VILCABAMBA,15513,00014,2,1,2,6,139.635714285714,1,1,1,1,1,2,QUESO,4208,95,00,MOLDE,41,.5,10,00,6,00,60,12,70,00,15,00, 
2021,08,CUSCO,09,LA CONVENCIÓN,09,VILCABAMBA,15513,00049,5,1,2,6,139.635714285714,1,1,1,1,1,1,QUESO,4208,40,00,UNIDAD,24,.25,0,00, , , , ,30,00,10,00, 
2021,08,CUSCO,09,LA CONVENCIÓN,09,VILCABAMBA,15513,00062,6,1,2,6,139.635714285714,1,1,1,1,1,1,QUESO,4208,5,00,UNIDAD,24,.45,0,00, , , , ,5,00,0,00, 
2021,08,CUSCO,09,LA CONVENCIÓN,09,VILCABAMBA,15513,00107,11,1,2,6,139.635714285714,1,1,1,1,1,1,QUESO,4208,28,00,UNIDAD,24,.25,0,00, , , , ,25,00,3,00, 
2021,08,CUSCO,09,LA CONVENCIÓN,09,VILCABAMBA,15513,00120,12,1,2,6,139.635714285714,1,1,1,1, ,1,CHARQUI,4211,20,00,KILOGRAMO,12,1,0,00, , , , ,20,00,0,00, 
2021,08,CUSCO,09,LA CONVENCIÓN,09,VILCABAMBA,15513,00132,13,1,2,6,139.635714285714,1,1,1,1, ,1,CHARQUI,4211,40,00,KILOGRAMO,12,1,0,00, , , , ,40,00,0,00, 
2021,08,CUSCO,03,ANTA,02,ANCAHUASI,15571,00012,2,1,2,6,139.635714285714,1,1,1,1,1,1,QUESO,4208,30,00,UNIDAD,24,1,0,00, , , , ,30,00,0,00, 
2021,08,CUSCO,03,ANTA,02,ANCAHUASI,15571,00012,2,1,2,6,139.635714285714,1,1,1,1,1,2,YOGURT,4213,110,00,LITRO,14,1,0,00, , , , ,110,00,0,00, 
2021,08,CUSCO,03,ANTA,02,ANCAHUASI,15571,00068,9,1,2,6,139.635714285714,1,1,1,1,1,1,QUESO,4208,20,00,UNIDAD,24,1,0,00, , , , ,20,00,0,00, 
2021,08,CUSCO,03,ANTA,02,ANCAHUASI,15571,00091,11,1,2,6,139.635714285714,1,1,1,2, ,1,CHARQUI,4211,20,00,KILOGRAMO,12,1,0,00, , , , ,15,00,5,00, 
2021,08,CUSCO,03,ANTA,02,ANCAHUASI,15571,00104,12,1,2,6,139.635714285714,1,1,1,1,1,1,QUESO,4208,60,00,UNIDAD,24,.5,0,00, , , , ,60,00,0,00, 
2021,08,CUSCO,03,ANTA,02,ANCAHUASI,15571,00112,13,1,2,6,139.635714285714,1,1,1,1,1,1,QUESO,4208,12,50,KILOGRAMO,12,1,0,00, , , , ,12,50,0,00, 
2021,08,CUSCO,03,ANTA,02,ANCAHUASI,15571,00119,14,1,2,6,139.635714285714,1,1,1,1,1,1,QUESO,4208,28,00,KILOGRAMO,12,1,0,00, , , , ,28,00,0,00, 
2021,08,CUSCO,03,ANTA,02,ANCAHUASI,15577,00044,6,1,2,6,139.635714285714,1,1,1,1,1,1,QUESO,4208,60,00,KILOGRAMO,12,1,5,00,10,00,50,10,55,00,0,00, 
2021,08,CUSCO,03,ANTA,02,ANCAHUASI,15577,00055,7,1,2,6,139.635714285714,1,1,1,1,1,1,QUESO,4208,176,00,KILOGRAMO,12,1,0,00, , , , ,166,00,10,00, 
2021,08,CUSCO,03,ANTA,02,ANCAHUASI,15577,00086,12,1,2,6,139.635714285714,1,1,1,1,1,1,QUESO,4208,90,00,KILOGRAMO,12,1,0,00, , , , ,90,00,0,00, 
2021,08,CUSCO,03,ANTA,09,ZURITE,15581,00007,1,1,2,6,139.635714285714,1,1,1,1,1,1,QUESO,4208,12,00,KILOGRAMO,12,1,0,00, , , , ,12,00,0,00, 
2021,08,CUSCO,03,ANTA,09,ZURITE,15581,00024,2,1,2,6,139.635714285714,1,1,1,1,1,1,QUESO,4208,32,00,KILOGRAMO,12,1,0,00, , , , ,25,00,7,00, 
2021,08,CUSCO,03,ANTA,09,ZURITE,15581,00032,3,1,2,6,139.635714285714,1,1,1,1,1,1,QUESO,4208,24,00,KILOGRAMO,12,1,0,00, , , , ,22,00,2,00, 
2021,08,CUSCO,03,ANTA,09,ZURITE,15581,00042,6,1,2,6,139.635714285714,1,1,1,1,1,1,QUESO,4208,34,00,KILOGRAMO,12,1,0,00, , , , ,30,00,4,00, 
2021,08,CUSCO,03,ANTA,09,ZURITE,15581,00106,10,1,2,6,139.635714285714,1,1,1,1,1,1,QUESO,4208,30,00,KILOGRAMO,12,1,0,00, , , , ,25,00,5,00, 
2021,08,CUSCO,03,ANTA,05,HUAROCONDO,15608,00019,3,1,2,6,162.908333333333,1,1,1,1,1,1,QUESO,4208,360,00,UNIDAD,24,.25,300,00,3,50,1050,14,50,00,10,00, 
2021,08,CUSCO,03,ANTA,05,HUAROCONDO,15608,00042,6,1,2,6,162.908333333333,1,1,1,"1,2", ,2,CHARQUI,4211,60,00,KILOGRAMO,12,1,0,00, , , , ,60,00,0,00, 
2021,08,CUSCO,03,ANTA,05,HUAROCONDO,15608,00042,6,1,2,6,162.908333333333,1,1,1,1,1,1,QUESO,4208,42,00,UNIDAD,24,.5,0,00, , , , ,42,00,0,00, 
2021,08,CUSCO,03,ANTA,05,HUAROCONDO,15608,00052,7,1,2,6,162.908333333333,1,1,1,"1,2", ,1,CHARQUI,4211,60,00,KILOGRAMO,12,1,0,00, , , , ,58,00,2,00, 
2021,08,CUSCO,03,ANTA,05,HUAROCONDO,15608,00052,7,1,2,6,162.908333333333,1,1,1,1,1,2,QUESO,4208,44,00,UNIDAD,24,.5,0,00, , , , ,40,00,4,00, 
2021,08,CUSCO,03,ANTA,05,HUAROCONDO,15608,00057,8,1,2,6,162.908333333333,1,1,1,2, ,1,CHARQUI,4211,10,00,KILOGRAMO,12,1,0,00, , , , ,10,00,0,00, 
2021,08,CUSCO,03,ANTA,05,HUAROCONDO,15608,00072,11,1,2,6,162.908333333333,1,1,1,1,1,1,QUESO,4208,64,00,UNIDAD,24,.5,0,00, , , , ,64,00,0,00, 
2021,08,CUSCO,03,ANTA,05,HUAROCONDO,15608,00100,14,1,2,6,162.908333333333,1,1,1,1,1,1,QUESO,4208,95,00,MOLDE,41,1,50,00,13,00,650,13,45,00,0,00, 
2021,08,CUSCO,03,ANTA,01,ANTA,15645,00007,1,1,2,6,150.376923076923,1,1,1,1,1,1,QUESO,4208,659,00,MOLDE,41,.25,600,00,3,50,2100,14,30,00,29,00, 
2021,08,CUSCO,03,ANTA,01,ANTA,15645,00007,1,1,2,6,150.376923076923,1,1,1,1,1,2,YOGURT,4213,707,00,LITRO,14,1,577,00,3,50,2020,3.5,100,00,30,00, 
2021,08,CUSCO,03,ANTA,01,ANTA,15645,00023,3,1,2,6,150.376923076923,1,1,1,1,1,1,QUESO,4208,40,00,MOLDE,41,.5,0,00, , , , ,30,00,10,00, 
2021,08,CUSCO,03,ANTA,01,ANTA,15645,00036,4,1,2,6,150.376923076923,1,1,1,1,1,1,QUESO,4208,100,00,UNIDAD,24,.2,0,00, , , , ,50,00,50,00, 
2021,08,CUSCO,03,ANTA,01,ANTA,15645,00040,5,1,2,6,150.376923076923,1,1,1,1,1,1,QUESO,4208,100,00,UNIDAD,24,.2,0,00, , , , ,70,00,30,00, 
2021,08,CUSCO,03,ANTA,01,ANTA,15645,00063,7,1,2,6,150.376923076923,1,1,1,1,1,1,QUESO,4208,50,00,UNIDAD,24,.3,0,00, , , , ,25,00,25,00, 
2021,08,CUSCO,03,ANTA,01,ANTA,15645,00067,8,1,2,6,150.376923076923,1,1,1,1,1,1,QUESO,4208,400,00,UNIDAD,24,.25,200,00,3,00,600,12,100,00,100,00, 
2021,08,CUSCO,03,ANTA,01,ANTA,15645,00101,11,1,2,6,150.376923076923,1,1,1,1,1,1,QUESO,4208,500,00,UNIDAD,24,.2,400,00,2,50,1000,12.5,50,00,50,00, 
2021,08,CUSCO,03,ANTA,01,ANTA,15645,00112,12,1,2,6,150.376923076923,1,1,1,1,1,1,QUESO,4208,800,00,UNIDAD,24,.5,0,00, , , , ,500,00,300,00, 
2021,08,CUSCO,03,ANTA,01,ANTA,15645,00115,13,1,2,6,150.376923076923,1,1,1,1,1,1,QUESO,4208,80,00,UNIDAD,24,.25,0,00, , , , ,75,00,5,00, 
2021,08,CUSCO,03,ANTA,01,ANTA,15654,00051,6,1,2,6,139.635714285714,1,1,1,1,1,1,QUESO,4208,6,00,KILOGRAMO,12,1,0,00, , , , ,6,00,0,00, 
2021,08,CUSCO,03,ANTA,01,ANTA,15654,00083,12,1,2,6,139.635714285714,1,1,1,1,1,1,QUESO,4208,90,00,KILOGRAMO,12,1,80,00,12,00,960,12,10,00,0,00, 
2021,08,CUSCO,03,ANTA,01,ANTA,15655,00020,4,1,2,6,139.635714285714,1,1,1,2, ,1,CHARQUI,4211,10,00,KILOGRAMO,12,1,0,00, , , , ,8,00,2,00, 
2021,08,CUSCO,03,ANTA,01,ANTA,15675,00011,1,1,2,6,150.376923076923,1,1,1,1,1,1,QUESO,4208,150,00,MOLDE,41,.3,60,00,3,50,210,11.6667,80,00,10,00, 
2021,08,CUSCO,03,ANTA,01,ANTA,15675,00034,3,1,2,6,150.376923076923,1,1,1,1,1,1,QUESO,4208,496,00,MOLDE,41,.25,200,00,2,50,500,10,200,00,96,00, 
2021,08,CUSCO,03,ANTA,01,ANTA,15675,00077,7,1,2,6,150.376923076923,1,1,1,1,1,1,QUESO,4208,108,00,MOLDE,41,.5,50,00,6,00,300,12,40,00,18,00, 
2021,08,CUSCO,03,ANTA,01,ANTA,15675,00113,10,1,2,6,150.376923076923,1,1,1,1,1,1,QUESO,4208,100,00,MOLDE,41,.5,0,00, , , , ,80,00,20,00, 
2021,08,CUSCO,03,ANTA,01,ANTA,15675,00130,11,1,2,6,150.376923076923,1,1,1,1,1,1,QUESO,4208,200,00,MOLDE,41,.5,20,00,6,00,120,12,100,00,80,00, 
2021,08,CUSCO,03,ANTA,01,ANTA,15675,00137,13,1,2,6,150.376923076923,1,1,1,1,1,1,QUESO,4208,48,00,MOLDE,41,.25,0,00, , , , ,40,00,8,00, 
2021,08,CUSCO,03,ANTA,01,ANTA,15675,00149,14,1,2,6,150.376923076923,1,1,1,1,1,1,QUESO,4208,100,00,MOLDE,41,.25,0,00, , , , ,50,00,50,00, 
2021,08,CUSCO,13,URUBAMBA,02,CHINCHERO,15765,00006,1,1,2,6,139.635714285714,1,1,1,2, ,1,CHARQUI,4211,8,00,KILOGRAMO,12,1,0,00, , , , ,8,00,0,00, 
2021,08,CUSCO,13,URUBAMBA,02,CHINCHERO,15765,00041,6,1,2,6,139.635714285714,1,1,1,2, ,1,CHARQUI,4211,7,00,KILOGRAMO,12,1,0,00, , , , ,7,00,0,00, 
2021,08,CUSCO,13,URUBAMBA,02,CHINCHERO,15765,00050,8,1,2,6,139.635714285714,1,1,1,1,1,1,QUESO,4208,192,00,UNIDAD,24,.5,0,00, , , , ,192,00,0,00, 
2021,08,CUSCO,13,URUBAMBA,02,CHINCHERO,15765,00079,10,1,2,6,139.635714285714,1,1,1,1,1,1,QUESO,4208,66,00,UNIDAD,24,.35,0,00, , , , ,66,00,0,00, 
2021,08,CUSCO,04,CALCA,04,LARES,15825,00105,10,1,2,6,139.635714285714,1,1,1,1,1,1,QUESO,4208,50,00,MOLDE,41,.2,0,00, , , , ,50,00,0,00, 
2021,08,CUSCO,04,CALCA,03,LAMAY,15857,00005,1,1,2,6,139.635714285714,1,1,1,1,1,2,REQUESON,4209,25,00,UNIDAD,24,.2,0,00, , , , ,15,00,10,00, 
2021,08,CUSCO,04,CALCA,03,LAMAY,15857,00005,1,1,2,6,139.635714285714,1,1,1,2, ,1,CHARQUI,4211,4,00,KILOGRAMO,12,1,0,00, , , , ,4,00,0,00, 
2021,08,CUSCO,04,CALCA,03,LAMAY,15857,00033,4,1,2,6,139.635714285714,1,1,1,2, ,1,CHARQUI,4211,8,00,KILOGRAMO,12,1,0,00, , , , ,6,00,2,00, 
2021,08,CUSCO,04,CALCA,03,LAMAY,15857,00133,13,1,2,6,139.635714285714,1,1,1,2, ,1,CHARQUI,4211,5,00,KILOGRAMO,12,1,0,00, , , , ,5,00,0,00, 
2021,08,CUSCO,11,PAUCARTAMBO,03,CHALLABAMBA,15912,00005,1,1,2,6,139.635714285714,1,1,1,1,1,1,QUESO,4208,64,00,UNIDAD,24,.25,0,00, , , , ,34,00,30,00, 
2021,08,CUSCO,11,PAUCARTAMBO,03,CHALLABAMBA,15912,00013,2,1,2,6,139.635714285714,1,1,1,1,1,1,QUESO,4208,16,00,UNIDAD,24,.25,6,00,5,00,30,20,5,00,5,00, 
2021,08,CUSCO,11,PAUCARTAMBO,03,CHALLABAMBA,15912,00027,4,1,2,6,139.635714285714,1,1,1,1,1,1,QUESO,4208,64,00,UNIDAD,24,.25,0,00, , , , ,44,00,20,00, 
2021,08,CUSCO,11,PAUCARTAMBO,03,CHALLABAMBA,15912,00058,9,1,2,6,139.635714285714,1,1,1,1,1,1,QUESO,4208,48,00,UNIDAD,24,.5,30,00,5,00,150,10,15,00,3,00, 
2021,08,CUSCO,11,PAUCARTAMBO,03,CHALLABAMBA,15912,00082,12,1,2,6,139.635714285714,1,1,1,1,1,1,QUESO,4208,80,00,UNIDAD,24,.25,0,00, , , , ,50,00,30,00, 
2021,08,CUSCO,11,PAUCARTAMBO,03,CHALLABAMBA,15917,00008,1,1,2,6,150.376923076923,1,1,1,5, ,1,CHARQUI,4211,15,00,KILOGRAMO,12,1,0,00, , , , ,15,00,0,00, 
2021,08,CUSCO,11,PAUCARTAMBO,03,CHALLABAMBA,15917,00027,3,1,2,6,150.376923076923,1,1,1,5, ,1,CHARQUI,4211,15,00,KILOGRAMO,12,1,0,00, , , , ,15,00,0,00, 
2021,08,CUSCO,11,PAUCARTAMBO,03,CHALLABAMBA,15917,00028,4,1,2,6,150.376923076923,1,1,1,1, ,1,CHARQUI,4211,50,00,KILOGRAMO,12,1,0,00, , , , ,30,00,20,00, 
2021,08,CUSCO,11,PAUCARTAMBO,03,CHALLABAMBA,15917,00075,10,1,2,6,150.376923076923,1,1,1,2, ,1,CHARQUI,4211,5,00,KILOGRAMO,12,1,0,00, , , , ,5,00,0,00, 
2021,08,CUSCO,11,PAUCARTAMBO,01,PAUCARTAMBO,15949,00131,6,1,2,6,150.376923076923,1,1,1,2, ,1,CHARQUI,4211,15,00,KILOGRAMO,12,1,0,00, , , , ,15,00,0,00, 
2021,08,CUSCO,11,PAUCARTAMBO,05,HUANCARANI,15986,00005,1,1,2,6,139.635714285714,1,1,1,2, ,1,CHARQUI,4211,8,00,KILOGRAMO,12,1,0,00, , , , ,8,00,0,00, 
2021,08,CUSCO,11,PAUCARTAMBO,05,HUANCARANI,15986,00023,4,1,2,6,139.635714285714,1,1,1,2, ,1,CHARQUI,4211,8,00,KILOGRAMO,12,1,0,00, , , , ,6,00,2,00, 
2021,08,CUSCO,11,PAUCARTAMBO,05,HUANCARANI,15986,00034,5,1,2,6,139.635714285714,1,1,1,2, ,1,CHARQUI,4211,9,00,KILOGRAMO,12,1,0,00, , , , ,6,00,3,00, 
2021,08,CUSCO,11,PAUCARTAMBO,05,HUANCARANI,15986,00065,10,1,2,6,139.635714285714,1,1,1,2, ,1,CHARQUI,4211,8,00,KILOGRAMO,12,1,0,00, , , , ,8,00,0,00, 
2021,08,CUSCO,11,PAUCARTAMBO,05,HUANCARANI,15986,00080,13,1,2,6,139.635714285714,1,1,1,1,1,1,QUESO,4208,10,00,KILOGRAMO,12,1,8,00,14,00,112,14,2,00,0,00, 
2021,08,CUSCO,11,PAUCARTAMBO,05,HUANCARANI,15986,00089,14,1,2,6,139.635714285714,1,1,1,2, ,1,CHARQUI,4211,16,00,KILOGRAMO,12,1,0,00, , , , ,8,00,8,00, 
2021,08,CUSCO,12,QUISPICANCHI,01,URCOS,16040,00021,3,1,2,6,139.635714285714,1,1,1,2, ,1,CHARQUI,4211,12,00,KILOGRAMO,12,1,0,00, , , , ,10,00,2,00, 
2021,08,CUSCO,12,QUISPICANCHI,01,URCOS,16040,00024,4,1,2,6,139.635714285714,1,1,1,2, ,1,CHARQUI,4211,11,00,KILOGRAMO,12,1,0,00, , , , ,5,00,6,00, 
2021,08,CUSCO,12,QUISPICANCHI,01,URCOS,16040,00029,5,1,2,6,139.635714285714,1,1,1,2, ,1,CHARQUI,4211,10,00,KILOGRAMO,12,1,0,00, , , , ,5,00,5,00, 
2021,08,CUSCO,12,QUISPICANCHI,01,URCOS,16040,00062,10,1,2,6,139.635714285714,1,1,1,2, ,1,CHARQUI,4211,8,00,KILOGRAMO,12,1,0,00, , , , ,5,00,3,00, 
2021,08,CUSCO,12,QUISPICANCHI,01,URCOS,16040,00066,11,1,2,6,139.635714285714,1,1,1,2, ,1,CHARQUI,4211,12,00,KILOGRAMO,12,1,5,00,13,00,65,13,5,00,2,00, 
2021,08,CUSCO,12,QUISPICANCHI,01,URCOS,16040,00086,14,1,2,6,139.635714285714,1,1,1,1, ,1,CHARQUI,4211,300,00,KILOGRAMO,12,1,0,00, , , , ,200,00,100,00, 
2021,08,CUSCO,12,QUISPICANCHI,04,CCARHUAYO,16085,00043,7,1,2,6,139.635714285714,1,1,1,"2,6", ,1,CHARQUI,4211,69,00,KILOGRAMO,12,1,0,00, , , , ,69,00,0,00, 
2021,08,CUSCO,12,QUISPICANCHI,09,MARCAPATA,16090,00099,8,1,2,6,139.635714285714,1,1,1,6, ,1,CHARQUI,4211,36,00,KILOGRAMO,12,1,0,00, , , , ,36,00,0,00, 
2021,08,CUSCO,12,QUISPICANCHI,09,MARCAPATA,16090,00115,9,1,2,6,139.635714285714,1,1,1,6, ,1,CHARQUI,4211,18,00,KILOGRAMO,12,1,0,00, , , , ,18,00,0,00, 
2021,08,CUSCO,12,QUISPICANCHI,09,MARCAPATA,16090,00130,10,1,2,6,139.635714285714,1,1,1,6, ,1,CHARQUI,4211,36,00,KILOGRAMO,12,1,0,00, , , , ,36,00,0,00, 
2021,08,CUSCO,12,QUISPICANCHI,09,MARCAPATA,16090,00144,11,1,2,6,139.635714285714,1,1,1,6, ,1,CHARQUI,4211,18,00,KILOGRAMO,12,1,0,00, , , , ,18,00,0,00, 
2021,08,CUSCO,12,QUISPICANCHI,09,MARCAPATA,16090,00175,13,1,2,6,139.635714285714,1,1,1,6, ,1,CHARQUI,4211,36,00,KILOGRAMO,12,1,0,00, , , , ,36,00,0,00, 
2021,08,CUSCO,12,QUISPICANCHI,09,MARCAPATA,16090,00189,14,1,2,6,139.635714285714,1,1,1,6, ,1,CHARQUI,4211,45,00,KILOGRAMO,12,1,0,00, , , , ,45,00,0,00, 
2021,08,CUSCO,12,QUISPICANCHI,10,OCONGATE,16126,00001,1,1,2,6,139.635714285714,1,1,1,6, ,1,CHARQUI,4211,7,00,KILOGRAMO,12,1,0,00, , , , ,7,00,0,00, 
2021,08,CUSCO,12,QUISPICANCHI,10,OCONGATE,16126,00032,5,1,2,6,139.635714285714,1,1,1,6, ,1,CHARQUI,4211,8,00,KILOGRAMO,12,1,0,00, , , , ,8,00,0,00, 
2021,08,CUSCO,12,QUISPICANCHI,10,OCONGATE,16126,00056,7,1,2,6,139.635714285714,1,1,1,6, ,1,CHARQUI,4211,10,00,KILOGRAMO,12,1,0,00, , , , ,10,00,0,00, 
2021,08,CUSCO,12,QUISPICANCHI,10,OCONGATE,16126,00063,8,1,2,6,139.635714285714,1,1,1,1,1,1,QUESO,4208,300,00,KILOGRAMO,12,1,280,00,14,00,3920,14,20,00,0,00, 
2021,08,CUSCO,12,QUISPICANCHI,10,OCONGATE,16126,00089,11,1,2,6,139.635714285714,1,1,1,5, ,1,CHARQUI,4211,9,00,KILOGRAMO,12,1,0,00, , , , ,9,00,0,00, 
2021,08,CUSCO,12,QUISPICANCHI,10,OCONGATE,16126,00100,12,1,2,6,139.635714285714,1,1,1,6, ,1,CHARQUI,4211,10,00,KILOGRAMO,12,1,0,00, , , , ,10,00,0,00, 
2021,08,CUSCO,12,QUISPICANCHI,12,QUIQUIJANA,16149,00030,3,1,2,6,139.635714285714,1,1,1,1,1,1,QUESO,4208,50,00,UNIDAD,24,.2,0,00, , , , ,50,00,0,00, 
2021,08,CUSCO,12,QUISPICANCHI,12,QUIQUIJANA,16149,00034,4,1,2,6,139.635714285714,1,1,1,2, ,1,CHARQUI,4211,7,00,KILOGRAMO,12,1,0,00, , , , ,7,00,0,00, 
2021,08,CUSCO,12,QUISPICANCHI,12,QUIQUIJANA,16149,00060,7,1,2,6,139.635714285714,1,1,1,2, ,1,CHARQUI,4211,10,00,KILOGRAMO,12,1,0,00, , , , ,10,00,0,00, 
2021,08,CUSCO,12,QUISPICANCHI,12,QUIQUIJANA,16149,00076,8,1,2,6,139.635714285714,1,1,1,6, ,1,CHARQUI,4211,28,00,KILOGRAMO,12,1,0,00, , , , ,10,00,18,00, 
2021,08,CUSCO,12,QUISPICANCHI,12,QUIQUIJANA,16149,00078,9,1,2,6,139.635714285714,1,1,1,6, ,1,CHARQUI,4211,20,00,KILOGRAMO,12,1,0,00, , , , ,15,00,5,00, 
2021,08,CUSCO,12,QUISPICANCHI,12,QUIQUIJANA,16149,00090,10,1,2,6,139.635714285714,1,1,1,"2,6", ,1,CHARQUI,4211,15,00,KILOGRAMO,12,1,0,00, , , , ,15,00,0,00, 
2021,08,CUSCO,12,QUISPICANCHI,06,CUSIPATA,16162,00030,7,1,2,6,139.635714285714,1,1,1,1,1,1,QUESO,4208,240,00,KILOGRAMO,12,1,200,00,13,00,2600,13,40,00,0,00, 
2021,08,CUSCO,01,CUSCO,02,CCORCA,16164,00049,5,1,2,6,139.635714285714,1,1,1,2, ,1,CHARQUI,4211,8,00,KILOGRAMO,12,1,0,00, , , , ,8,00,0,00, 
2021,08,CUSCO,01,CUSCO,02,CCORCA,16164,00140,14,1,2,6,139.635714285714,1,1,1,2, ,1,CHARQUI,4211,20,00,KILOGRAMO,12,1,0,00, , , , ,20,00,0,00, 
2021,08,CUSCO,10,PARURO,05,HUANOQUITE,16238,00064,6,1,2,6,150.376923076923,1,1,1,2, ,1,CHARQUI,4211,20,00,KILOGRAMO,12,1,0,00, , , , ,20,00,0,00, 
2021,08,CUSCO,10,PARURO,05,HUANOQUITE,16238,00065,7,1,2,6,150.376923076923,1,1,1,1,1,1,QUESO,4208,75,00,UNIDAD,24,.5,0,00, , , , ,75,00,0,00, 
2021,08,CUSCO,10,PARURO,05,HUANOQUITE,16238,00069,8,1,2,6,150.376923076923,1,1,1,2, ,1,CHARQUI,4211,5,00,KILOGRAMO,12,1,0,00, , , , ,5,00,0,00, 
2021,08,CUSCO,10,PARURO,05,HUANOQUITE,16238,00126,14,1,2,6,150.376923076923,1,1,1,1,1,1,QUESO,4208,105,00,UNIDAD,24,.4,0,00, , , , ,105,00,0,00, 
2021,08,CUSCO,10,PARURO,03,CCAPI,16274,00060,3,1,2,6,150.376923076923,1,1,1,1,1,1,QUESO,4208,6,00,KILOGRAMO,12,1,0,00, , , , ,6,00,0,00, 
2021,08,CUSCO,10,PARURO,03,CCAPI,16277,00032,5,1,2,6,139.635714285714,1,1,1,1,1,1,QUESO,4208,20,00,UNIDAD,24,.5,0,00, , , , ,20,00,0,00, 
2021,08,CUSCO,10,PARURO,03,CCAPI,16277,00053,7,1,2,6,139.635714285714,1,1,1,1,1,1,QUESO,4208,60,00,UNIDAD,24,.5,0,00, , , , ,60,00,0,00, 
2021,08,CUSCO,10,PARURO,03,CCAPI,16277,00079,9,1,2,6,139.635714285714,1,1,1,1,1,1,QUESO,4208,40,00,UNIDAD,24,.5,0,00, , , , ,40,00,0,00, 
2021,08,CUSCO,10,PARURO,04,COLCHA,16280,00024,3,1,2,6,150.376923076923,1,1,1,1, ,1,CHARQUI,4211,20,00,KILOGRAMO,12,1,0,00, , , , ,10,00,10,00, 
2021,08,CUSCO,02,ACOMAYO,01,ACOMAYO,16316,00019,2,1,2,6,139.635714285714,1,1,1,5, ,1,CHARQUI,4211,8,00,KILOGRAMO,12,1,0,00, , , , ,5,00,3,00, 
2021,08,CUSCO,02,ACOMAYO,01,ACOMAYO,16316,00019,2,1,2,6,139.635714285714,1,1,1,1,1,2,QUESO,4208,20,00,UNIDAD,24,.5,0,00, , , , ,10,00,10,00, 
2021,08,CUSCO,02,ACOMAYO,01,ACOMAYO,16316,00055,6,1,2,6,139.635714285714,1,1,1,6, ,1,CHARQUI,4211,16,00,KILOGRAMO,12,1,0,00, , , , ,10,00,6,00, 
2021,08,CUSCO,02,ACOMAYO,01,ACOMAYO,16316,00074,8,1,2,6,139.635714285714,1,1,1,6, ,1,CHARQUI,4211,9,00,KILOGRAMO,12,1,0,00, , , , ,9,00,0,00, 
2021,08,CUSCO,02,ACOMAYO,07,SANGARARA,16355,00009,1,1,2,6,139.635714285714,1,1,1,1,1,1,QUESO,4208,30,00,KILOGRAMO,12,1,0,00, , , , ,30,00,0,00, 
2021,08,CUSCO,02,ACOMAYO,07,SANGARARA,16355,00083,9,1,2,6,139.635714285714,1,1,1,1,1,1,QUESO,4208,150,00,KILOGRAMO,12,1,0,00, , , , ,150,00,0,00, 
2021,08,CUSCO,02,ACOMAYO,07,SANGARARA,16355,00120,13,1,2,6,139.635714285714,1,1,1,1,1,1,QUESO,4208,100,00,UNIDAD,24,.2,0,00, , , , ,100,00,0,00, 
2021,08,CUSCO,02,ACOMAYO,07,SANGARARA,16355,00133,14,1,2,6,139.635714285714,1,1,1,1,1,1,QUESO,4208,90,00,UNIDAD,24,.3,20,00,4,00,80,13.3333,55,00,15,00, 
2021,08,CUSCO,06,CANCHIS,03,COMBAPATA,16391,00100,13,1,2,6,139.635714285714,1,1,1,5, ,1,CHARQUI,4211,10,00,KILOGRAMO,12,1,0,00, , , , ,10,00,0,00, 
2021,08,CUSCO,06,CANCHIS,03,COMBAPATA,16393,00058,9,1,2,6,139.635714285714,1,1,1,1,1,1,QUESO,4208,50,00,MOLDE,41,.2,0,00, , , , ,40,00,10,00, 
2021,08,CUSCO,06,CANCHIS,08,TINTA,16396,00059,8,1,2,6,139.635714285714,1,1,1,1,1,1,QUESO,4208,50,00,KILOGRAMO,12,1,30,00,12,00,360,12,20,00,0,00, 
2021,08,CUSCO,06,CANCHIS,06,SAN PABLO,16417,00004,2,1,2,6,150.376923076923,1,1,1,1,1,1,QUESO,4208,36,00,UNIDAD,24,.5,20,00,5,00,100,10,14,00,2,00, 
2021,08,CUSCO,06,CANCHIS,06,SAN PABLO,16417,00044,5,1,2,6,150.376923076923,1,1,1,1,1,1,QUESO,4208,18,00,UNIDAD,24,.5,0,00, , , , ,15,00,3,00, 
2021,08,CUSCO,06,CANCHIS,06,SAN PABLO,16417,00067,7,1,2,6,150.376923076923,1,1,1,1,1,1,QUESO,4208,30,00,UNIDAD,24,.5,0,00, , , , ,30,00,0,00, 
2021,08,CUSCO,06,CANCHIS,06,SAN PABLO,16417,00092,9,1,2,6,150.376923076923,1,1,1,2, ,1,CHARQUI,4211,15,00,KILOGRAMO,12,1,0,00, , , , ,10,00,5,00, 
2021,08,CUSCO,06,CANCHIS,06,SAN PABLO,16417,00092,9,1,2,6,150.376923076923,1,1,1,1,1,2,QUESO,4208,16,00,UNIDAD,24,.5,6,00,6,00,36,12,6,00,4,00, 
2021,08,CUSCO,06,CANCHIS,06,SAN PABLO,16417,00094,10,1,2,6,150.376923076923,1,1,1,1,1,1,QUESO,4208,38,00,UNIDAD,24,.5,20,00,6,00,120,12,10,00,8,00, 
2021,08,CUSCO,06,CANCHIS,06,SAN PABLO,16417,00128,12,1,2,6,150.376923076923,1,1,1,1,1,1,QUESO,4208,16,00,UNIDAD,24,.5,5,00,6,00,30,12,9,00,2,00, 
2021,08,CUSCO,06,CANCHIS,06,SAN PABLO,16417,00151,14,1,2,6,150.376923076923,1,1,1,1,1,1,QUESO,4208,40,00,UNIDAD,24,.5,0,00, , , , ,30,00,10,00, 
2021,08,CUSCO,06,CANCHIS,01,SICUANI,16429,00007,1,1,2,6,150.376923076923,1,1,1,1,1,1,QUESO,4208,8,00,UNIDAD,24,.25,8,00,4,00,32,16,0,00,0,00, 
2021,08,CUSCO,06,CANCHIS,01,SICUANI,16429,00007,1,1,2,6,150.376923076923,1,1,1,2, ,2,CHARQUI,4211,8,00,KILOGRAMO,12,1,0,00, , , , ,8,00,0,00, 
2021,08,CUSCO,06,CANCHIS,01,SICUANI,16429,00017,3,1,2,6,150.376923076923,1,1,1,1,1,1,QUESO,4208,40,00,UNIDAD,24,.5,10,00,7,00,70,14,25,00,5,00, 
2021,08,CUSCO,06,CANCHIS,01,SICUANI,16429,00018,4,1,2,6,150.376923076923,1,1,1,2, ,1,CHARQUI,4211,6,00,KILOGRAMO,12,1,0,00, , , , ,6,00,0,00, 
2021,08,CUSCO,06,CANCHIS,01,SICUANI,16429,00044,5,1,2,6,150.376923076923,1,1,1,2, ,1,CHARQUI,4211,8,00,KILOGRAMO,12,1,0,00, , , , ,8,00,0,00, 
2021,08,CUSCO,06,CANCHIS,01,SICUANI,16429,00130,13,1,2,6,150.376923076923,1,1,1,2, ,1,CHARQUI,4211,5,00,KILOGRAMO,12,1,0,00, , , , ,5,00,0,00, 
2021,08,CUSCO,06,CANCHIS,01,SICUANI,16445,00095,6,1,2,6,177.718181818182,1,1,1,2, ,1,CHARQUI,4211,8,00,KILOGRAMO,12,1,0,00, , , , ,5,00,3,00, 
2021,08,CUSCO,06,CANCHIS,01,SICUANI,16445,00122,7,1,2,6,177.718181818182,1,1,1,2, ,1,CHARQUI,4211,12,00,KILOGRAMO,12,1,0,00, , , , ,0,00,12,00, 
2021,08,CUSCO,06,CANCHIS,01,SICUANI,16445,00239,13,1,2,6,177.718181818182,1,1,1,1,1,1,REQUESON,4209,100,00,UNIDAD,24,.2,60,00,2,00,120,10,20,00,20,00, 
2021,08,CUSCO,06,CANCHIS,01,SICUANI,16462,00012,2,1,2,6,139.635714285714,1,1,1,"2,5", ,1,CHARQUI,4211,20,00,KILOGRAMO,12,1,0,00, , , , ,18,00,2,00, 
2021,08,CUSCO,06,CANCHIS,01,SICUANI,16462,00020,3,1,2,6,139.635714285714,1,1,1,"2,5,6", ,1,CHARQUI,4211,15,00,KILOGRAMO,12,1,0,00, , , , ,15,00,0,00, 
2021,08,CUSCO,06,CANCHIS,01,SICUANI,16462,00031,4,1,2,6,139.635714285714,1,1,1,"5,6", ,1,CHARQUI,4211,25,00,KILOGRAMO,12,1,0,00, , , , ,25,00,0,00, 
2021,08,CUSCO,06,CANCHIS,01,SICUANI,16462,00038,5,1,2,6,139.635714285714,1,0,1,"2,6", ,1,CHARQUI,4211,65,00,KILOGRAMO,12,1,0,00, , , , ,45,00,20,00, 
2021,08,CUSCO,06,CANCHIS,01,SICUANI,16462,00048,6,1,2,6,139.635714285714,1,0,1,6, ,1,CHARQUI,4211,18,00,KILOGRAMO,12,1,0,00, , , , ,18,00,0,00, 
2021,08,CUSCO,06,CANCHIS,01,SICUANI,16462,00057,7,1,2,6,139.635714285714,1,1,1,"2,5,6", ,1,CHARQUI,4211,52,00,KILOGRAMO,12,1,0,00, , , , ,20,00,32,00, 
2021,08,CUSCO,06,CANCHIS,01,SICUANI,16462,00070,9,1,2,6,139.635714285714,1,1,1,2, ,1,CHARQUI,4211,16,00,KILOGRAMO,12,1,0,00, , , , ,16,00,0,00, 
2021,08,CUSCO,06,CANCHIS,01,SICUANI,16462,00078,10,1,2,6,139.635714285714,1,1,1,"2,6", ,1,CHARQUI,4211,65,00,KILOGRAMO,12,1,0,00, , , , ,65,00,0,00, 
2021,08,CUSCO,06,CANCHIS,01,SICUANI,16462,00086,11,1,2,6,139.635714285714,1,0,1,2, ,1,CHARQUI,4211,10,00,KILOGRAMO,12,1,0,00, , , , ,10,00,0,00, 
2021,08,CUSCO,06,CANCHIS,01,SICUANI,16462,00097,12,1,2,6,139.635714285714,1,1,1,6, ,1,CHARQUI,4211,40,00,KILOGRAMO,12,1,0,00, , , , ,40,00,0,00, 
2021,08,CUSCO,06,CANCHIS,01,SICUANI,16462,00107,13,1,2,6,139.635714285714,1,0,1,6, ,1,CHARQUI,4211,10,00,KILOGRAMO,12,1,0,00, , , , ,10,00,0,00, 
2021,08,CUSCO,06,CANCHIS,01,SICUANI,16462,00117,14,1,2,6,139.635714285714,1,1,1,"2,6", ,1,CHARQUI,4211,36,00,KILOGRAMO,12,1,0,00, , , , ,30,00,6,00, 
2021,08,CUSCO,05,CANAS,01,YANAOCA,16490,00004,1,1,2,6,150.376923076923,1,1,1,1,1,1,QUESO,4208,20,00,UNIDAD,24,.5,0,00, , , , ,10,00,10,00, 
2021,08,CUSCO,05,CANAS,01,YANAOCA,16490,00042,4,1,2,6,150.376923076923,1,1,1,1,1,1,QUESO,4208,178,00,UNIDAD,24,.5,140,00,5,00,700,10,30,00,8,00, 
2021,08,CUSCO,05,CANAS,01,YANAOCA,16490,00158,12,1,2,6,150.376923076923,1,1,1,1,1,1,QUESO,4208,40,00,UNIDAD,24,.5,0,00, , , , ,15,00,25,00, 
2021,08,CUSCO,05,CANAS,01,YANAOCA,16490,00172,13,1,2,6,150.376923076923,1,1,1,1,1,1,QUESO,4208,20,00,UNIDAD,24,.5,5,00,5,00,25,10,10,00,5,00, 
2021,08,CUSCO,05,CANAS,01,YANAOCA,16501,00066,9,1,2,6,139.635714285714,1,1,1,2, ,1,CHARQUI,4211,6,00,KILOGRAMO,12,1,0,00, , , , ,6,00,0,00, 
2021,08,CUSCO,05,CANAS,01,YANAOCA,16501,00074,10,1,2,6,139.635714285714,1,1,1,5, ,1,CHARQUI,4211,7,00,KILOGRAMO,12,1,0,00, , , , ,7,00,0,00, 
2021,08,CUSCO,05,CANAS,01,YANAOCA,16501,00100,14,1,2,6,139.635714285714,1,1,1,"2,6", ,1,CHARQUI,4211,26,00,KILOGRAMO,12,1,0,00, , , , ,26,00,0,00, 
2021,08,CUSCO,05,CANAS,01,YANAOCA,16501,00100,14,1,2,6,139.635714285714,1,1,1,1,1,2,QUESO,4208,58,00,UNIDAD,24,.5,54,00,6,00,324,12,4,00,0,00, 
2021,08,CUSCO,05,CANAS,02,CHECCA,16526,00022,4,1,2,6,139.635714285714,1,1,1,1,1,1,QUESO,4208,45,00,UNIDAD,24,1,30,00,8,00,240,8,10,00,5,00, 
2021,08,CUSCO,05,CANAS,02,CHECCA,16526,00022,4,1,2,6,139.635714285714,1,1,1,1,1,2,YOGURT,4213,240,00,LITRO,14,1,180,00,3,00,540,3,40,00,20,00, 
2021,08,CUSCO,05,CANAS,02,CHECCA,16526,00022,4,1,2,6,139.635714285714,1,1,1,2, ,3,CHARQUI,4211,24,00,KILOGRAMO,12,1,0,00, , , , ,24,00,0,00, 
2021,08,CUSCO,05,CANAS,02,CHECCA,16526,00036,5,1,2,6,139.635714285714,1,1,1,1,1,1,QUESO,4208,24,00,UNIDAD,24,.45,0,00, , , , ,20,00,4,00, 
2021,08,CUSCO,05,CANAS,02,CHECCA,16526,00042,6,1,2,6,139.635714285714,1,1,1,1,1,1,QUESO,4208,120,00,UNIDAD,24,.4,0,00, , , , ,40,00,80,00, 
2021,08,CUSCO,05,CANAS,02,CHECCA,16526,00050,7,1,2,6,139.635714285714,1,1,1,2, ,1,CHARQUI,4211,20,00,KILOGRAMO,12,1,0,00, , , , ,20,00,0,00, 
2021,08,CUSCO,05,CANAS,02,CHECCA,16526,00061,9,1,2,6,139.635714285714,1,1,1,1,1,1,QUESO,4208,224,00,UNIDAD,24,.5,141,00,5,00,705,10,80,00,3,00, 
2021,08,CUSCO,05,CANAS,02,CHECCA,16526,00085,12,1,2,6,139.635714285714,1,1,1,1,1,1,QUESO,4208,135,00,UNIDAD,24,.4,0,00, , , , ,135,00,0,00, 
2021,08,CUSCO,05,CANAS,02,CHECCA,16526,00098,13,1,2,6,139.635714285714,1,1,1,1,1,1,QUESO,4208,25,00,UNIDAD,24,1,0,00, , , , ,20,00,5,00, 
2021,08,CUSCO,07,CHUMBIVILCAS,06,LLUSCO,16552,00080,12,1,2,6,139.635714285714,1,1,1,2, ,1,CHARQUI,4211,10,00,KILOGRAMO,12,1,0,00, , , , ,10,00,0,00, 
2021,08,CUSCO,07,CHUMBIVILCAS,06,LLUSCO,16554,00007,1,1,2,6,150.376923076923,1,1,1,2, ,1,CHARQUI,4211,6,00,KILOGRAMO,12,1,0,00, , , , ,6,00,0,00, 
2021,08,CUSCO,07,CHUMBIVILCAS,06,LLUSCO,16554,00041,6,1,2,6,150.376923076923,1,1,1,2, ,1,CHARQUI,4211,14,00,KILOGRAMO,12,1,0,00, , , , ,10,00,4,00, 
2021,08,CUSCO,07,CHUMBIVILCAS,06,LLUSCO,16554,00115,14,1,2,6,150.376923076923,1,1,1,2, ,1,CHARQUI,4211,24,00,KILOGRAMO,12,1,0,00, , , , ,18,00,6,00, 
2021,08,CUSCO,07,CHUMBIVILCAS,07,QUIÑOTA,16560,00015,2,1,2,6,139.635714285714,1,1,1,1,1,1,QUESO,4208,40,00,UNIDAD,24,.5,0,00, , , , ,30,00,10,00, 
2021,08,CUSCO,07,CHUMBIVILCAS,07,QUIÑOTA,16560,00025,3,1,2,6,139.635714285714,1,1,1,1,1,1,QUESO,4208,16,00,UNIDAD,24,.25,0,00, , , , ,15,00,1,00, 
2021,08,CUSCO,07,CHUMBIVILCAS,07,QUIÑOTA,16560,00076,8,1,2,6,139.635714285714,1,1,1,1,1,1,QUESO,4208,20,00,UNIDAD,24,.25,0,00, , , , ,18,00,2,00, 
2021,08,CUSCO,07,CHUMBIVILCAS,07,QUIÑOTA,16560,00091,10,1,2,6,139.635714285714,1,1,1,1,1,1,QUESO,4208,80,00,UNIDAD,24,.25,0,00, , , , ,70,00,10,00, 
2021,08,CUSCO,07,CHUMBIVILCAS,07,QUIÑOTA,16560,00123,13,1,2,6,139.635714285714,1,1,1,1,1,1,QUESO,4208,96,00,UNIDAD,24,.25,0,00, , , , ,90,00,6,00, 
2021,08,CUSCO,07,CHUMBIVILCAS,07,QUIÑOTA,16565,00001,1,1,2,6,177.718181818182,1,1,1,2, ,1,CHARQUI,4211,5,00,KILOGRAMO,12,1,0,00, , , , ,5,00,0,00, 
2021,08,CUSCO,07,CHUMBIVILCAS,07,QUIÑOTA,16565,00033,5,1,2,6,177.718181818182,1,1,1,"5,6", ,1,CHARQUI,4211,120,00,KILOGRAMO,12,1,0,00, , , , ,120,00,0,00, 
2021,08,CUSCO,07,CHUMBIVILCAS,07,QUIÑOTA,16565,00042,6,1,2,6,177.718181818182,1,1,1,6, ,1,CHARQUI,4211,100,00,KILOGRAMO,12,1,0,00, , , , ,100,00,0,00, 
2021,08,CUSCO,07,CHUMBIVILCAS,07,QUIÑOTA,16565,00051,7,1,2,6,177.718181818182,1,0,1,6, ,1,CHARQUI,4211,16,00,KILOGRAMO,12,1,0,00, , , , ,13,00,3,00, 
2021,08,CUSCO,07,CHUMBIVILCAS,07,QUIÑOTA,16565,00060,8,1,2,6,177.718181818182,1,1,1,6, ,1,CHARQUI,4211,100,00,KILOGRAMO,12,1,0,00, , , , ,100,00,0,00, 
2021,08,CUSCO,07,CHUMBIVILCAS,07,QUIÑOTA,16565,00069,9,1,2,6,177.718181818182,1,1,1,6, ,1,CHARQUI,4211,80,00,KILOGRAMO,12,1,0,00, , , , ,80,00,0,00, 
2021,08,CUSCO,07,CHUMBIVILCAS,07,QUIÑOTA,16565,00083,10,1,2,6,177.718181818182,1,1,1,6, ,1,CHARQUI,4211,80,00,KILOGRAMO,12,1,0,00, , , , ,60,00,20,00, 
2021,08,CUSCO,07,CHUMBIVILCAS,07,QUIÑOTA,16565,00121,14,1,2,6,177.718181818182,1,0,1,"2,5,6", ,1,CHARQUI,4211,13,00,KILOGRAMO,12,1,0,00, , , , ,13,00,0,00, 
2021,08,CUSCO,07,CHUMBIVILCAS,04,COLQUEMARCA,16579,00002,1,1,2,6,139.635714285714,1,1,1,1,1,1,QUESO,4208,400,00,UNIDAD,24,.5,300,00,6,00,1800,12,100,00,0,00, 
2021,08,CUSCO,07,CHUMBIVILCAS,04,COLQUEMARCA,16579,00015,2,1,2,6,139.635714285714,1,1,1,1,1,1,QUESO,4208,20,00,UNIDAD,24,.5,0,00, , , , ,18,00,2,00, 
2021,08,CUSCO,07,CHUMBIVILCAS,04,COLQUEMARCA,16579,00028,4,1,2,6,139.635714285714,1,1,1,1,1,1,QUESO,4208,160,00,UNIDAD,24,.5,100,00,5,00,500,10,40,00,20,00, 
2021,08,CUSCO,07,CHUMBIVILCAS,04,COLQUEMARCA,16579,00056,6,1,2,6,139.635714285714,1,1,1,1,1,2,YOGURT,4213,5500,00,LITRO,14,1,5140,00,5,00,25700,5,340,00,20,00, 
2021,08,CUSCO,07,CHUMBIVILCAS,04,COLQUEMARCA,16579,00056,6,1,2,6,139.635714285714,1,1,1,1, ,1,CHARQUI,4211,120,00,KILOGRAMO,12,1,0,00, , , , ,100,00,20,00, 
2021,08,CUSCO,07,CHUMBIVILCAS,04,COLQUEMARCA,16579,00064,7,1,2,6,139.635714285714,1,1,1,2, ,2,CHARQUI,4211,10,00,KILOGRAMO,12,1,0,00, , , , ,10,00,0,00, 
2021,08,CUSCO,07,CHUMBIVILCAS,04,COLQUEMARCA,16579,00064,7,1,2,6,139.635714285714,1,1,1,1,1,1,QUESO,4208,1338,00,UNIDAD,24,.35,1000,00,5,00,5000,14.2857,300,00,38,00, 
2021,08,CUSCO,07,CHUMBIVILCAS,04,COLQUEMARCA,16579,00085,9,1,2,6,139.635714285714,1,1,1,1,1,1,QUESO,4208,160,00,UNIDAD,24,.5,100,00,5,00,500,10,50,00,10,00, 
2021,08,CUSCO,07,CHUMBIVILCAS,04,COLQUEMARCA,16579,00087,10,1,2,6,139.635714285714,1,1,1,1,1,1,QUESO,4208,1470,00,MOLDE,41,.5,1400,00,5,00,7000,10,70,00,0,00, 
2021,08,CUSCO,07,CHUMBIVILCAS,04,COLQUEMARCA,16579,00124,12,1,2,6,139.635714285714,1,1,1,1,1,1,QUESO,4208,160,00,MOLDE,41,.25,0,00, , , , ,140,00,20,00, 
2021,08,CUSCO,07,CHUMBIVILCAS,04,COLQUEMARCA,16579,00137,14,1,2,6,139.635714285714,1,1,1,2, ,1,CHARQUI,4211,20,00,KILOGRAMO,12,1,0,00, , , , ,20,00,0,00, 
2021,08,CUSCO,07,CHUMBIVILCAS,05,LIVITACA,16605,00001,1,1,2,6,150.376923076923,1,1,1,1,1,1,QUESO,4208,50,00,UNIDAD,24,.5,0,00, , , , ,50,00,0,00, 
2021,08,CUSCO,07,CHUMBIVILCAS,05,LIVITACA,16605,00015,2,1,2,6,150.376923076923,1,1,1,1,1,2,YOGURT,4213,10,00,LITRO,14,1,0,00, , , , ,10,00,0,00, 
2021,08,CUSCO,07,CHUMBIVILCAS,05,LIVITACA,16605,00015,2,1,2,6,150.376923076923,1,1,1,1,1,1,QUESO,4208,158,00,UNIDAD,24,.5,0,00, , , , ,58,00,100,00, 
2021,08,CUSCO,07,CHUMBIVILCAS,05,LIVITACA,16605,00027,4,1,2,6,150.376923076923,1,1,1,1,1,1,QUESO,4208,160,00,UNIDAD,24,.25,100,00,4,00,400,16,60,00,0,00, 
2021,08,CUSCO,07,CHUMBIVILCAS,08,VELILLE,16627,00001,1,1,2,6,150.376923076923,1,1,1,1,1,1,QUESO,4208,244,00,UNIDAD,24,.45,144,00,4,00,576,8.8889,100,00,0,00, 
2021,08,CUSCO,07,CHUMBIVILCAS,08,VELILLE,16627,00067,8,1,2,6,150.376923076923,1,1,1,1,1,1,QUESO,4208,32,00,UNIDAD,24,1,10,00,10,00,100,10,22,00,0,00, 
2021,08,CUSCO,07,CHUMBIVILCAS,08,VELILLE,16627,00080,9,1,2,6,150.376923076923,1,1,1,1,1,1,QUESO,4208,240,00,UNIDAD,24,1,200,00,10,00,2000,10,40,00,0,00, 
2021,08,CUSCO,07,CHUMBIVILCAS,08,VELILLE,16627,00091,10,1,2,6,150.376923076923,1,1,1,1,1,1,QUESO,4208,400,00,UNIDAD,24,.4,300,00,5,00,1500,12.5,100,00,0,00, 
2021,08,CUSCO,07,CHUMBIVILCAS,08,VELILLE,16627,00116,12,1,2,6,150.376923076923,1,1,1,1,1,1,QUESO,4208,500,00,UNIDAD,24,.2,300,00,3,00,900,15,100,00,100,00, 
2021,08,CUSCO,07,CHUMBIVILCAS,08,VELILLE,16627,00118,13,1,2,6,150.376923076923,1,1,1,1,1,1,QUESO,4208,120,00,UNIDAD,24,.45,0,00, , , , ,120,00,0,00, 
2021,08,CUSCO,07,CHUMBIVILCAS,08,VELILLE,16637,00013,1,1,2,6,139.635714285714,1,1,1,1,1,2,QUESO,4208,6,00,KILOGRAMO,12,1,0,00, , , , ,6,00,0,00, 
2021,08,CUSCO,07,CHUMBIVILCAS,08,VELILLE,16637,00013,1,1,2,6,139.635714285714,1,1,1,2, ,1,CHARQUI,4211,1,00,KILOGRAMO,12,1,0,00, , , , ,1,00,0,00, 
2021,08,CUSCO,07,CHUMBIVILCAS,08,VELILLE,16637,00032,3,1,2,6,139.635714285714,1,1,1,2, ,1,CHARQUI,4211,8,00,KILOGRAMO,12,1,0,00, , , , ,8,00,0,00, 
2021,08,CUSCO,07,CHUMBIVILCAS,08,VELILLE,16637,00032,3,1,2,6,139.635714285714,1,1,1,1,1,2,QUESO,4208,100,00,KILOGRAMO,12,1,80,00,12,00,960,12,20,00,0,00, 
2021,08,CUSCO,07,CHUMBIVILCAS,08,VELILLE,16637,00036,4,1,2,6,139.635714285714,1,1,1,2, ,1,CHARQUI,4211,8,00,KILOGRAMO,12,1,0,00, , , , ,8,00,0,00, 
2021,08,CUSCO,07,CHUMBIVILCAS,08,VELILLE,16637,00045,5,1,2,6,139.635714285714,1,1,1,1,1,1,QUESO,4208,40,00,UNIDAD,24,.3,20,00,3,00,60,10,15,00,5,00, 
2021,08,CUSCO,07,CHUMBIVILCAS,08,VELILLE,16637,00061,6,1,2,6,139.635714285714,1,1,1,1,1,1,QUESO,4208,20,00,KILOGRAMO,12,1,15,00,12,00,180,12,5,00,0,00, 
2021,08,CUSCO,07,CHUMBIVILCAS,08,VELILLE,16637,00066,7,1,2,6,139.635714285714,1,1,1,1,1,2,QUESO,4208,140,00,UNIDAD,24,.4,40,00,4,00,160,10,80,00,20,00, 
2021,08,CUSCO,07,CHUMBIVILCAS,08,VELILLE,16637,00066,7,1,2,6,139.635714285714,1,1,1,2, ,1,CHARQUI,4211,6,00,KILOGRAMO,12,1,0,00, , , , ,6,00,0,00, 
2021,08,CUSCO,07,CHUMBIVILCAS,08,VELILLE,16637,00066,7,1,2,6,139.635714285714,1,1,1,1,1,3,YOGURT,4213,40,00,LITRO,14,1,0,00, , , , ,30,00,10,00, 
2021,08,CUSCO,07,CHUMBIVILCAS,08,VELILLE,16637,00091,9,1,2,6,139.635714285714,1,1,1,1,1,1,QUESO,4208,20,00,KILOGRAMO,12,1,10,00,10,00,100,10,10,00,0,00, 
2021,08,CUSCO,07,CHUMBIVILCAS,08,VELILLE,16637,00091,9,1,2,6,139.635714285714,1,1,1,2, ,2,CHARQUI,4211,16,00,KILOGRAMO,12,1,0,00, , , , ,12,00,4,00, 
2021,08,CUSCO,07,CHUMBIVILCAS,08,VELILLE,16637,00103,10,1,2,6,139.635714285714,1,1,1,1,1,2,QUESO,4208,60,00,UNIDAD,24,.25,0,00, , , , ,40,00,20,00, 
2021,08,CUSCO,07,CHUMBIVILCAS,08,VELILLE,16637,00103,10,1,2,6,139.635714285714,1,1,1,"1,2", ,1,CHARQUI,4211,22,00,KILOGRAMO,12,1,0,00, , , , ,22,00,0,00, 
2021,08,CUSCO,07,CHUMBIVILCAS,08,VELILLE,16637,00115,11,1,2,6,139.635714285714,1,1,1,1,1,1,QUESO,4208,50,00,KILOGRAMO,12,1,40,00,12,00,480,12,10,00,0,00, 
2021,08,CUSCO,07,CHUMBIVILCAS,08,VELILLE,16637,00116,12,1,2,6,139.635714285714,1,1,1,1,1,1,QUESO,4208,25,00,UNIDAD,24,.4,10,00,4,00,40,10,15,00,0,00, 
2021,08,CUSCO,07,CHUMBIVILCAS,08,VELILLE,16637,00129,13,1,2,6,139.635714285714,1,1,1,2, ,1,CHARQUI,4211,8,00,KILOGRAMO,12,1,0,00, , , , ,8,00,0,00, 
2021,08,CUSCO,07,CHUMBIVILCAS,08,VELILLE,16637,00140,14,1,2,6,139.635714285714,1,1,1,2, ,1,CHARQUI,4211,7,00,KILOGRAMO,12,1,0,00, , , , ,5,00,2,00, 
2021,08,CUSCO,07,CHUMBIVILCAS,08,VELILLE,16637,00140,14,1,2,6,139.635714285714,1,1,1,1,1,2,QUESO,4208,240,00,UNIDAD,24,.5,80,00,5,00,400,10,140,00,20,00, 
2021,08,CUSCO,07,CHUMBIVILCAS,01,SANTO TOMAS,16654,00048,5,1,2,6,139.635714285714,1,1,1,1,1,2,QUESO,4208,225,00,MOLDE,41,.3,95,00,5,00,475,16.6667,120,00,10,00, 
2021,08,CUSCO,07,CHUMBIVILCAS,01,SANTO TOMAS,16654,00048,5,1,2,6,139.635714285714,1,1,1,2, ,1,CHARQUI,4211,30,00,KILOGRAMO,12,1,0,00, , , , ,20,00,10,00, 
2021,08,CUSCO,07,CHUMBIVILCAS,01,SANTO TOMAS,16654,00059,6,1,2,6,139.635714285714,1,1,1,1,1,1,QUESO,4208,200,00,UNIDAD,24,.4,100,00,6,00,600,15,50,00,50,00, 
2021,08,CUSCO,07,CHUMBIVILCAS,01,SANTO TOMAS,16654,00081,8,1,2,6,139.635714285714,1,1,1,2, ,1,CHARQUI,4211,15,00,KILOGRAMO,12,1,0,00, , , , ,15,00,0,00, 
2021,08,CUSCO,07,CHUMBIVILCAS,01,SANTO TOMAS,16654,00106,10,1,2,6,139.635714285714,1,1,1,1,1,1,QUESO,4208,15,00,MOLDE,41,.3,0,00, , , , ,5,00,10,00, 
2021,08,CUSCO,07,CHUMBIVILCAS,01,SANTO TOMAS,16654,00117,11,1,2,6,139.635714285714,1,1,1,2, ,1,CHARQUI,4211,15,00,KILOGRAMO,12,1,0,00, , , , ,15,00,0,00, 
2021,08,CUSCO,08,ESPINAR,07,SUYCKUTAMBO,16672,00054,6,1,2,6,150.376923076923,1,1,1,5, ,1,CHARQUI,4211,15,00,KILOGRAMO,12,1,0,00, , , , ,15,00,0,00, 
2021,08,CUSCO,08,ESPINAR,07,SUYCKUTAMBO,16672,00077,8,1,2,6,150.376923076923,1,1,1,5, ,1,CHARQUI,4211,15,00,KILOGRAMO,12,1,0,00, , , , ,15,00,0,00, 
2021,08,CUSCO,08,ESPINAR,07,SUYCKUTAMBO,16672,00103,11,1,2,6,150.376923076923,1,1,1,6, ,1,CHARQUI,4211,10,00,KILOGRAMO,12,1,0,00, , , , ,7,00,3,00, 
2021,08,CUSCO,08,ESPINAR,07,SUYCKUTAMBO,16672,00103,11,1,2,6,150.376923076923,1,1,1,1,1,2,QUESO,4208,118,00,UNIDAD,24,.5,50,00,5,00,250,10,38,00,30,00, 
2021,08,CUSCO,08,ESPINAR,07,SUYCKUTAMBO,16672,00107,12,1,2,6,150.376923076923,1,1,1,6, ,1,CHARQUI,4211,20,00,KILOGRAMO,12,1,0,00, , , , ,10,00,10,00, 
2021,08,CUSCO,08,ESPINAR,07,SUYCKUTAMBO,16672,00119,13,1,2,6,150.376923076923,1,1,1,6, ,1,CHARQUI,4211,11,00,KILOGRAMO,12,1,0,00, , , , ,11,00,0,00, 
2021,08,CUSCO,08,ESPINAR,07,SUYCKUTAMBO,16672,00136,14,1,2,6,150.376923076923,1,1,1,5, ,1,CHARQUI,4211,25,00,KILOGRAMO,12,1,0,00, , , , ,20,00,5,00, 
2021,08,CUSCO,08,ESPINAR,07,SUYCKUTAMBO,16673,00009,2,1,2,6,139.635714285714,1,1,1,6, ,1,CHARQUI,4211,4,50,KILOGRAMO,12,1,0,00, , , , ,3,50,1,00, 
2021,08,CUSCO,08,ESPINAR,07,SUYCKUTAMBO,16673,00029,5,1,2,6,139.635714285714,1,1,1,6, ,1,CHARQUI,4211,9,00,KILOGRAMO,12,1,0,00, , , , ,4,00,5,00, 
2021,08,CUSCO,08,ESPINAR,07,SUYCKUTAMBO,16673,00038,6,1,2,6,139.635714285714,1,1,1,1,1,1,QUESO,4208,30,00,KILOGRAMO,12,1,10,00,12,00,120,12,20,00,0,00, 
2021,08,CUSCO,08,ESPINAR,07,SUYCKUTAMBO,16673,00045,7,1,2,6,139.635714285714,1,1,1,2, ,1,CHARQUI,4211,8,00,KILOGRAMO,12,1,0,00, , , , ,5,00,3,00, 
2021,08,CUSCO,08,ESPINAR,07,SUYCKUTAMBO,16673,00068,10,1,2,6,139.635714285714,1,1,1,6, ,1,CHARQUI,4211,8,00,KILOGRAMO,12,1,0,00, , , , ,5,00,3,00, 
2021,08,CUSCO,08,ESPINAR,07,SUYCKUTAMBO,16673,00093,14,1,2,6,139.635714285714,1,1,1,6, ,1,CHARQUI,4211,8,00,KILOGRAMO,12,1,0,00, , , , ,6,00,2,00, 
2021,08,CUSCO,08,ESPINAR,03,COPORAQUE,16690,00021,1,1,2,6,139.635714285714,1,1,1,1,1,1,QUESO,4208,120,00,UNIDAD,24,.5,50,00,5,50,275,11,50,00,20,00, 
2021,08,CUSCO,08,ESPINAR,03,COPORAQUE,16690,00026,2,1,2,6,139.635714285714,1,1,1,1,1,1,QUESO,4208,80,00,UNIDAD,24,.5,10,00,5,00,50,10,65,00,5,00, 
2021,08,CUSCO,08,ESPINAR,03,COPORAQUE,16690,00039,3,1,2,6,139.635714285714,1,1,1,1,1,1,QUESO,4208,100,00,UNIDAD,24,.25,0,00, , , , ,80,00,20,00, 
2021,08,CUSCO,08,ESPINAR,03,COPORAQUE,16690,00066,6,1,2,6,139.635714285714,1,1,1,1,1,1,QUESO,4208,96,00,UNIDAD,24,.25,0,00, , , , ,80,00,16,00, 
2021,08,CUSCO,08,ESPINAR,03,COPORAQUE,16690,00088,8,1,2,6,139.635714285714,1,1,1,1,1,1,QUESO,4208,130,00,UNIDAD,24,.5,40,00,5,00,200,10,80,00,10,00, 
2021,08,CUSCO,08,ESPINAR,03,COPORAQUE,16690,00096,9,1,2,6,139.635714285714,1,1,1,1,1,1,QUESO,4208,40,00,UNIDAD,24,.5,10,00,5,00,50,10,30,00,0,00, 
2021,08,CUSCO,08,ESPINAR,03,COPORAQUE,16690,00098,10,1,2,6,139.635714285714,1,1,1,1,1,1,QUESO,4208,60,00,UNIDAD,24,.5,0,00, , , , ,50,00,10,00, 
2021,08,CUSCO,08,ESPINAR,03,COPORAQUE,16690,00109,12,1,2,6,139.635714285714,1,1,1,1,1,1,QUESO,4208,140,00,UNIDAD,24,.4,80,00,5,50,440,13.75,50,00,10,00, 
2021,08,CUSCO,08,ESPINAR,03,COPORAQUE,16690,00133,14,1,2,6,139.635714285714,1,1,1,1,1,1,QUESO,4208,16,00,UNIDAD,24,.25,0,00, , , , ,12,00,4,00, 
2021,08,CUSCO,08,ESPINAR,03,COPORAQUE,16693,00015,2,1,2,6,139.635714285714,1,1,1,1,1,1,QUESO,4208,40,00,MOLDE,41,.5,0,00, , , , ,35,00,5,00, 
2021,08,CUSCO,08,ESPINAR,03,COPORAQUE,16693,00027,4,1,2,6,139.635714285714,1,1,1,1,1,2,QUESO,4208,170,00,MOLDE,41,.5,0,00, , , , ,100,00,70,00, 
2021,08,CUSCO,08,ESPINAR,03,COPORAQUE,16693,00027,4,1,2,6,139.635714285714,1,1,1,"2,5", ,1,CHARQUI,4211,20,00,KILOGRAMO,12,1,0,00, , , , ,15,00,5,00, 
2021,08,CUSCO,08,ESPINAR,03,COPORAQUE,16693,00030,5,1,2,6,139.635714285714,1,1,1,1,1,2,QUESO,4208,108,00,MOLDE,41,.5,40,00,5,00,200,10,60,00,8,00, 
2021,08,CUSCO,08,ESPINAR,03,COPORAQUE,16693,00030,5,1,2,6,139.635714285714,1,1,1,"2,5,6", ,1,CHARQUI,4211,70,00,KILOGRAMO,12,1,0,00, , , , ,65,00,5,00, 
2021,08,CUSCO,08,ESPINAR,03,COPORAQUE,16693,00057,7,1,2,6,139.635714285714,1,1,1,2, ,1,CHARQUI,4211,15,00,KILOGRAMO,12,1,0,00, , , , ,10,00,5,00, 
2021,08,CUSCO,08,ESPINAR,06,PICHIGUA,16705,00011,1,1,2,6,139.635714285714,1,1,1,"2,5", ,2,CHARQUI,4211,100,00,KILOGRAMO,12,1,0,00, , , , ,100,00,0,00, 
2021,08,CUSCO,08,ESPINAR,06,PICHIGUA,16705,00011,1,1,2,6,139.635714285714,1,1,1,1,1,1,QUESO,4208,40,00,UNIDAD,24,.5,0,00, , , , ,40,00,0,00, 
2021,08,CUSCO,08,ESPINAR,06,PICHIGUA,16705,00023,2,1,2,6,139.635714285714,1,1,1,"2,5", ,1,CHARQUI,4211,110,00,KILOGRAMO,12,1,0,00, , , , ,110,00,0,00, 
2021,08,CUSCO,08,ESPINAR,06,PICHIGUA,16705,00023,2,1,2,6,139.635714285714,1,1,1,1,1,2,QUESO,4208,160,00,UNIDAD,24,.5,0,00, , , , ,160,00,0,00, 
2021,08,CUSCO,08,ESPINAR,06,PICHIGUA,16705,00031,3,1,2,6,139.635714285714,1,1,1,1,1,1,QUESO,4208,70,00,UNIDAD,24,1,10,00,13,00,130,13,60,00,0,00, 
2021,08,CUSCO,08,ESPINAR,06,PICHIGUA,16705,00031,3,1,2,6,139.635714285714,1,1,1,1,1,3,YOGURT,4213,100,00,LITRO,14,1,20,00,6,00,120,6,60,00,20,00, 
2021,08,CUSCO,08,ESPINAR,06,PICHIGUA,16705,00031,3,1,2,6,139.635714285714,1,1,1,"2,5", ,2,CHARQUI,4211,120,00,KILOGRAMO,12,1,0,00, , , , ,120,00,0,00, 
2021,08,CUSCO,08,ESPINAR,06,PICHIGUA,16705,00041,4,1,2,6,139.635714285714,1,1,1,5, ,1,CHARQUI,4211,25,00,KILOGRAMO,12,1,0,00, , , , ,15,00,10,00, 
2021,08,CUSCO,08,ESPINAR,06,PICHIGUA,16705,00044,5,1,2,6,139.635714285714,1,1,1,2, ,1,CHARQUI,4211,5,00,KILOGRAMO,12,1,0,00, , , , ,5,00,0,00, 
2021,08,CUSCO,08,ESPINAR,06,PICHIGUA,16705,00056,6,1,2,6,139.635714285714,1,1,1,2, ,1,CHARQUI,4211,7,00,KILOGRAMO,12,1,0,00, , , , ,5,00,2,00, 
2021,08,CUSCO,08,ESPINAR,06,PICHIGUA,16705,00060,7,1,2,6,139.635714285714,1,1,1,"2,5", ,1,CHARQUI,4211,80,00,KILOGRAMO,12,1,0,00, , , , ,80,00,0,00, 
2021,08,CUSCO,08,ESPINAR,06,PICHIGUA,16705,00072,9,1,2,6,139.635714285714,1,1,1,1,1,1,YOGURT,4213,200,00,LITRO,14,1,180,00,4,50,810,4.5,10,00,10,00, 
2021,08,CUSCO,08,ESPINAR,06,PICHIGUA,16705,00072,9,1,2,6,139.635714285714,1,1,1,1,1,2,MANJAR BLANCO,4215,250,00,KILOGRAMO,12,1,200,00,15,00,3000,15,20,00,30,00, 
2021,08,CUSCO,08,ESPINAR,06,PICHIGUA,16705,00072,9,1,2,6,139.635714285714,1,1,1,1,1,3,QUESO,4208,180,00,KILOGRAMO,12,1,150,00,13,00,1950,13,10,00,20,00, 
2021,08,CUSCO,08,ESPINAR,06,PICHIGUA,16705,00093,11,1,2,6,139.635714285714,1,1,1,2, ,1,CHARQUI,4211,40,00,KILOGRAMO,12,1,0,00, , , , ,40,00,0,00, 
2021,08,CUSCO,08,ESPINAR,06,PICHIGUA,16705,00107,12,1,2,6,139.635714285714,1,1,1,1,1,3,YOGURT,4213,90,00,LITRO,14,1,10,00,4,50,45,4.5,20,00,60,00, 
2021,08,CUSCO,08,ESPINAR,06,PICHIGUA,16705,00107,12,1,2,6,139.635714285714,1,1,1,"2,5", ,1,CHARQUI,4211,70,00,KILOGRAMO,12,1,20,00,18,00,360,18,15,00,35,00, 
2021,08,CUSCO,08,ESPINAR,06,PICHIGUA,16705,00107,12,1,2,6,139.635714285714,1,1,1,1,1,2,QUESO,4208,150,00,KILOGRAMO,12,1,90,00,10,00,900,10,20,00,40,00, 
2021,08,CUSCO,08,ESPINAR,06,PICHIGUA,16705,00118,13,1,2,6,139.635714285714,1,1,1,1,1,1,QUESO,4208,20,00,KILOGRAMO,12,1,7,00,10,00,70,10,5,00,8,00, 
2021,08,CUSCO,08,ESPINAR,06,PICHIGUA,16705,00119,14,1,2,6,139.635714285714,1,1,1,1,1,3,YOGURT,4213,96,00,LITRO,14,1,70,00,3,80,266,3.8,6,00,20,00, 
2021,08,CUSCO,08,ESPINAR,06,PICHIGUA,16705,00119,14,1,2,6,139.635714285714,1,1,1,"2,5", ,1,CHARQUI,4211,36,00,KILOGRAMO,12,1,10,00,18,00,180,18,5,00,21,00, 
2021,08,CUSCO,08,ESPINAR,06,PICHIGUA,16705,00119,14,1,2,6,139.635714285714,1,1,1,1,1,2,QUESO,4208,40,00,KILOGRAMO,12,1,25,00,12,00,300,12,5,00,10,00, 
2021,08,CUSCO,08,ESPINAR,06,PICHIGUA,16712,00001,1,1,2,6,139.635714285714,1,1,1,1,1,1,QUESO,4208,200,00,UNIDAD,24,.5,0,00, , , , ,100,00,100,00, 
2021,08,CUSCO,08,ESPINAR,06,PICHIGUA,16712,00011,2,1,2,6,139.635714285714,1,1,1,1,1,1,QUESO,4208,125,00,KILOGRAMO,12,1,100,00,12,00,1200,12,25,00,0,00, 
2021,08,CUSCO,08,ESPINAR,06,PICHIGUA,16712,00020,3,1,2,6,139.635714285714,1,1,1,1,1,1,QUESO,4208,200,00,UNIDAD,24,.5,150,00,5,00,750,10,50,00,0,00, 
2021,08,CUSCO,08,ESPINAR,06,PICHIGUA,16712,00030,4,1,2,6,139.635714285714,1,1,1,1,1,1,QUESO,4208,60,00,UNIDAD,24,.5,0,00, , , , ,60,00,0,00, 
2021,08,CUSCO,08,ESPINAR,06,PICHIGUA,16712,00039,5,1,2,6,139.635714285714,1,1,1,1,1,1,QUESO,4208,40,00,UNIDAD,24,.45,10,00,6,00,60,13.3333,15,00,15,00, 
2021,08,CUSCO,08,ESPINAR,06,PICHIGUA,16712,00049,6,1,2,6,139.635714285714,1,1,1,1,1,1,QUESO,4208,10,00,UNIDAD,24,.2,0,00, , , , ,6,00,4,00, 
2021,08,CUSCO,08,ESPINAR,06,PICHIGUA,16712,00068,8,1,2,6,139.635714285714,1,1,1,2, ,1,CHARQUI,4211,16,00,KILOGRAMO,12,1,0,00, , , , ,10,00,6,00, 
2021,08,CUSCO,08,ESPINAR,06,PICHIGUA,16712,00068,8,1,2,6,139.635714285714,1,1,1,1,1,2,QUESO,4208,50,00,KILOGRAMO,12,1,30,00,12,00,360,12,10,00,10,00, 
2021,08,CUSCO,08,ESPINAR,06,PICHIGUA,16712,00077,9,1,2,6,139.635714285714,1,1,1,2, ,1,CHARQUI,4211,7,00,KILOGRAMO,12,1,0,00, , , , ,7,00,0,00, 
2021,08,CUSCO,08,ESPINAR,06,PICHIGUA,16712,00086,10,1,2,6,139.635714285714,1,1,1,1,1,2,QUESO,4208,100,00,UNIDAD,24,.45,60,00,6,00,360,13.3333,20,00,20,00, 
2021,08,CUSCO,08,ESPINAR,06,PICHIGUA,16712,00086,10,1,2,6,139.635714285714,1,1,1,"2,6", ,1,CHARQUI,4211,32,00,KILOGRAMO,12,1,0,00, , , , ,15,00,17,00, 
2021,08,CUSCO,08,ESPINAR,06,PICHIGUA,16712,00119,13,1,2,6,139.635714285714,1,1,1,2, ,1,CHARQUI,4211,12,00,KILOGRAMO,12,1,0,00, , , , ,7,00,5,00, 
2021,08,CUSCO,08,ESPINAR,06,PICHIGUA,16712,00128,14,1,2,6,139.635714285714,1,1,1,2, ,3,CHARQUI,4211,12,00,KILOGRAMO,12,1,0,00, , , , ,12,00,0,00, 
2021,08,CUSCO,08,ESPINAR,06,PICHIGUA,16712,00128,14,1,2,6,139.635714285714,1,1,1,1,1,1,YOGURT,4213,690,00,LITRO,14,1,650,00,5,00,3250,5,40,00,0,00, 
2021,08,CUSCO,08,ESPINAR,06,PICHIGUA,16712,00128,14,1,2,6,139.635714285714,1,1,1,1,1,2,QUESO,4208,150,00,UNIDAD,24,.5,140,00,7,00,980,14,10,00,0,00, 
2021,08,CUSCO,08,ESPINAR,05,PALLPATA,16738,00011,1,1,2,6,139.635714285714,1,1,1,1,1,1,QUESO,4208,20,00,UNIDAD,24,.5,0,00, , , , ,20,00,0,00, 
2021,08,CUSCO,08,ESPINAR,05,PALLPATA,16738,00014,2,1,2,6,139.635714285714,1,1,1,1,1,2,QUESO,4208,20,00,UNIDAD,24,.5,0,00, , , , ,15,00,5,00, 
2021,08,CUSCO,08,ESPINAR,05,PALLPATA,16738,00014,2,1,2,6,139.635714285714,1,1,1,1,1,1,YOGURT,4213,40,00,LITRO,14,1,0,00, , , , ,30,00,10,00, 
2021,08,CUSCO,08,ESPINAR,05,PALLPATA,16738,00025,3,1,2,6,139.635714285714,1,1,1,1,1,1,QUESO,4208,156,00,UNIDAD,24,.5,0,00, , , , ,56,00,100,00, 
2021,08,CUSCO,08,ESPINAR,05,PALLPATA,16738,00040,4,1,2,6,139.635714285714,1,1,1,1,1,1,QUESO,4208,110,00,KILOGRAMO,12,1,0,00, , , , ,100,00,10,00, 
2021,08,CUSCO,08,ESPINAR,05,PALLPATA,16738,00040,4,1,2,6,139.635714285714,1,1,1,1,1,2,YOGURT,4213,500,00,LITRO,14,1,0,00, , , , ,480,00,20,00, 
2021,08,CUSCO,08,ESPINAR,05,PALLPATA,16738,00044,5,1,2,6,139.635714285714,1,1,1,1,1,1,QUESO,4208,20,00,UNIDAD,24,.5,0,00, , , , ,10,00,10,00, 
2021,08,CUSCO,08,ESPINAR,05,PALLPATA,16738,00052,6,1,2,6,139.635714285714,1,1,1,1,1,1,QUESO,4208,40,00,UNIDAD,24,.4,0,00, , , , ,30,00,10,00, 
2021,08,CUSCO,08,ESPINAR,05,PALLPATA,16738,00052,6,1,2,6,139.635714285714,1,1,1,2, ,2,CHARQUI,4211,10,00,KILOGRAMO,12,1,0,00, , , , ,3,00,7,00, 
2021,08,CUSCO,08,ESPINAR,05,PALLPATA,16738,00092,10,1,2,6,139.635714285714,1,1,1,2, ,1,CHARQUI,4211,10,00,KILOGRAMO,12,1,0,00, , , , ,8,00,2,00, 
2021,08,CUSCO,08,ESPINAR,05,PALLPATA,16738,00104,11,1,2,6,139.635714285714,1,1,1,1,1,2,QUESO,4208,120,00,MOLDE,41,.3,50,00,4,00,200,13.3333,60,00,10,00, 
2021,08,CUSCO,08,ESPINAR,05,PALLPATA,16738,00104,11,1,2,6,139.635714285714,1,1,1,2, ,1,CHARQUI,4211,30,00,KILOGRAMO,12,1,0,00, , , , ,25,00,5,00, 
2021,08,CUSCO,08,ESPINAR,05,PALLPATA,16738,00134,13,1,2,6,139.635714285714,1,1,1,1,1,1,QUESO,4208,10,00,UNIDAD,24,.5,0,00, , , , ,10,00,0,00, 
2021,08,CUSCO,08,ESPINAR,05,PALLPATA,16738,00143,14,1,2,6,139.635714285714,1,1,1,"2,6", ,1,CHARQUI,4211,24,00,KILOGRAMO,12,1,0,00, , , , ,20,00,4,00, 
2021,17,MADRE DE DIOS,01,TAMBOPATA,04,LABERINTO,16773,00042,7,1,3,7,8.16666666666667,1,1,1,1,1,1,QUESO,4208,1200,00,UNIDAD,24,1,1190,00,22,00,26180,22,10,00,0,00, 
2021,17,MADRE DE DIOS,03,TAHUAMANU,01,IÑAPARI,16798,00001,1,1,3,7,10.4615384615385,1,1,1,1,1,1,QUESO,4208,32,00,UNIDAD,24,1,20,00,25,00,500,25,12,00,0,00, 
2021,17,MADRE DE DIOS,03,TAHUAMANU,01,IÑAPARI,16798,00035,4,1,3,7,10.4615384615385,1,1,1,1,1,1,QUESO,4208,100,00,UNIDAD,24,1,40,00,25,00,1000,25,20,00,40,00, 
2021,17,MADRE DE DIOS,03,TAHUAMANU,01,IÑAPARI,16798,00098,10,1,3,7,10.4615384615385,1,1,1,1,1,1,QUESO,4208,700,00,UNIDAD,24,1,600,00,25,00,15000,25,100,00,0,00, 
2021,17,MADRE DE DIOS,03,TAHUAMANU,01,IÑAPARI,16799,00010,2,1,3,7,8.38461538461538,1,1,1,1,1,1,QUESO,4208,100,00,MOLDE,41,.5,0,00, , , , ,50,00,50,00, 
2021,17,MADRE DE DIOS,03,TAHUAMANU,01,IÑAPARI,16799,00030,5,1,3,7,8.38461538461538,1,1,1,1,1,1,QUESO,4208,100,00,MOLDE,41,1,50,00,20,00,1000,20,40,00,10,00, 
2021,17,MADRE DE DIOS,03,TAHUAMANU,03,TAHUAMANU,16812,00008,2,1,3,7,10.9090909090909,1,1,1,1,1,1,QUESO,4208,5,00,KILOGRAMO,12,1,0,00, , , , ,5,00,0,00, 
2021,21,PUNO,03,CARABAYA,09,SAN GABAN,16833,00087,6,1,3,7,54.7628205128205,1,1,1,1,1,1,QUESO,4208,93,00,MOLDE,41,2,0,00, , , , ,93,00,0,00, 
2021,21,PUNO,03,CARABAYA,09,SAN GABAN,16833,00130,8,1,3,7,54.7628205128205,1,1,1,1,1,1,QUESO,4208,50,00,UNIDAD,24,1.5,0,00, , , , ,50,00,0,00, 
2021,21,PUNO,03,CARABAYA,03,AYAPATA,16843,00058,6,1,2,6,170.00873015873,1,1,1,1,1,2,QUESO,4208,33,00,UNIDAD,24,.5,0,00, , , , ,33,00,0,00, 
2021,21,PUNO,03,CARABAYA,03,AYAPATA,16843,00058,6,1,2,6,170.00873015873,1,1,1,2, ,1,CHARQUI,4211,2,00,KILOGRAMO,12,1,0,00, , , , ,2,00,0,00, 
2021,21,PUNO,03,CARABAYA,03,AYAPATA,16843,00082,8,1,2,6,170.00873015873,1,1,1,1,1,1,QUESO,4208,20,00,UNIDAD,24,.25,0,00, , , , ,20,00,0,00, 
2021,21,PUNO,12,SANDIA,04,PATAMBUCO,16959,00068,7,1,2,6,170.00873015873,1,1,1,6, ,1,CHARQUI,4211,24,00,KILOGRAMO,12,1,0,00, , , , ,24,00,0,00, 
2021,21,PUNO,12,SANDIA,04,PATAMBUCO,16959,00116,12,1,2,6,170.00873015873,1,1,1,2, ,1,CHARQUI,4211,5,00,KILOGRAMO,12,1,0,00, , , , ,5,00,0,00, 
2021,21,PUNO,12,SANDIA,04,PATAMBUCO,16959,00130,14,1,2,6,170.00873015873,1,1,1,6, ,1,CHARQUI,4211,11,00,KILOGRAMO,12,1,0,00, , , , ,11,00,0,00, 
2021,21,PUNO,12,SANDIA,04,PATAMBUCO,16962,00002,1,1,2,6,170.00873015873,1,1,1,1, ,1,CHARQUI,4211,25,00,KILOGRAMO,12,1,0,00, , , , ,25,00,0,00, 
2021,21,PUNO,12,SANDIA,04,PATAMBUCO,16962,00028,3,1,2,6,170.00873015873,1,1,1,2, ,1,CHARQUI,4211,2,00,KILOGRAMO,12,1,0,00, , , , ,2,00,0,00, 
2021,21,PUNO,12,SANDIA,04,PATAMBUCO,16962,00052,6,1,2,6,170.00873015873,1,1,1,2, ,1,CHARQUI,4211,3,00,KILOGRAMO,12,1,0,00, , , , ,3,00,0,00, 
2021,21,PUNO,10,SAN ANTONIO DE PUTINA,01,PUTINA,17005,00003,1,1,2,6,170.00873015873,1,0,1,"2,6", ,1,CHARQUI,4211,27,00,KILOGRAMO,12,1,0,00, , , , ,27,00,0,00, 
2021,21,PUNO,10,SAN ANTONIO DE PUTINA,01,PUTINA,17005,00020,3,1,2,6,170.00873015873,1,0,1,6, ,1,CHARQUI,4211,20,00,KILOGRAMO,12,1,0,00, , , , ,20,00,0,00, 
2021,21,PUNO,10,SAN ANTONIO DE PUTINA,01,PUTINA,17005,00028,4,1,2,6,170.00873015873,1,0,1,6, ,1,CHARQUI,4211,16,00,KILOGRAMO,12,1,0,00, , , , ,16,00,0,00, 
2021,21,PUNO,10,SAN ANTONIO DE PUTINA,01,PUTINA,17005,00045,6,1,2,6,170.00873015873,1,0,1,6, ,1,CHARQUI,4211,40,00,KILOGRAMO,12,1,0,00, , , , ,40,00,0,00, 
2021,21,PUNO,10,SAN ANTONIO DE PUTINA,01,PUTINA,17005,00113,14,1,2,6,170.00873015873,1,0,1,"2,6", ,1,CHARQUI,4211,8,00,KILOGRAMO,12,1,0,00, , , , ,8,00,0,00, 
2021,21,PUNO,10,SAN ANTONIO DE PUTINA,01,PUTINA,17006,00003,1,1,2,6,170.00873015873,1,1,1,1,1,1,QUESO,4208,20,00,UNIDAD,24,.2,0,00, , , , ,20,00,0,00, 
2021,21,PUNO,10,SAN ANTONIO DE PUTINA,01,PUTINA,17006,00068,6,1,2,6,170.00873015873,1,1,1,1,1,1,QUESO,4208,20,00,UNIDAD,24,.5,0,00, , , , ,20,00,0,00, 
2021,21,PUNO,10,SAN ANTONIO DE PUTINA,01,PUTINA,17006,00074,7,1,2,6,170.00873015873,1,1,1,1,1,1,QUESO,4208,50,00,UNIDAD,24,.4,0,00, , , , ,50,00,0,00, 
2021,21,PUNO,10,SAN ANTONIO DE PUTINA,01,PUTINA,17006,00078,8,1,2,6,170.00873015873,1,1,1,2, ,1,CHARQUI,4211,90,00,KILOGRAMO,12,1,0,00, , , , ,90,00,0,00, 
2021,21,PUNO,10,SAN ANTONIO DE PUTINA,01,PUTINA,17006,00095,9,1,2,6,170.00873015873,1,1,1,1,1,1,QUESO,4208,20,00,UNIDAD,24,.5,0,00, , , , ,20,00,0,00, 
2021,21,PUNO,10,SAN ANTONIO DE PUTINA,01,PUTINA,17006,00098,10,1,2,6,170.00873015873,1,1,1,1,1,1,QUESO,4208,35,00,UNIDAD,24,.3,0,00, , , , ,35,00,0,00, 
2021,21,PUNO,10,SAN ANTONIO DE PUTINA,01,PUTINA,17006,00109,11,1,2,6,170.00873015873,1,1,1,1,1,1,QUESO,4208,100,00,UNIDAD,24,.3,0,00, , , , ,100,00,0,00, 
2021,21,PUNO,10,SAN ANTONIO DE PUTINA,01,PUTINA,17006,00116,12,1,2,6,170.00873015873,1,1,1,1,1,1,QUESO,4208,40,00,UNIDAD,24,.2,10,00,4,00,40,20,30,00,0,00, 
2021,21,PUNO,10,SAN ANTONIO DE PUTINA,01,PUTINA,17006,00119,13,1,2,6,170.00873015873,1,1,1,1,1,1,QUESO,4208,42,00,UNIDAD,24,.5,35,00,8,00,280,16,7,00,0,00, 
2021,21,PUNO,02,AZANGARO,08,MUÑANI,17051,00010,2,1,2,6,170.00873015873,1,1,1,1,1,1,QUESO,4208,100,00,UNIDAD,24,1,100,00,11,00,1100,11,0,00,0,00, 
2021,21,PUNO,02,AZANGARO,08,MUÑANI,17051,00015,3,1,2,6,170.00873015873,1,1,1,1,1,1,QUESO,4208,144,00,UNIDAD,24,1.2,144,00,10,00,1440,8.3333,0,00,0,00, 
2021,21,PUNO,02,AZANGARO,08,MUÑANI,17051,00020,4,1,2,6,170.00873015873,1,1,1,1,1,2,QUESO,4208,20,00,UNIDAD,24,1,20,00,10,00,200,10,0,00,0,00, 
2021,21,PUNO,02,AZANGARO,08,MUÑANI,17051,00020,4,1,2,6,170.00873015873,1,1,1,2, ,1,CHARQUI,4211,14,00,KILOGRAMO,12,1,0,00, , , , ,14,00,0,00, 
2021,21,PUNO,02,AZANGARO,08,MUÑANI,17051,00032,6,1,2,6,170.00873015873,1,1,1,1,1,1,QUESO,4208,250,00,KILOGRAMO,12,1,200,00,10,00,2000,10,50,00,0,00, 
2021,21,PUNO,02,AZANGARO,08,MUÑANI,17051,00037,7,1,2,6,170.00873015873,1,1,1,2, ,1,CHARQUI,4211,5,00,KILOGRAMO,12,1,0,00, , , , ,5,00,0,00, 
2021,21,PUNO,02,AZANGARO,08,MUÑANI,17051,00037,7,1,2,6,170.00873015873,1,1,1,1,1,2,QUESO,4208,16,00,UNIDAD,24,.5,10,00,5,00,50,10,6,00,0,00, 
2021,21,PUNO,02,AZANGARO,08,MUÑANI,17051,00040,8,1,2,6,170.00873015873,1,1,1,1,1,1,QUESO,4208,6,00,UNIDAD,24,1,0,00, , , , ,6,00,0,00, 
2021,21,PUNO,02,AZANGARO,08,MUÑANI,17051,00060,12,1,2,6,170.00873015873,1,1,1,1,1,1,QUESO,4208,25,00,UNIDAD,24,.5,0,00, , , , ,25,00,0,00, 
2021,21,PUNO,02,AZANGARO,12,SAN JOSE,17060,00008,1,1,2,6,170.00873015873,1,1,1,1,1,1,QUESO,4208,72,00,UNIDAD,24,.8,50,00,12,00,600,15,22,00,0,00, 
2021,21,PUNO,02,AZANGARO,12,SAN JOSE,17060,00013,2,1,2,6,170.00873015873,1,1,1,6, ,2,CHARQUI,4211,12,00,KILOGRAMO,12,1,0,00, , , , ,12,00,0,00, 
2021,21,PUNO,02,AZANGARO,12,SAN JOSE,17060,00013,2,1,2,6,170.00873015873,1,1,1,1,1,1,QUESO,4208,83,00,MOLDE,41,.5,0,00, , , , ,50,00,33,00, 
2021,21,PUNO,02,AZANGARO,12,SAN JOSE,17060,00030,4,1,2,6,170.00873015873,1,1,1,1,1,1,QUESO,4208,100,00,MOLDE,41,.5,0,00, , , , ,70,00,30,00, 
2021,21,PUNO,02,AZANGARO,12,SAN JOSE,17060,00039,5,1,2,6,170.00873015873,1,1,1,1,1,1,QUESO,4208,250,00,MOLDE,41,1,200,00,13,00,2600,13,50,00,0,00, 
2021,21,PUNO,02,AZANGARO,12,SAN JOSE,17060,00068,10,1,2,6,170.00873015873,1,1,1,6, ,1,CHARQUI,4211,10,00,KILOGRAMO,12,1,0,00, , , , ,10,00,0,00, 
2021,21,PUNO,02,AZANGARO,12,SAN JOSE,17060,00071,11,1,2,6,170.00873015873,1,1,1,6, ,2,CHARQUI,4211,8,00,KILOGRAMO,12,1,0,00, , , , ,8,00,0,00, 
2021,21,PUNO,02,AZANGARO,12,SAN JOSE,17060,00071,11,1,2,6,170.00873015873,1,1,1,1,1,1,QUESO,4208,100,00,UNIDAD,24,.4,0,00, , , , ,80,00,20,00, 
2021,21,PUNO,02,AZANGARO,12,SAN JOSE,17060,00097,13,1,2,6,170.00873015873,1,1,1,1,1,1,QUESO,4208,66,00,MOLDE,41,.5,0,00, , , , ,50,00,16,00, 
2021,21,PUNO,02,AZANGARO,12,SAN JOSE,17060,00101,14,1,2,6,170.00873015873,1,1,1,1,1,1,QUESO,4208,80,00,MOLDE,41,.8,20,00,10,00,200,12.5,40,00,20,00, 
2021,21,PUNO,02,AZANGARO,12,SAN JOSE,17067,00015,3,1,2,6,170.00873015873,1,1,1,5, ,1,CHARQUI,4211,40,00,KILOGRAMO,12,1,0,00, , , , ,30,00,10,00, 
2021,21,PUNO,02,AZANGARO,12,SAN JOSE,17067,00015,3,1,2,6,170.00873015873,1,1,1,1,1,2,QUESO,4208,7,00,UNIDAD,24,1,0,00, , , , ,5,00,2,00, 
2021,21,PUNO,02,AZANGARO,12,SAN JOSE,17067,00075,10,1,2,6,170.00873015873,1,1,1,1,1,1,QUESO,4208,40,00,UNIDAD,24,1,35,00,10,00,350,10,5,00,0,00, 
2021,21,PUNO,02,AZANGARO,12,SAN JOSE,17067,00079,11,1,2,6,170.00873015873,1,1,1,1,1,1,QUESO,4208,100,00,UNIDAD,24,1,85,00,10,00,850,10,5,00,10,00, 
2021,21,PUNO,02,AZANGARO,12,SAN JOSE,17067,00103,14,1,2,6,170.00873015873,1,1,1,2, ,1,CHARQUI,4211,10,00,KILOGRAMO,12,1,0,00, , , , ,10,00,0,00, 
2021,21,PUNO,02,AZANGARO,07,JOSE DOMINGO CHOQUEHUANCA,17110,00050,6,1,2,6,183.086324786325,1,1,1,1,1,1,QUESO,4208,27,00,UNIDAD,24,1,0,00, , , , ,27,00,0,00, 
2021,21,PUNO,02,AZANGARO,07,JOSE DOMINGO CHOQUEHUANCA,17110,00069,8,1,2,6,183.086324786325,1,1,1,1,1,1,QUESO,4208,16,00,UNIDAD,24,.5,0,00, , , , ,16,00,0,00, 
2021,21,PUNO,02,AZANGARO,07,JOSE DOMINGO CHOQUEHUANCA,17110,00084,9,1,2,6,183.086324786325,1,1,1,1,1,1,QUESO,4208,20,00,UNIDAD,24,.3,0,00, , , , ,20,00,0,00, 
2021,21,PUNO,02,AZANGARO,07,JOSE DOMINGO CHOQUEHUANCA,17110,00112,11,1,2,6,183.086324786325,1,1,1,1,1,1,QUESO,4208,8,00,UNIDAD,24,.5,0,00, , , , ,8,00,0,00, 
2021,21,PUNO,02,AZANGARO,07,JOSE DOMINGO CHOQUEHUANCA,17110,00129,13,1,2,6,183.086324786325,1,1,1,1,1,1,QUESO,4208,30,00,UNIDAD,24,.5,0,00, , , , ,30,00,0,00, 
2021,21,PUNO,02,AZANGARO,01,AZANGARO,17121,00029,4,1,2,6,170.00873015873,1,1,1,1,1,1,QUESO,4208,640,00,KILOGRAMO,12,1,590,00,10,00,5900,10,10,00,40,00, 
2021,21,PUNO,02,AZANGARO,01,AZANGARO,17121,00038,5,1,2,6,170.00873015873,1,1,1,1, ,1,CHARQUI,4211,100,00,KILOGRAMO,12,1,0,00, , , , ,70,00,30,00, 
2021,21,PUNO,02,AZANGARO,01,AZANGARO,17121,00047,6,1,2,6,170.00873015873,1,1,1,1,1,1,QUESO,4208,30,00,MOLDE,41,.25,0,00, , , , ,30,00,0,00, 
2021,21,PUNO,02,AZANGARO,01,AZANGARO,17121,00065,8,1,2,6,170.00873015873,1,1,1,"1,2", ,1,CHARQUI,4211,40,00,KILOGRAMO,12,1,0,00, , , , ,10,00,30,00, 
2021,21,PUNO,02,AZANGARO,01,AZANGARO,17121,00094,11,1,2,6,170.00873015873,1,1,1,"1,6", ,2,CHARQUI,4211,50,00,KILOGRAMO,12,1,0,00, , , , ,10,00,40,00, 
2021,21,PUNO,02,AZANGARO,01,AZANGARO,17121,00094,11,1,2,6,170.00873015873,1,1,1,1,1,1,QUESO,4208,320,40,KILOGRAMO,12,1,310,00,13,00,4030,13,10,40,0,00, 
2021,21,PUNO,02,AZANGARO,01,AZANGARO,17121,00115,13,1,2,6,170.00873015873,1,1,1,2, ,1,CHARQUI,4211,4,00,KILOGRAMO,12,1,0,00, , , , ,4,00,0,00, 
2021,21,PUNO,02,AZANGARO,01,AZANGARO,17121,00115,13,1,2,6,170.00873015873,1,1,1,1,1,2,QUESO,4208,61,40,KILOGRAMO,12,1,0,00, , , , ,46,40,15,00, 
2021,21,PUNO,02,AZANGARO,13,SAN JUAN DE SALINAS,17143,00019,2,1,2,6,170.00873015873,1,1,1,1,1,1,QUESO,4208,4,00,KILOGRAMO,12,1,0,00, , , , ,4,00,0,00, 
2021,21,PUNO,02,AZANGARO,13,SAN JUAN DE SALINAS,17143,00041,5,1,2,6,170.00873015873,1,1,1,2, ,1,CHARQUI,4211,6,00,KILOGRAMO,12,1,0,00, , , , ,6,00,0,00, 
2021,21,PUNO,02,AZANGARO,13,SAN JUAN DE SALINAS,17143,00067,8,1,2,6,170.00873015873,1,1,1,1,1,2,QUESO,4208,18,00,KILOGRAMO,12,1,9,00,10,50,95,10.5,9,00,0,00, 
2021,21,PUNO,02,AZANGARO,13,SAN JUAN DE SALINAS,17143,00067,8,1,2,6,170.00873015873,1,1,1,2, ,1,CHARQUI,4211,6,00,KILOGRAMO,12,1,0,00, , , , ,6,00,0,00, 
2021,21,PUNO,02,AZANGARO,13,SAN JUAN DE SALINAS,17143,00079,9,1,2,6,170.00873015873,1,1,1,1,1,2,QUESO,4208,19,00,KILOGRAMO,12,1,0,00, , , , ,19,00,0,00, 
2021,21,PUNO,02,AZANGARO,13,SAN JUAN DE SALINAS,17143,00079,9,1,2,6,170.00873015873,1,1,1,2, ,1,CHARQUI,4211,5,00,KILOGRAMO,12,1,0,00, , , , ,5,00,0,00, 
2021,21,PUNO,02,AZANGARO,13,SAN JUAN DE SALINAS,17143,00115,12,1,2,6,170.00873015873,1,1,1,5, ,1,CHARQUI,4211,20,00,KILOGRAMO,12,1,0,00, , , , ,10,00,10,00, 
2021,21,PUNO,02,AZANGARO,13,SAN JUAN DE SALINAS,17143,00126,13,1,2,6,170.00873015873,1,1,1,1,1,2,QUESO,4208,44,00,KILOGRAMO,12,1,0,00, , , , ,44,00,0,00, 
2021,21,PUNO,02,AZANGARO,13,SAN JUAN DE SALINAS,17143,00126,13,1,2,6,170.00873015873,1,1,1,5, ,1,CHARQUI,4211,25,00,KILOGRAMO,12,1,0,00, , , , ,25,00,0,00, 
2021,21,PUNO,02,AZANGARO,13,SAN JUAN DE SALINAS,17143,00140,14,1,2,6,170.00873015873,1,1,1,1,1,1,QUESO,4208,30,00,KILOGRAMO,12,1,15,00,10,00,150,10,15,00,0,00, 
2021,21,PUNO,02,AZANGARO,14,SANTIAGO DE PUPUJA,17153,00001,1,1,2,6,170.00873015873,1,1,1,2, ,1,CHARQUI,4211,30,00,KILOGRAMO,12,1,0,00, , , , ,30,00,0,00, 
2021,21,PUNO,02,AZANGARO,14,SANTIAGO DE PUPUJA,17153,00060,9,1,2,6,170.00873015873,1,1,1,2, ,1,CHARQUI,4211,15,00,KILOGRAMO,12,1,0,00, , , , ,15,00,0,00, 
2021,21,PUNO,02,AZANGARO,03,ARAPA,17194,00085,10,1,2,6,170.00873015873,1,1,1,1,1,1,QUESO,4208,90,00,MOLDE,41,.8,0,00, , , , ,90,00,0,00, 
2021,21,PUNO,02,AZANGARO,03,ARAPA,17195,00048,6,1,2,6,170.00873015873,1,1,1,1,1,1,QUESO,4208,10,00,UNIDAD,24,.5,0,00, , , , ,10,00,0,00, 
2021,21,PUNO,02,AZANGARO,06,CHUPA,17207,00015,3,1,2,6,170.00873015873,1,1,1,1,1,1,QUESO,4208,42,00,UNIDAD,24,.2,0,00, , , , ,42,00,0,00, 
2021,21,PUNO,02,AZANGARO,06,CHUPA,17207,00029,5,1,2,6,170.00873015873,1,1,1,1,1,1,QUESO,4208,52,00,UNIDAD,24,.2,10,00,4,00,40,20,42,00,0,00, 
2021,21,PUNO,02,AZANGARO,06,CHUPA,17207,00053,8,1,2,6,170.00873015873,1,1,1,1,1,1,QUESO,4208,70,00,UNIDAD,24,.2,30,00,4,00,120,20,35,00,5,00, 
2021,21,PUNO,02,AZANGARO,10,SAMAN,17235,00053,5,1,2,6,170.00873015873,1,1,1,2, ,1,CHARQUI,4211,5,00,KILOGRAMO,12,1,0,00, , , , ,5,00,0,00, 
2021,21,PUNO,02,AZANGARO,10,SAMAN,17235,00069,7,1,2,6,170.00873015873,1,1,1,1,1,1,QUESO,4208,88,00,UNIDAD,24,.25,0,00, , , , ,88,00,0,00, 
2021,21,PUNO,02,AZANGARO,10,SAMAN,17235,00069,7,1,2,6,170.00873015873,1,1,1,2, ,2,CHARQUI,4211,6,00,KILOGRAMO,12,1,0,00, , , , ,6,00,0,00, 
2021,21,PUNO,02,AZANGARO,10,SAMAN,17242,00086,11,1,2,6,170.00873015873,1,1,1,1,1,1,QUESO,4208,100,00,UNIDAD,24,.25,0,00, , , , ,100,00,0,00, 
2021,21,PUNO,08,MELGAR,06,NUÑOA,17303,00004,1,1,2,6,170.00873015873,1,1,1,2, ,1,CHARQUI,4211,8,00,KILOGRAMO,12,1,0,00, , , , ,8,00,0,00, 
2021,21,PUNO,08,MELGAR,06,NUÑOA,17303,00016,2,1,2,6,170.00873015873,1,1,1,2, ,1,CHARQUI,4211,3,00,KILOGRAMO,12,1,0,00, , , , ,3,00,0,00, 
2021,21,PUNO,08,MELGAR,06,NUÑOA,17303,00069,7,1,2,6,170.00873015873,1,1,1,6, ,1,CHARQUI,4211,5,00,KILOGRAMO,12,1,0,00, , , , ,5,00,0,00, 
2021,21,PUNO,08,MELGAR,06,NUÑOA,17303,00115,12,1,2,6,170.00873015873,1,1,1,2, ,1,CHARQUI,4211,4,00,KILOGRAMO,12,1,0,00, , , , ,4,00,0,00, 
2021,21,PUNO,08,MELGAR,06,NUÑOA,17303,00117,13,1,2,6,170.00873015873,1,1,1,6, ,1,CHARQUI,4211,5,00,KILOGRAMO,12,1,0,00, , , , ,5,00,0,00, 
2021,21,PUNO,08,MELGAR,06,NUÑOA,17303,00122,14,1,2,6,170.00873015873,1,1,1,2, ,1,CHARQUI,4211,4,00,KILOGRAMO,12,1,0,00, , , , ,4,00,0,00, 
2021,21,PUNO,08,MELGAR,01,AYAVIRI,17334,00014,2,1,2,6,170.00873015873,1,1,1,2, ,1,CHARQUI,4211,16,00,KILOGRAMO,12,1,0,00, , , , ,12,00,4,00, 
2021,21,PUNO,08,MELGAR,01,AYAVIRI,17334,00017,3,1,2,6,170.00873015873,1,1,1,2, ,1,CHARQUI,4211,6,00,KILOGRAMO,12,1,0,00, , , , ,6,00,0,00, 
2021,21,PUNO,08,MELGAR,01,AYAVIRI,17334,00058,7,1,2,6,170.00873015873,1,1,1,1,1,1,QUESO,4208,40,00,KILOGRAMO,12,1,0,00, , , , ,40,00,0,00, 
2021,21,PUNO,08,MELGAR,01,AYAVIRI,17334,00086,9,1,2,6,170.00873015873,1,1,1,2, ,1,CHARQUI,4211,5,00,KILOGRAMO,12,1,0,00, , , , ,5,00,0,00, 
2021,21,PUNO,08,MELGAR,01,AYAVIRI,17334,00097,10,1,2,6,170.00873015873,1,1,1,"2,5", ,1,CHARQUI,4211,15,00,KILOGRAMO,12,1,0,00, , , , ,15,00,0,00, 
2021,21,PUNO,08,MELGAR,01,AYAVIRI,17334,00097,10,1,2,6,170.00873015873,1,1,1,1,1,2,QUESO,4208,16,00,KILOGRAMO,12,1,0,00, , , , ,16,00,0,00, 
2021,21,PUNO,08,MELGAR,01,AYAVIRI,17334,00103,11,1,2,6,170.00873015873,1,1,1,2, ,1,CHARQUI,4211,6,00,KILOGRAMO,12,1,0,00, , , , ,6,00,0,00, 
2021,21,PUNO,08,MELGAR,01,AYAVIRI,17334,00107,12,1,2,6,170.00873015873,1,1,1,2, ,1,CHARQUI,4211,12,00,KILOGRAMO,12,1,0,00, , , , ,12,00,0,00, 
2021,21,PUNO,08,MELGAR,01,AYAVIRI,17334,00107,12,1,2,6,170.00873015873,1,1,1,1,1,2,QUESO,4208,18,00,KILOGRAMO,12,1,0,00, , , , ,18,00,0,00, 
2021,21,PUNO,08,MELGAR,01,AYAVIRI,17334,00121,13,1,2,6,170.00873015873,1,1,1,1,1,1,QUESO,4208,38,00,KILOGRAMO,12,1,0,00, , , , ,38,00,0,00, 
2021,21,PUNO,08,MELGAR,01,AYAVIRI,17334,00124,14,1,2,6,170.00873015873,1,1,1,1,1,1,QUESO,4208,4,00,KILOGRAMO,12,1,0,00, , , , ,4,00,0,00, 
2021,21,PUNO,08,MELGAR,09,UMACHIRI,17353,00018,1,1,2,6,170.00873015873,1,1,1,1,1,1,QUESO,4208,6700,00,UNIDAD,24,1,6000,00,15,00,90000,15,500,00,200,00, 
2021,21,PUNO,08,MELGAR,09,UMACHIRI,17353,00071,5,1,2,6,170.00873015873,1,1,1,1,1,1,QUESO,4208,80,00,UNIDAD,24,.5,0,00, , , , ,50,00,30,00, 
2021,21,PUNO,08,MELGAR,09,UMACHIRI,17353,00081,6,1,2,6,170.00873015873,1,1,1,1,1,1,QUESO,4208,100,00,UNIDAD,24,.5,0,00, , , , ,80,00,20,00, 
2021,21,PUNO,08,MELGAR,09,UMACHIRI,17353,00084,7,1,2,6,170.00873015873,1,1,1,1,1,1,QUESO,4208,50,00,UNIDAD,24,.9,0,00, , , , ,40,00,10,00, 
2021,21,PUNO,08,MELGAR,04,LLALLI,17362,00037,5,1,2,6,170.00873015873,1,1,1,1,1,1,QUESO,4208,250,00,UNIDAD,24,1,240,00,13,00,3120,13,10,00,0,00, 
2021,21,PUNO,07,LAMPA,08,PUCARA,17376,00055,9,1,2,6,170.00873015873,1,1,1,2, ,1,CHARQUI,4211,3,00,KILOGRAMO,12,1,0,00, , , , ,3,00,0,00, 
2021,21,PUNO,07,LAMPA,08,PUCARA,17376,00061,10,1,2,6,170.00873015873,1,1,1,2, ,1,CHARQUI,4211,3,00,KILOGRAMO,12,1,0,00, , , , ,3,00,0,00, 
2021,21,PUNO,07,LAMPA,08,PUCARA,17376,00069,11,1,2,6,170.00873015873,1,1,1,2, ,1,CHARQUI,4211,14,00,KILOGRAMO,12,1,0,00, , , , ,14,00,0,00, 
2021,21,PUNO,07,LAMPA,08,PUCARA,17376,00082,12,1,2,6,170.00873015873,1,1,1,1,1,2,QUESO,4208,17,00,MOLDE,41,.4,0,00, , , , ,17,00,0,00, 
2021,21,PUNO,07,LAMPA,08,PUCARA,17376,00082,12,1,2,6,170.00873015873,1,1,1,2, ,1,CHARQUI,4211,3,00,KILOGRAMO,12,1,0,00, , , , ,3,00,0,00, 
2021,21,PUNO,07,LAMPA,08,PUCARA,17376,00089,13,1,2,6,170.00873015873,1,1,1,2, ,1,CHARQUI,4211,8,00,KILOGRAMO,12,1,0,00, , , , ,8,00,0,00, 
2021,21,PUNO,07,LAMPA,03,CALAPUJA,17396,00056,8,1,2,6,183.086324786325,1,1,1,2, ,1,CHARQUI,4211,7,00,KILOGRAMO,12,1,0,00, , , , ,7,00,0,00, 
2021,21,PUNO,07,LAMPA,03,CALAPUJA,17396,00064,9,1,2,6,183.086324786325,1,1,1,2, ,1,CHARQUI,4211,7,00,KILOGRAMO,12,1,0,00, , , , ,7,00,0,00, 
2021,21,PUNO,07,LAMPA,03,CALAPUJA,17396,00071,11,1,2,6,183.086324786325,1,1,1,2, ,1,CHARQUI,4211,10,00,KILOGRAMO,12,1,0,00, , , , ,10,00,0,00, 
2021,21,PUNO,07,LAMPA,03,CALAPUJA,17396,00071,11,1,2,6,183.086324786325,1,1,1,1,1,2,QUESO,4208,60,00,MOLDE,41,.5,0,00, , , , ,60,00,0,00, 
2021,21,PUNO,07,LAMPA,03,CALAPUJA,17396,00099,14,1,2,6,183.086324786325,1,1,1,1,1,1,QUESO,4208,30,00,MOLDE,41,1,0,00, , , , ,30,00,0,00, 
2021,21,PUNO,07,LAMPA,01,LAMPA,17412,00012,3,1,2,6,170.00873015873,1,1,1,1,1,1,QUESO,4208,20,00,KILOGRAMO,12,1,0,00, , , , ,13,00,7,00, 
2021,21,PUNO,07,LAMPA,01,LAMPA,17412,00018,4,1,2,6,170.00873015873,1,1,1,1,1,1,QUESO,4208,28,00,KILOGRAMO,12,1,0,00, , , , ,20,00,8,00, 
2021,21,PUNO,07,LAMPA,01,LAMPA,17412,00027,5,1,2,6,170.00873015873,1,1,1,1,1,1,QUESO,4208,19,00,KILOGRAMO,12,1,0,00, , , , ,11,00,8,00, 
2021,21,PUNO,07,LAMPA,01,LAMPA,17412,00052,10,1,2,6,170.00873015873,1,1,1,2, ,1,CHARQUI,4211,8,00,KILOGRAMO,12,1,0,00, , , , ,8,00,0,00, 
2021,21,PUNO,07,LAMPA,01,LAMPA,17412,00060,12,1,2,6,170.00873015873,1,1,1,2, ,1,CHARQUI,4211,3,00,KILOGRAMO,12,1,0,00, , , , ,3,00,0,00, 
2021,21,PUNO,11,SAN ROMAN,04,CARACOTO,17477,00082,8,1,2,6,170.00873015873,1,1,1,1,1,1,QUESO,4208,160,00,UNIDAD,24,.5,100,00,6,00,600,12,60,00,0,00, 
2021,21,PUNO,11,SAN ROMAN,04,CARACOTO,17477,00123,13,1,2,6,170.00873015873,1,1,1,1,1,1,QUESO,4208,130,00,UNIDAD,24,1,110,00,10,00,1100,10,20,00,0,00, 
2021,21,PUNO,11,SAN ROMAN,04,CARACOTO,17482,00019,2,1,2,6,170.00873015873,1,1,1,1,1,1,QUESO,4208,162,00,KILOGRAMO,12,1,80,00,10,00,800,10,82,00,0,00, 
2021,21,PUNO,11,SAN ROMAN,04,CARACOTO,17482,00043,4,1,2,6,170.00873015873,1,1,1,6, ,1,CHARQUI,4211,10,00,KILOGRAMO,12,1,0,00, , , , ,10,00,0,00, 
2021,21,PUNO,11,SAN ROMAN,04,CARACOTO,17482,00069,7,1,2,6,170.00873015873,1,1,1,1,1,1,QUESO,4208,2,00,KILOGRAMO,12,1,0,00, , , , ,2,00,0,00, 
2021,21,PUNO,11,SAN ROMAN,04,CARACOTO,17482,00099,11,1,2,6,170.00873015873,1,1,1,1,1,1,QUESO,4208,258,00,KILOGRAMO,12,1,200,00,9,00,1800,9,58,00,0,00, 
2021,21,PUNO,11,SAN ROMAN,04,CARACOTO,17483,00069,7,1,2,6,170.00873015873,1,1,1,1,1,1,QUESO,4208,1,50,KILOGRAMO,12,1,0,00, , , , ,1,00,0,50, 
2021,21,PUNO,11,SAN ROMAN,04,CARACOTO,17483,00179,14,1,2,6,170.00873015873,1,1,1,2, ,1,CHARQUI,4211,5,00,KILOGRAMO,12,1,0,00, , , , ,5,00,0,00, 
2021,21,PUNO,11,SAN ROMAN,02,CABANA,17496,00008,1,1,2,6,170.00873015873,1,1,1,2, ,1,CHARQUI,4211,3,00,KILOGRAMO,12,1,0,00, , , , ,3,00,0,00, 
2021,21,PUNO,11,SAN ROMAN,02,CABANA,17496,00038,4,1,2,6,170.00873015873,1,1,1,1,1,2,QUESO,4208,100,00,MOLDE,41,.5,0,00, , , , ,100,00,0,00, 
2021,21,PUNO,11,SAN ROMAN,02,CABANA,17496,00038,4,1,2,6,170.00873015873,1,1,1,2, ,1,CHARQUI,4211,21,00,KILOGRAMO,12,1,0,00, , , , ,21,00,0,00, 
2021,21,PUNO,11,SAN ROMAN,02,CABANA,17496,00047,5,1,2,6,170.00873015873,1,1,1,6, ,1,CHARQUI,4211,75,00,KILOGRAMO,12,1,0,00, , , , ,75,00,0,00, 
2021,21,PUNO,11,SAN ROMAN,02,CABANA,17496,00114,13,1,2,6,170.00873015873,1,1,1,1,1,2,QUESO,4208,150,00,MOLDE,41,.8,70,00,10,00,700,12.5,80,00,0,00, 
2021,21,PUNO,11,SAN ROMAN,02,CABANA,17496,00114,13,1,2,6,170.00873015873,1,1,1,1,1,1,YOGURT,4213,1200,00,LITRO,14,1,0,00, , , , ,1200,00,0,00, 
2021,21,PUNO,06,HUANCANE,06,ROSASPATA,17539,00008,1,1,2,6,170.00873015873,1,1,1,2, ,1,CHARQUI,4211,8,00,KILOGRAMO,12,1,0,00, , , , ,8,00,0,00, 
2021,21,PUNO,06,HUANCANE,06,ROSASPATA,17539,00019,2,1,2,6,170.00873015873,1,1,1,1,1,1,QUESO,4208,160,00,UNIDAD,24,.5,100,00,5,00,500,10,50,00,10,00, 
2021,21,PUNO,06,HUANCANE,06,ROSASPATA,17539,00028,3,1,2,6,170.00873015873,1,1,1,1,1,1,QUESO,4208,200,00,UNIDAD,24,.5,150,00,5,00,750,10,50,00,0,00, 
2021,21,PUNO,06,HUANCANE,06,ROSASPATA,17539,00037,4,1,2,6,170.00873015873,1,1,1,1,1,1,QUESO,4208,25,00,UNIDAD,24,.4,0,00, , , , ,25,00,0,00, 
2021,21,PUNO,06,HUANCANE,06,ROSASPATA,17539,00046,5,1,2,6,170.00873015873,1,1,1,1,1,1,QUESO,4208,30,00,UNIDAD,24,.2,0,00, , , , ,30,00,0,00, 
2021,21,PUNO,06,HUANCANE,06,ROSASPATA,17539,00055,6,1,2,6,170.00873015873,1,1,1,1,1,1,QUESO,4208,80,00,UNIDAD,24,.5,30,00,5,00,150,10,50,00,0,00, 
2021,21,PUNO,06,HUANCANE,06,ROSASPATA,17539,00083,9,1,2,6,170.00873015873,1,1,1,1,1,1,QUESO,4208,260,00,UNIDAD,24,.5,200,00,5,00,1000,10,60,00,0,00, 
2021,21,PUNO,06,HUANCANE,06,ROSASPATA,17539,00083,9,1,2,6,170.00873015873,1,1,1,2, ,2,CHARQUI,4211,10,00,KILOGRAMO,12,1,0,00, , , , ,10,00,0,00, 
2021,21,PUNO,06,HUANCANE,06,ROSASPATA,17539,00084,10,1,2,6,170.00873015873,1,1,1,1,1,1,QUESO,4208,60,00,UNIDAD,24,.5,30,00,6,00,180,12,30,00,0,00, 
2021,21,PUNO,06,HUANCANE,06,ROSASPATA,17539,00093,11,1,2,6,170.00873015873,1,1,1,1,1,1,QUESO,4208,200,00,UNIDAD,24,.5,100,00,5,00,500,10,50,00,50,00, 
2021,21,PUNO,06,HUANCANE,06,ROSASPATA,17539,00111,13,1,2,6,170.00873015873,1,1,1,1,1,1,QUESO,4208,128,00,UNIDAD,24,1,80,00,8,00,640,8,28,00,20,00, 
2021,21,PUNO,06,HUANCANE,06,ROSASPATA,17539,00115,14,1,2,6,170.00873015873,1,1,1,1,1,1,QUESO,4208,16,00,UNIDAD,24,.5,0,00, , , , ,16,00,0,00, 
2021,21,PUNO,06,HUANCANE,06,ROSASPATA,17546,00001,1,1,2,6,170.00873015873,1,1,1,2, ,1,CHARQUI,4211,8,00,KILOGRAMO,12,1,0,00, , , , ,8,00,0,00, 
2021,21,PUNO,06,HUANCANE,06,ROSASPATA,17546,00015,2,1,2,6,170.00873015873,1,1,1,1,1,1,QUESO,4208,125,00,MOLDE,41,.4,0,00, , , , ,125,00,0,00, 
2021,21,PUNO,06,HUANCANE,06,ROSASPATA,17546,00038,4,1,2,6,170.00873015873,1,1,1,2, ,1,CHARQUI,4211,20,00,KILOGRAMO,12,1,0,00, , , , ,20,00,0,00, 
2021,21,PUNO,06,HUANCANE,06,ROSASPATA,17546,00049,5,1,2,6,170.00873015873,1,1,1,1,1,2,QUESO,4208,120,00,KILOGRAMO,12,1,70,00,10,00,700,10,50,00,0,00, 
2021,21,PUNO,06,HUANCANE,06,ROSASPATA,17546,00049,5,1,2,6,170.00873015873,1,1,1,2, ,1,CHARQUI,4211,5,00,KILOGRAMO,12,1,0,00, , , , ,5,00,0,00, 
2021,21,PUNO,06,HUANCANE,06,ROSASPATA,17546,00052,6,1,2,6,170.00873015873,1,1,1,2, ,2,CHARQUI,4211,40,00,KILOGRAMO,12,1,0,00, , , , ,40,00,0,00, 
2021,21,PUNO,06,HUANCANE,06,ROSASPATA,17546,00052,6,1,2,6,170.00873015873,1,1,1,1,1,1,QUESO,4208,40,00,MOLDE,41,.3,0,00, , , , ,40,00,0,00, 
2021,21,PUNO,06,HUANCANE,06,ROSASPATA,17546,00076,8,1,2,6,170.00873015873,1,1,1,1,1,1,QUESO,4208,48,00,MOLDE,41,.3,0,00, , , , ,48,00,0,00, 
2021,21,PUNO,06,HUANCANE,06,ROSASPATA,17546,00082,9,1,2,6,170.00873015873,1,1,1,1,1,1,QUESO,4208,75,00,MOLDE,41,.4,0,00, , , , ,75,00,0,00, 
2021,21,PUNO,06,HUANCANE,06,ROSASPATA,17546,00120,12,1,2,6,170.00873015873,1,1,1,1,1,1,QUESO,4208,50,00,MOLDE,41,.4,0,00, , , , ,50,00,0,00, 
2021,21,PUNO,06,HUANCANE,06,ROSASPATA,17546,00129,14,1,2,6,170.00873015873,1,1,1,1,1,1,QUESO,4208,20,00,MOLDE,41,.3,0,00, , , , ,20,00,0,00, 
2021,21,PUNO,06,HUANCANE,08,VILQUE CHICO,17576,00019,2,1,2,6,170.00873015873,1,1,1,2, ,1,CHARQUI,4211,3,00,KILOGRAMO,12,1,0,00, , , , ,3,00,0,00, 
2021,21,PUNO,06,HUANCANE,08,VILQUE CHICO,17576,00030,4,1,2,6,170.00873015873,1,1,1,2, ,1,CHARQUI,4211,5,00,KILOGRAMO,12,1,0,00, , , , ,5,00,0,00, 
2021,21,PUNO,06,HUANCANE,08,VILQUE CHICO,17576,00037,5,1,2,6,170.00873015873,1,1,1,2, ,1,CHARQUI,4211,4,00,KILOGRAMO,12,1,0,00, , , , ,4,00,0,00, 
2021,21,PUNO,06,HUANCANE,08,VILQUE CHICO,17576,00080,10,1,2,6,170.00873015873,1,1,1,2, ,1,CHARQUI,4211,5,00,KILOGRAMO,12,1,0,00, , , , ,5,00,0,00, 
2021,21,PUNO,06,HUANCANE,08,VILQUE CHICO,17576,00106,14,1,2,6,170.00873015873,1,1,1,2, ,1,CHARQUI,4211,2,00,KILOGRAMO,12,1,0,00, , , , ,2,00,0,00, 
2021,21,PUNO,06,HUANCANE,01,HUANCANE,17592,00022,5,1,2,6,183.086324786325,1,1,1,2, ,1,CHARQUI,4211,15,00,KILOGRAMO,12,1,0,00, , , , ,15,00,0,00, 
2021,21,PUNO,06,HUANCANE,01,HUANCANE,17592,00038,8,1,2,6,183.086324786325,1,1,1,1,1,1,QUESO,4208,23,00,UNIDAD,24,.25,0,00, , , , ,23,00,0,00, 
2021,21,PUNO,06,HUANCANE,01,HUANCANE,17592,00038,8,1,2,6,183.086324786325,1,1,1,2, ,2,CHARQUI,4211,21,00,KILOGRAMO,12,1,0,00, , , , ,21,00,0,00, 
2021,21,PUNO,06,HUANCANE,01,HUANCANE,17592,00039,9,1,2,6,183.086324786325,1,1,1,2, ,1,CHARQUI,4211,3,00,KILOGRAMO,12,1,0,00, , , , ,3,00,0,00, 
2021,21,PUNO,06,HUANCANE,01,HUANCANE,17592,00057,12,1,2,6,183.086324786325,1,1,1,1,1,2,QUESO,4208,45,00,MOLDE,41,.7,0,00, , , , ,45,00,0,00, 
2021,21,PUNO,06,HUANCANE,01,HUANCANE,17592,00057,12,1,2,6,183.086324786325,1,1,1,2, ,1,CHARQUI,4211,20,00,KILOGRAMO,12,1,0,00, , , , ,20,00,0,00, 
2021,21,PUNO,06,HUANCANE,01,HUANCANE,17595,00051,7,1,2,6,170.00873015873,1,1,1,2, ,1,CHARQUI,4211,7,00,KILOGRAMO,12,1,0,00, , , , ,7,00,0,00, 
2021,21,PUNO,06,HUANCANE,01,HUANCANE,17595,00063,8,1,2,6,170.00873015873,1,1,1,2, ,1,CHARQUI,4211,5,00,KILOGRAMO,12,1,0,00, , , , ,5,00,0,00, 
2021,21,PUNO,06,HUANCANE,01,HUANCANE,17595,00152,14,1,2,6,170.00873015873,1,1,1,2, ,1,CHARQUI,4211,5,00,KILOGRAMO,12,1,0,00, , , , ,5,00,0,00, 
2021,21,PUNO,06,HUANCANE,01,HUANCANE,17614,00093,13,1,2,6,170.00873015873,1,1,1,1,1,1,QUESO,4208,75,00,UNIDAD,24,.4,30,00,8,00,240,20,45,00,0,00, 
2021,21,PUNO,06,HUANCANE,01,HUANCANE,17630,00001,1,1,2,6,170.00873015873,1,1,1,2, ,1,CHARQUI,4211,3,00,KILOGRAMO,12,1,0,00, , , , ,3,00,0,00, 
2021,21,PUNO,06,HUANCANE,01,HUANCANE,17630,00016,2,1,2,6,170.00873015873,1,1,1,2, ,1,CHARQUI,4211,4,00,KILOGRAMO,12,1,0,00, , , , ,4,00,0,00, 
2021,21,PUNO,06,HUANCANE,01,HUANCANE,17630,00039,3,1,2,6,170.00873015873,1,1,1,2, ,1,CHARQUI,4211,3,00,KILOGRAMO,12,1,0,00, , , , ,3,00,0,00, 
2021,21,PUNO,06,HUANCANE,01,HUANCANE,17630,00081,6,1,2,6,170.00873015873,1,1,1,2, ,1,CHARQUI,4211,2,50,KILOGRAMO,12,1,0,00, , , , ,2,50,0,00, 
2021,21,PUNO,06,HUANCANE,01,HUANCANE,17630,00137,10,1,2,6,170.00873015873,1,1,1,2, ,1,CHARQUI,4211,4,00,KILOGRAMO,12,1,0,00, , , , ,4,00,0,00, 
2021,21,PUNO,06,HUANCANE,01,HUANCANE,17630,00174,13,1,2,6,170.00873015873,1,1,1,2, ,1,CHARQUI,4211,12,00,KILOGRAMO,12,1,0,00, , , , ,12,00,0,00, 
2021,21,PUNO,06,HUANCANE,01,HUANCANE,17631,00002,1,1,2,6,183.086324786325,1,1,1,2, ,1,CHARQUI,4211,8,00,KILOGRAMO,12,1,0,00, , , , ,8,00,0,00, 
2021,21,PUNO,06,HUANCANE,01,HUANCANE,17631,00024,5,1,2,6,183.086324786325,1,1,1,2, ,1,CHARQUI,4211,4,00,KILOGRAMO,12,1,0,00, , , , ,4,00,0,00, 
2021,21,PUNO,06,HUANCANE,01,HUANCANE,17631,00032,6,1,2,6,183.086324786325,1,1,1,2, ,1,CHARQUI,4211,3,00,KILOGRAMO,12,1,0,00, , , , ,3,00,0,00, 
2021,21,PUNO,06,HUANCANE,01,HUANCANE,17631,00048,8,1,2,6,183.086324786325,1,1,1,2, ,1,CHARQUI,4211,6,00,KILOGRAMO,12,1,0,00, , , , ,6,00,0,00, 
2021,21,PUNO,06,HUANCANE,01,HUANCANE,17631,00067,10,1,2,6,183.086324786325,1,1,1,2, ,1,CHARQUI,4211,5,00,KILOGRAMO,12,1,0,00, , , , ,5,00,0,00, 
2021,21,PUNO,06,HUANCANE,07,TARACO,17660,00019,2,1,2,6,170.00873015873,1,1,1,1,1,1,QUESO,4208,36,00,KILOGRAMO,12,1,36,00,20,00,720,20,0,00,0,00, 
2021,21,PUNO,06,HUANCANE,07,TARACO,17661,00039,4,1,2,6,183.086324786325,1,1,1,2, ,1,CHARQUI,4211,20,00,KILOGRAMO,12,1,0,00, , , , ,20,00,0,00, 
2021,21,PUNO,06,HUANCANE,07,TARACO,17661,00039,4,1,2,6,183.086324786325,1,1,1,1,1,2,QUESO,4208,81,00,KILOGRAMO,12,1,81,00,10,00,810,10,0,00,0,00, 
2021,21,PUNO,06,HUANCANE,07,TARACO,17661,00095,10,1,2,6,183.086324786325,1,1,1,2, ,1,CHARQUI,4211,5,00,KILOGRAMO,12,1,0,00, , , , ,5,00,0,00, 
2021,21,PUNO,06,HUANCANE,07,TARACO,17661,00095,10,1,2,6,183.086324786325,1,1,1,1,1,2,QUESO,4208,45,00,KILOGRAMO,12,1,0,00, , , , ,45,00,0,00, 
2021,21,PUNO,06,HUANCANE,07,TARACO,17661,00110,12,1,2,6,183.086324786325,1,1,1,1,1,1,QUESO,4208,20,00,KILOGRAMO,12,1,0,00, , , , ,20,00,0,00, 
2021,21,PUNO,06,HUANCANE,05,PUSI,17690,00031,5,1,2,6,170.00873015873,1,1,1,2, ,1,CHARQUI,4211,7,00,KILOGRAMO,12,1,0,00, , , , ,7,00,0,00, 
2021,21,PUNO,06,HUANCANE,05,PUSI,17690,00037,6,1,2,6,170.00873015873,1,1,1,1,1,1,QUESO,4208,42,00,MOLDE,41,.5,0,00, , , , ,42,00,0,00, 
2021,21,PUNO,06,HUANCANE,05,PUSI,17690,00070,11,1,2,6,170.00873015873,1,1,1,1,1,1,QUESO,4208,25,00,MOLDE,41,.4,0,00, , , , ,25,00,0,00, 
2021,21,PUNO,06,HUANCANE,05,PUSI,17698,00029,3,1,2,6,170.00873015873,1,1,1,1,1,1,QUESO,4208,20,00,KILOGRAMO,12,1,0,00, , , , ,20,00,0,00, 
2021,21,PUNO,06,HUANCANE,05,PUSI,17698,00050,6,1,2,6,170.00873015873,1,1,1,2, ,1,CHARQUI,4211,2,00,KILOGRAMO,12,1,0,00, , , , ,2,00,0,00, 
2021,21,PUNO,06,HUANCANE,05,PUSI,17698,00084,9,1,2,6,170.00873015873,1,1,1,2, ,1,CHARQUI,4211,8,00,KILOGRAMO,12,1,0,00, , , , ,8,00,0,00, 
2021,21,PUNO,06,HUANCANE,05,PUSI,17698,00102,11,1,2,6,170.00873015873,1,1,1,2, ,1,CHARQUI,4211,5,00,KILOGRAMO,12,1,0,00, , , , ,5,00,0,00, 
2021,21,PUNO,06,HUANCANE,05,PUSI,17698,00105,12,1,2,6,170.00873015873,1,1,1,2, ,1,CHARQUI,4211,7,00,KILOGRAMO,12,1,0,00, , , , ,7,00,0,00, 
2021,21,PUNO,09,MOHO,03,HUAYRAPATA,17706,00024,3,1,2,6,170.00873015873,1,1,1,1,1,1,QUESO,4208,42,00,UNIDAD,24,.5,0,00, , , , ,42,00,0,00, 
2021,21,PUNO,09,MOHO,03,HUAYRAPATA,17706,00033,4,1,2,6,170.00873015873,1,1,1,1,1,1,QUESO,4208,33,00,UNIDAD,24,.2,10,00,3,00,30,15,23,00,0,00, 
2021,21,PUNO,09,MOHO,03,HUAYRAPATA,17706,00066,7,1,2,6,170.00873015873,1,1,1,1,1,1,QUESO,4208,330,00,UNIDAD,24,.2,200,00,3,00,600,15,130,00,0,00, 
2021,21,PUNO,09,MOHO,03,HUAYRAPATA,17706,00072,9,1,2,6,170.00873015873,1,1,1,1,1,1,QUESO,4208,50,00,UNIDAD,24,.5,0,00, , , , ,50,00,0,00, 
2021,21,PUNO,09,MOHO,03,HUAYRAPATA,17706,00083,10,1,2,6,170.00873015873,1,1,1,1,1,1,QUESO,4208,20,00,UNIDAD,24,.5,0,00, , , , ,20,00,0,00, 
2021,21,PUNO,09,MOHO,03,HUAYRAPATA,17706,00102,12,1,2,6,170.00873015873,1,1,1,1,1,1,QUESO,4208,66,00,UNIDAD,24,.2,30,00,3,00,90,15,36,00,0,00, 
2021,21,PUNO,09,MOHO,03,HUAYRAPATA,17706,00117,13,1,2,6,170.00873015873,1,1,1,1,1,1,QUESO,4208,300,00,UNIDAD,24,.2,150,00,3,00,450,15,150,00,0,00, 
2021,21,PUNO,09,MOHO,01,MOHO,17726,00024,1,1,2,6,183.086324786325,1,1,1,2, ,1,CHARQUI,4211,5,00,KILOGRAMO,12,1,0,00, , , , ,5,00,0,00, 
2021,21,PUNO,09,MOHO,01,MOHO,17726,00029,2,1,2,6,183.086324786325,1,1,1,2, ,1,CHARQUI,4211,4,00,KILOGRAMO,12,1,0,00, , , , ,4,00,0,00, 
2021,21,PUNO,09,MOHO,01,MOHO,17726,00165,13,1,2,6,183.086324786325,1,1,1,2, ,1,CHARQUI,4211,5,00,KILOGRAMO,12,1,0,00, , , , ,5,00,0,00, 
2021,21,PUNO,09,MOHO,01,MOHO,17726,00173,14,1,2,6,183.086324786325,1,1,1,2, ,1,CHARQUI,4211,5,00,KILOGRAMO,12,1,0,00, , , , ,5,00,0,00, 
2021,21,PUNO,09,MOHO,02,CONIMA,17745,00025,2,1,2,6,170.00873015873,1,1,1,2, ,1,CHARQUI,4211,2,00,KILOGRAMO,12,1,0,00, , , , ,2,00,0,00, 
2021,21,PUNO,09,MOHO,02,CONIMA,17745,00037,3,1,2,6,170.00873015873,1,1,1,2, ,1,CHARQUI,4211,5,00,KILOGRAMO,12,1,0,00, , , , ,5,00,0,00, 
2021,21,PUNO,09,MOHO,02,CONIMA,17745,00066,6,1,2,6,170.00873015873,1,1,1,2, ,1,CHARQUI,4211,7,00,KILOGRAMO,12,1,0,00, , , , ,3,00,4,00, 
2021,21,PUNO,09,MOHO,02,CONIMA,17745,00087,8,1,2,6,170.00873015873,1,1,1,2, ,1,CHARQUI,4211,10,00,KILOGRAMO,12,1,0,00, , , , ,5,00,5,00, 
2021,21,PUNO,09,MOHO,02,CONIMA,17745,00118,11,1,2,6,170.00873015873,1,1,1,2, ,1,CHARQUI,4211,3,00,KILOGRAMO,12,1,0,00, , , , ,3,00,0,00, 
2021,21,PUNO,09,MOHO,02,CONIMA,17745,00135,12,1,2,6,170.00873015873,1,1,1,2, ,1,CHARQUI,4211,3,00,KILOGRAMO,12,1,0,00, , , , ,3,00,0,00, 
2021,21,PUNO,09,MOHO,02,CONIMA,17745,00140,13,1,2,6,170.00873015873,1,1,1,"2,5", ,1,CHARQUI,4211,8,00,KILOGRAMO,12,1,0,00, , , , ,8,00,0,00, 
2021,21,PUNO,09,MOHO,02,CONIMA,17745,00151,14,1,2,6,170.00873015873,1,1,1,2, ,1,CHARQUI,4211,5,00,KILOGRAMO,12,1,0,00, , , , ,4,00,1,00, 
2021,21,PUNO,01,PUNO,09,MAÑAZO,17777,00039,4,1,2,6,170.00873015873,1,1,1,1,1,2,YOGURT,4213,100,00,LITRO,14,1,0,00, , , , ,100,00,0,00, 
2021,21,PUNO,01,PUNO,09,MAÑAZO,17777,00039,4,1,2,6,170.00873015873,1,1,1,1,1,1,QUESO,4208,60,00,UNIDAD,24,.5,0,00, , , , ,60,00,0,00, 
2021,21,PUNO,01,PUNO,09,MAÑAZO,17777,00069,8,1,2,6,170.00873015873,1,1,1,1,1,1,QUESO,4208,200,00,UNIDAD,24,.3,0,00, , , , ,150,00,50,00, 
2021,21,PUNO,01,PUNO,04,ATUNCOLLA,17796,00058,4,1,2,6,170.00873015873,1,1,1,1,1,2,QUESO,4208,30,00,KILOGRAMO,12,1,0,00, , , , ,25,00,5,00, 
2021,21,PUNO,01,PUNO,04,ATUNCOLLA,17796,00058,4,1,2,6,170.00873015873,1,1,1,2, ,1,CHARQUI,4211,6,00,KILOGRAMO,12,1,0,00, , , , ,6,00,0,00, 
2021,21,PUNO,01,PUNO,10,PAUCARCOLLA,17806,00006,2,1,2,6,183.086324786325,1,1,1,2, ,1,CHARQUI,4211,15,00,KILOGRAMO,12,1,0,00, , , , ,15,00,0,00, 
2021,21,PUNO,01,PUNO,10,PAUCARCOLLA,17806,00042,5,1,2,6,183.086324786325,1,1,1,2, ,1,CHARQUI,4211,10,00,KILOGRAMO,12,1,0,00, , , , ,10,00,0,00, 
2021,21,PUNO,01,PUNO,10,PAUCARCOLLA,17806,00074,8,1,2,6,183.086324786325,1,1,1,2, ,1,CHARQUI,4211,10,00,KILOGRAMO,12,1,0,00, , , , ,10,00,0,00, 
2021,21,PUNO,01,PUNO,10,PAUCARCOLLA,17806,00115,13,1,2,6,183.086324786325,1,1,1,2, ,1,CHARQUI,4211,10,00,KILOGRAMO,12,1,0,00, , , , ,10,00,0,00, 
2021,21,PUNO,01,PUNO,05,CAPACHICA,17878,00027,3,1,2,6,170.00873015873,1,1,1,1,1,1,QUESO,4208,30,00,UNIDAD,24,.5,0,00, , , , ,30,00,0,00, 
2021,21,PUNO,01,PUNO,05,CAPACHICA,17878,00031,4,1,2,6,170.00873015873,1,1,1,1,1,1,QUESO,4208,40,00,UNIDAD,24,.6,0,00, , , , ,40,00,0,00, 
2021,21,PUNO,01,PUNO,12,PLATERIA,17896,00017,2,1,2,6,170.00873015873,1,1,1,2, ,1,CHARQUI,4211,3,00,KILOGRAMO,12,1,0,00, , , , ,3,00,0,00, 
2021,21,PUNO,01,PUNO,12,PLATERIA,17896,00134,12,1,2,6,170.00873015873,1,1,1,1,1,1,QUESO,4208,56,00,UNIDAD,24,.5,0,00, , , , ,56,00,0,00, 
2021,21,PUNO,01,PUNO,12,PLATERIA,17896,00156,13,1,2,6,170.00873015873,1,1,1,2, ,1,CHARQUI,4211,5,00,KILOGRAMO,12,1,0,00, , , , ,5,00,0,00, 
2021,21,PUNO,01,PUNO,12,PLATERIA,17912,00014,2,1,2,6,170.00873015873,1,1,1,1,1,1,QUESO,4208,200,00,UNIDAD,24,1,200,00,5,00,1000,5,0,00,0,00, 
2021,21,PUNO,01,PUNO,12,PLATERIA,17912,00022,4,1,2,6,170.00873015873,1,1,1,1,1,1,QUESO,4208,25,00,UNIDAD,24,.5,15,00,5,00,75,10,10,00,0,00, 
2021,21,PUNO,01,PUNO,12,PLATERIA,17912,00028,5,1,2,6,170.00873015873,1,1,1,1,1,1,QUESO,4208,90,00,UNIDAD,24,.6,80,00,6,00,480,10,10,00,0,00, 
2021,21,PUNO,01,PUNO,12,PLATERIA,17912,00030,6,1,2,6,170.00873015873,1,1,1,1,1,1,QUESO,4208,274,23,KILOGRAMO,12,1,200,00,10,00,2000,10,74,23,0,00, 
2021,21,PUNO,01,PUNO,12,PLATERIA,17912,00035,7,1,2,6,170.00873015873,1,1,1,1,1,1,QUESO,4208,20,00,UNIDAD,24,.5,0,00, , , , ,20,00,0,00, 
2021,21,PUNO,01,PUNO,12,PLATERIA,17912,00042,8,1,2,6,170.00873015873,1,1,1,1,1,1,QUESO,4208,62,00,UNIDAD,24,.6,40,00,5,00,200,8.3333,22,00,0,00, 
2021,21,PUNO,01,PUNO,12,PLATERIA,17912,00050,9,1,2,6,170.00873015873,1,1,1,1,1,1,QUESO,4208,40,71,KILOGRAMO,12,1,35,00,9,00,315,9,5,71,0,00, 
2021,21,PUNO,01,PUNO,12,PLATERIA,17912,00058,10,1,2,6,170.00873015873,1,1,1,1,1,1,QUESO,4208,30,00,KILOGRAMO,12,1,0,00, , , , ,30,00,0,00, 
2021,21,PUNO,01,PUNO,12,PLATERIA,17912,00065,11,1,2,6,170.00873015873,1,1,1,1,1,1,QUESO,4208,120,00,UNIDAD,24,1,100,00,10,00,1000,10,20,00,0,00, 
2021,21,PUNO,01,PUNO,12,PLATERIA,17912,00083,14,1,2,6,170.00873015873,1,1,1,1,1,1,QUESO,4208,45,00,UNIDAD,24,.5,10,00,5,00,50,10,20,00,15,00, 
2021,21,PUNO,01,PUNO,06,CHUCUITO,17916,00045,3,1,2,6,183.086324786325,1,1,1,1,1,1,QUESO,4208,7,00,UNIDAD,24,.5,5,00,4,00,20,8,2,00,0,00, 
2021,21,PUNO,01,PUNO,06,CHUCUITO,17916,00079,5,1,2,6,183.086324786325,1,1,1,2, ,1,CHARQUI,4211,6,00,KILOGRAMO,12,1,0,00, , , , ,6,00,0,00, 
2021,21,PUNO,01,PUNO,06,CHUCUITO,17916,00079,5,1,2,6,183.086324786325,1,1,1,1,1,2,QUESO,4208,18,00,UNIDAD,24,.5,0,00, , , , ,18,00,0,00, 
2021,21,PUNO,01,PUNO,06,CHUCUITO,17916,00097,6,1,2,6,183.086324786325,1,1,1,1,1,1,QUESO,4208,30,00,UNIDAD,24,.8,15,00,5,00,75,6.25,15,00,0,00, 
2021,21,PUNO,01,PUNO,06,CHUCUITO,17916,00148,8,1,2,6,183.086324786325,1,1,1,1,1,2,QUESO,4208,12,00,UNIDAD,24,.5,0,00, , , , ,12,00,0,00, 
2021,21,PUNO,01,PUNO,06,CHUCUITO,17916,00148,8,1,2,6,183.086324786325,1,1,1,2, ,1,CHARQUI,4211,5,00,KILOGRAMO,12,1,0,00, , , , ,5,00,0,00, 
2021,21,PUNO,01,PUNO,06,CHUCUITO,17916,00173,9,1,2,6,183.086324786325,1,1,1,1,1,1,QUESO,4208,30,00,UNIDAD,24,.5,0,00, , , , ,30,00,0,00, 
2021,21,PUNO,01,PUNO,06,CHUCUITO,17916,00194,10,1,2,6,183.086324786325,1,1,1,1,1,1,QUESO,4208,20,00,UNIDAD,24,.5,0,00, , , , ,20,00,0,00, 
2021,21,PUNO,01,PUNO,11,PICHACANI,17964,00003,1,1,2,6,170.00873015873,1,1,1,1,1,1,QUESO,4208,170,00,UNIDAD,24,1,150,00,10,00,1500,10,20,00,0,00, 
2021,21,PUNO,01,PUNO,11,PICHACANI,17964,00009,2,1,2,6,170.00873015873,1,1,1,1,1,1,QUESO,4208,37,00,UNIDAD,24,.8,0,00, , , , ,30,00,7,00, 
2021,21,PUNO,01,PUNO,11,PICHACANI,17964,00014,3,1,2,6,170.00873015873,1,1,1,1,1,1,QUESO,4208,300,00,UNIDAD,24,1,250,00,13,00,3250,13,40,00,10,00, 
2021,21,PUNO,01,PUNO,11,PICHACANI,17964,00014,3,1,2,6,170.00873015873,1,1,1,1,1,2,YOGURT,4213,1298,00,LITRO,14,1,1240,00,4,00,4960,4,35,00,23,00, 
2021,21,PUNO,01,PUNO,11,PICHACANI,17964,00014,3,1,2,6,170.00873015873,1,1,1,2, ,3,CHARQUI,4211,4,00,KILOGRAMO,12,1,0,00, , , , ,4,00,0,00, 
2021,21,PUNO,01,PUNO,11,PICHACANI,17964,00023,4,1,2,6,170.00873015873,1,1,1,"2,6", ,1,CHARQUI,4211,15,00,KILOGRAMO,12,1,0,00, , , , ,15,00,0,00, 
2021,21,PUNO,01,PUNO,11,PICHACANI,17964,00023,4,1,2,6,170.00873015873,1,1,1,1,1,2,QUESO,4208,70,00,KILOGRAMO,12,1,60,00,10,00,600,10,10,00,0,00, 
2021,21,PUNO,01,PUNO,11,PICHACANI,17964,00030,5,1,2,6,170.00873015873,1,1,1,"2,5", ,1,CHARQUI,4211,18,00,KILOGRAMO,12,1,0,00, , , , ,18,00,0,00, 
2021,21,PUNO,01,PUNO,11,PICHACANI,17964,00040,6,1,2,6,170.00873015873,1,1,1,"2,6", ,1,CHARQUI,4211,15,00,KILOGRAMO,12,1,0,00, , , , ,10,00,5,00, 
2021,21,PUNO,01,PUNO,11,PICHACANI,17964,00040,6,1,2,6,170.00873015873,1,1,1,1,1,2,QUESO,4208,81,00,UNIDAD,24,.8,71,00,10,00,710,12.5,10,00,0,00, 
2021,21,PUNO,01,PUNO,11,PICHACANI,17964,00048,7,1,2,6,170.00873015873,1,1,1,1,1,1,QUESO,4208,54,00,UNIDAD,24,.4,0,00, , , , ,54,00,0,00, 
2021,21,PUNO,01,PUNO,11,PICHACANI,17964,00058,8,1,2,6,170.00873015873,1,1,1,1,1,1,QUESO,4208,112,00,UNIDAD,24,.2,0,00, , , , ,112,00,0,00, 
2021,21,PUNO,01,PUNO,11,PICHACANI,17964,00066,9,1,2,6,170.00873015873,1,1,1,1,1,1,QUESO,4208,60,00,UNIDAD,24,.5,0,00, , , , ,45,00,15,00, 
2021,21,PUNO,01,PUNO,11,PICHACANI,17964,00091,12,1,2,6,170.00873015873,1,1,1,1,1,1,QUESO,4208,40,00,KILOGRAMO,12,1,0,00, , , , ,40,00,0,00, 
2021,21,PUNO,01,PUNO,11,PICHACANI,17964,00091,12,1,2,6,170.00873015873,1,1,1,6, ,2,CHARQUI,4211,12,00,KILOGRAMO,12,1,0,00, , , , ,12,00,0,00, 
2021,21,PUNO,01,PUNO,11,PICHACANI,17964,00105,14,1,2,6,170.00873015873,1,1,1,2, ,1,CHARQUI,4211,4,00,KILOGRAMO,12,1,0,00, , , , ,4,00,0,00, 
2021,21,PUNO,01,PUNO,11,PICHACANI,17964,00105,14,1,2,6,170.00873015873,1,1,1,1,1,2,QUESO,4208,70,00,UNIDAD,24,.3,22,00,4,00,88,13.3333,32,00,16,00, 
2021,21,PUNO,01,PUNO,02,ACORA,17980,00031,3,1,2,6,170.00873015873,1,1,1,1,1,1,QUESO,4208,15,00,KILOGRAMO,12,1,0,00, , , , ,15,00,0,00, 
2021,21,PUNO,01,PUNO,02,ACORA,17987,00012,1,1,2,6,170.00873015873,1,1,1,1,1,1,QUESO,4208,60,00,MOLDE,41,.5,0,00, , , , ,60,00,0,00, 
2021,21,PUNO,01,PUNO,02,ACORA,17987,00038,3,1,2,6,170.00873015873,1,1,1,1,1,1,QUESO,4208,10,00,KILOGRAMO,12,1,0,00, , , , ,10,00,0,00, 
2021,21,PUNO,01,PUNO,02,ACORA,17987,00052,4,1,2,6,170.00873015873,1,1,1,1,1,1,QUESO,4208,10,00,MOLDE,41,.5,0,00, , , , ,10,00,0,00, 
2021,21,PUNO,01,PUNO,02,ACORA,17987,00075,5,1,2,6,170.00873015873,1,1,1,1,1,1,QUESO,4208,62,00,MOLDE,41,1,30,00,5,00,150,5,32,00,0,00, 
2021,21,PUNO,01,PUNO,02,ACORA,17987,00080,6,1,2,6,170.00873015873,1,1,1,1,1,1,QUESO,4208,10,00,MOLDE,41,.5,0,00, , , , ,10,00,0,00, 
2021,21,PUNO,01,PUNO,02,ACORA,17987,00100,8,1,2,6,170.00873015873,1,1,1,1,1,1,QUESO,4208,60,00,MOLDE,41,.7,0,00, , , , ,60,00,0,00, 
2021,21,PUNO,01,PUNO,02,ACORA,17987,00133,10,1,2,6,170.00873015873,1,1,1,1,1,1,QUESO,4208,100,00,MOLDE,41,1,0,00, , , , ,100,00,0,00, 
2021,21,PUNO,01,PUNO,02,ACORA,17987,00158,11,1,2,6,170.00873015873,1,1,1,1,1,1,QUESO,4208,20,00,MOLDE,41,1,0,00, , , , ,20,00,0,00, 
2021,21,PUNO,01,PUNO,02,ACORA,17987,00164,12,1,2,6,170.00873015873,1,1,1,1,1,1,QUESO,4208,80,00,UNIDAD,24,.5,0,00, , , , ,80,00,0,00, 
2021,21,PUNO,01,PUNO,02,ACORA,17987,00188,13,1,2,6,170.00873015873,1,1,1,1,1,1,QUESO,4208,60,00,MOLDE,41,1,0,00, , , , ,50,00,10,00, 
2021,21,PUNO,01,PUNO,02,ACORA,17987,00190,14,1,2,6,170.00873015873,1,1,1,1,1,1,QUESO,4208,34,00,MOLDE,41,1,0,00, , , , ,34,00,0,00, 
2021,21,PUNO,01,PUNO,02,ACORA,17991,00012,1,1,2,6,170.00873015873,1,1,1,1,1,1,QUESO,4208,25,00,UNIDAD,24,.4,0,00, , , , ,25,00,0,00, 
2021,21,PUNO,01,PUNO,02,ACORA,17991,00025,2,1,2,6,170.00873015873,1,1,1,1,1,1,QUESO,4208,270,00,UNIDAD,24,.4,0,00, , , , ,270,00,0,00, 
2021,21,PUNO,01,PUNO,02,ACORA,17991,00035,3,1,2,6,170.00873015873,1,1,1,1,1,1,QUESO,4208,144,00,UNIDAD,24,1,144,00,12,00,1728,12,0,00,0,00, 
2021,21,PUNO,01,PUNO,02,ACORA,17991,00103,9,1,2,6,170.00873015873,1,1,1,1,1,1,QUESO,4208,100,00,UNIDAD,24,.5,50,00,6,00,300,12,30,00,20,00, 
2021,21,PUNO,01,PUNO,02,ACORA,18034,00032,3,1,2,6,170.00873015873,1,1,1,1,1,1,QUESO,4208,60,00,UNIDAD,24,1,50,00,12,00,600,12,10,00,0,00, 
2021,21,PUNO,01,PUNO,02,ACORA,18034,00046,4,1,2,6,170.00873015873,1,1,1,2, ,1,CHARQUI,4211,10,00,KILOGRAMO,12,1,0,00, , , , ,10,00,0,00, 
2021,21,PUNO,01,PUNO,02,ACORA,18034,00046,4,1,2,6,170.00873015873,1,1,1,1,1,2,QUESO,4208,100,00,MOLDE,41,.5,0,00, , , , ,100,00,0,00, 
2021,21,PUNO,01,PUNO,02,ACORA,18034,00054,5,1,2,6,170.00873015873,1,1,1,6, ,1,CHARQUI,4211,10,00,KILOGRAMO,12,1,0,00, , , , ,10,00,0,00, 
2021,21,PUNO,01,PUNO,02,ACORA,18034,00085,7,1,2,6,170.00873015873,1,1,1,1,1,2,QUESO,4208,5,00,UNIDAD,24,.5,0,00, , , , ,5,00,0,00, 
2021,21,PUNO,01,PUNO,02,ACORA,18034,00085,7,1,2,6,170.00873015873,1,1,1,2, ,1,CHARQUI,4211,5,00,KILOGRAMO,12,1,0,00, , , , ,5,00,0,00, 
2021,21,PUNO,01,PUNO,02,ACORA,18034,00134,9,1,2,6,170.00873015873,1,1,1,1,1,1,QUESO,4208,25,00,MOLDE,41,1,0,00, , , , ,25,00,0,00, 
2021,21,PUNO,05,EL COLLAO,01,ILAVE,18041,00011,2,1,2,6,170.00873015873,1,1,1,1,1,1,QUESO,4208,40,00,UNIDAD,24,.5,0,00, , , , ,40,00,0,00, 
2021,21,PUNO,05,EL COLLAO,01,ILAVE,18041,00043,5,1,2,6,170.00873015873,1,1,1,1,1,1,QUESO,4208,18,00,KILOGRAMO,12,1,0,00, , , , ,18,00,0,00, 
2021,21,PUNO,05,EL COLLAO,01,ILAVE,18041,00050,6,1,2,6,170.00873015873,1,1,1,1,1,1,QUESO,4208,21,00,UNIDAD,24,1,12,00,7,00,84,7,9,00,0,00, 
2021,21,PUNO,05,EL COLLAO,01,ILAVE,18041,00092,11,1,2,6,170.00873015873,1,1,1,1,1,1,QUESO,4208,35,00,KILOGRAMO,12,1,25,00,10,00,250,10,10,00,0,00, 
2021,21,PUNO,05,EL COLLAO,01,ILAVE,18050,00015,3,1,2,6,170.00873015873,1,1,1,2, ,1,CHARQUI,4211,7,00,KILOGRAMO,12,1,0,00, , , , ,7,00,0,00, 
2021,21,PUNO,05,EL COLLAO,01,ILAVE,18050,00028,5,1,2,6,170.00873015873,1,1,1,2, ,1,CHARQUI,4211,5,00,KILOGRAMO,12,1,0,00, , , , ,5,00,0,00, 
2021,21,PUNO,05,EL COLLAO,01,ILAVE,18050,00056,8,1,2,6,170.00873015873,1,1,1,2, ,1,CHARQUI,4211,15,00,KILOGRAMO,12,1,0,00, , , , ,15,00,0,00, 
2021,21,PUNO,05,EL COLLAO,01,ILAVE,18050,00061,9,1,2,6,170.00873015873,1,1,1,1,1,1,QUESO,4208,75,00,UNIDAD,24,.4,50,00,3,50,175,8.75,25,00,0,00, 
2021,21,PUNO,05,EL COLLAO,01,ILAVE,18050,00095,12,1,2,6,170.00873015873,1,1,1,2, ,1,CHARQUI,4211,6,00,KILOGRAMO,12,1,0,00, , , , ,6,00,0,00, 
2021,21,PUNO,05,EL COLLAO,01,ILAVE,18050,00112,14,1,2,6,170.00873015873,1,1,1,2, ,1,CHARQUI,4211,8,00,KILOGRAMO,12,1,0,00, , , , ,6,00,2,00, 
2021,21,PUNO,05,EL COLLAO,01,ILAVE,18099,00175,10,1,2,6,170.00873015873,1,1,1,2, ,1,CHARQUI,4211,7,00,KILOGRAMO,12,1,0,00, , , , ,7,00,0,00, 
2021,21,PUNO,05,EL COLLAO,01,ILAVE,18099,00175,10,1,2,6,170.00873015873,1,1,1,1,1,2,QUESO,4208,75,00,KILOGRAMO,12,1,35,00,10,00,350,10,40,00,0,00, 
2021,21,PUNO,05,EL COLLAO,01,ILAVE,18103,00016,2,1,2,6,170.00873015873,1,1,1,2, ,1,CHARQUI,4211,3,00,KILOGRAMO,12,1,0,00, , , , ,3,00,0,00, 
2021,21,PUNO,05,EL COLLAO,01,ILAVE,18103,00016,2,1,2,6,170.00873015873,1,1,1,1,1,2,QUESO,4208,30,00,KILOGRAMO,12,1,0,00, , , , ,29,00,1,00, 
2021,21,PUNO,05,EL COLLAO,01,ILAVE,18103,00041,4,1,2,6,170.00873015873,1,1,1,2, ,1,CHARQUI,4211,8,00,KILOGRAMO,12,1,0,00, , , , ,8,00,0,00, 
2021,21,PUNO,05,EL COLLAO,01,ILAVE,18103,00046,5,1,2,6,170.00873015873,1,1,1,2, ,1,CHARQUI,4211,7,00,KILOGRAMO,12,1,0,00, , , , ,7,00,0,00, 
2021,21,PUNO,05,EL COLLAO,01,ILAVE,18103,00076,9,1,2,6,170.00873015873,1,1,1,1,1,1,QUESO,4208,9,00,KILOGRAMO,12,1,0,00, , , , ,6,50,2,50, 
2021,21,PUNO,05,EL COLLAO,01,ILAVE,18103,00111,12,1,2,6,170.00873015873,1,1,1,2, ,1,CHARQUI,4211,25,00,KILOGRAMO,12,1,0,00, , , , ,25,00,0,00, 
2021,21,PUNO,05,EL COLLAO,01,ILAVE,18123,00007,1,1,2,6,170.00873015873,1,1,1,1,1,1,QUESO,4208,20,00,KILOGRAMO,12,1,0,00, , , , ,20,00,0,00, 
2021,21,PUNO,05,EL COLLAO,01,ILAVE,18123,00044,5,1,2,6,170.00873015873,1,1,1,1,1,1,QUESO,4208,100,00,UNIDAD,24,.2,0,00, , , , ,100,00,0,00, 
2021,21,PUNO,05,EL COLLAO,01,ILAVE,18123,00049,6,1,2,6,170.00873015873,1,1,1,1,1,1,QUESO,4208,100,00,UNIDAD,24,.5,50,00,5,00,250,10,50,00,0,00, 
2021,21,PUNO,05,EL COLLAO,01,ILAVE,18123,00126,13,1,2,6,170.00873015873,1,1,1,1,1,1,QUESO,4208,50,00,UNIDAD,24,.4,0,00, , , , ,50,00,0,00, 
2021,21,PUNO,05,EL COLLAO,01,ILAVE,18126,00006,1,1,2,6,170.00873015873,1,1,1,1,1,1,QUESO,4208,50,00,UNIDAD,24,.5,0,00, , , , ,50,00,0,00, 
2021,21,PUNO,05,EL COLLAO,01,ILAVE,18126,00064,6,1,2,6,170.00873015873,1,1,1,1,1,1,QUESO,4208,25,00,UNIDAD,24,.4,10,00,5,00,50,12.5,15,00,0,00, 
2021,21,PUNO,05,EL COLLAO,01,ILAVE,18126,00084,8,1,2,6,170.00873015873,1,1,1,1,1,1,QUESO,4208,30,00,UNIDAD,24,.5,0,00, , , , ,30,00,0,00, 
2021,21,PUNO,05,EL COLLAO,01,ILAVE,18126,00169,14,1,2,6,170.00873015873,1,1,1,1,1,1,QUESO,4208,30,00,KILOGRAMO,12,1,0,00, , , , ,30,00,0,00, 
2021,21,PUNO,05,EL COLLAO,05,CONDURIRI,18166,00063,7,1,2,6,170.00873015873,1,0,1,6, ,1,CHARQUI,4211,5,00,KILOGRAMO,12,1,0,00, , , , ,5,00,0,00, 
2021,21,PUNO,05,EL COLLAO,04,SANTA ROSA,18176,00052,5,1,2,6,183.086324786325,1,1,1,"2,6", ,1,CHARQUI,4211,25,00,KILOGRAMO,12,1,0,00, , , , ,25,00,0,00, 
2021,21,PUNO,05,EL COLLAO,04,SANTA ROSA,18176,00074,7,1,2,6,183.086324786325,1,1,1,"5,6", ,1,CHARQUI,4211,45,00,KILOGRAMO,12,1,0,00, , , , ,45,00,0,00, 
2021,21,PUNO,05,EL COLLAO,04,SANTA ROSA,18176,00095,9,1,2,6,183.086324786325,1,1,1,"5,6", ,1,CHARQUI,4211,50,00,KILOGRAMO,12,1,0,00, , , , ,50,00,0,00, 
2021,21,PUNO,05,EL COLLAO,04,SANTA ROSA,18176,00115,11,1,2,6,183.086324786325,1,1,1,6, ,1,CHARQUI,4211,88,00,KILOGRAMO,12,1,0,00, , , , ,88,00,0,00, 
2021,21,PUNO,05,EL COLLAO,04,SANTA ROSA,18176,00125,12,1,2,6,183.086324786325,1,1,1,6, ,1,CHARQUI,4211,45,00,KILOGRAMO,12,1,0,00, , , , ,45,00,0,00, 
2021,21,PUNO,04,CHUCUITO,01,JULI,18220,00021,3,1,2,6,170.00873015873,1,1,1,2, ,1,CHARQUI,4211,5,00,KILOGRAMO,12,1,0,00, , , , ,5,00,0,00, 
2021,21,PUNO,04,CHUCUITO,01,JULI,18220,00068,10,1,2,6,170.00873015873,1,1,1,1,1,1,QUESO,4208,11,60,KILOGRAMO,12,1,0,00, , , , ,11,60,0,00, 
2021,21,PUNO,04,CHUCUITO,01,JULI,18220,00076,11,1,2,6,170.00873015873,1,1,1,1,1,1,QUESO,4208,18,00,KILOGRAMO,12,1,0,00, , , , ,18,00,0,00, 
2021,21,PUNO,04,CHUCUITO,01,JULI,18232,00007,1,1,2,6,170.00873015873,1,1,1,1,1,1,QUESO,4208,72,00,UNIDAD,24,1,0,00, , , , ,72,00,0,00, 
2021,21,PUNO,04,CHUCUITO,01,JULI,18232,00130,7,1,2,6,170.00873015873,1,1,1,6, ,1,CHARQUI,4211,10,00,KILOGRAMO,12,1,0,00, , , , ,10,00,0,00, 
2021,21,PUNO,04,CHUCUITO,01,JULI,18232,00223,12,1,2,6,170.00873015873,1,1,1,6, ,1,CHARQUI,4211,5,00,KILOGRAMO,12,1,0,00, , , , ,5,00,0,00, 
2021,21,PUNO,04,CHUCUITO,06,POMATA,18253,00010,2,1,2,6,183.086324786325,1,1,1,1,1,1,QUESO,4208,21,00,UNIDAD,24,.5,0,00, , , , ,21,00,0,00, 
2021,21,PUNO,04,CHUCUITO,06,POMATA,18253,00028,4,1,2,6,183.086324786325,1,1,1,1,1,1,QUESO,4208,48,00,UNIDAD,24,.4,0,00, , , , ,38,00,10,00, 
2021,21,PUNO,04,CHUCUITO,06,POMATA,18253,00033,5,1,2,6,183.086324786325,1,1,1,1,1,1,QUESO,4208,60,00,UNIDAD,24,.4,0,00, , , , ,45,00,15,00, 
2021,21,PUNO,04,CHUCUITO,06,POMATA,18253,00041,6,1,2,6,183.086324786325,1,1,1,1,1,1,QUESO,4208,54,00,UNIDAD,24,1,40,00,12,00,480,12,14,00,0,00, 
2021,21,PUNO,04,CHUCUITO,06,POMATA,18253,00056,8,1,2,6,183.086324786325,1,1,1,1,1,2,QUESO,4208,40,00,UNIDAD,24,.4,0,00, , , , ,40,00,0,00, 
2021,21,PUNO,04,CHUCUITO,06,POMATA,18253,00056,8,1,2,6,183.086324786325,1,1,1,2, ,1,CHARQUI,4211,3,00,KILOGRAMO,12,1,0,00, , , , ,3,00,0,00, 
2021,21,PUNO,04,CHUCUITO,06,POMATA,18253,00075,10,1,2,6,183.086324786325,1,1,1,1,1,1,QUESO,4208,60,00,UNIDAD,24,.8,0,00, , , , ,35,00,25,00, 
2021,21,PUNO,04,CHUCUITO,06,POMATA,18253,00087,11,1,2,6,183.086324786325,1,1,1,2, ,1,CHARQUI,4211,4,00,KILOGRAMO,12,1,0,00, , , , ,4,00,0,00, 
2021,21,PUNO,04,CHUCUITO,06,POMATA,18253,00087,11,1,2,6,183.086324786325,1,1,1,1,1,2,QUESO,4208,10,00,UNIDAD,24,.5,0,00, , , , ,10,00,0,00, 
2021,21,PUNO,04,CHUCUITO,06,POMATA,18253,00092,12,1,2,6,183.086324786325,1,1,1,2, ,1,CHARQUI,4211,4,00,KILOGRAMO,12,1,0,00, , , , ,4,00,0,00, 
2021,21,PUNO,04,CHUCUITO,06,POMATA,18253,00092,12,1,2,6,183.086324786325,1,1,1,1,1,2,QUESO,4208,20,00,UNIDAD,24,.4,0,00, , , , ,10,00,10,00, 
2021,21,PUNO,04,CHUCUITO,06,POMATA,18253,00098,13,1,2,6,183.086324786325,1,1,1,1,1,1,QUESO,4208,24,00,UNIDAD,24,.4,0,00, , , , ,24,00,0,00, 
2021,21,PUNO,04,CHUCUITO,06,POMATA,18253,00104,14,1,2,6,183.086324786325,1,1,1,2, ,1,CHARQUI,4211,8,00,KILOGRAMO,12,1,0,00, , , , ,8,00,0,00, 
2021,21,PUNO,04,CHUCUITO,06,POMATA,18274,00112,13,1,2,6,170.00873015873,1,1,1,1,1,2,QUESO,4208,35,00,UNIDAD,24,1,0,00, , , , ,35,00,0,00, 
2021,21,PUNO,04,CHUCUITO,06,POMATA,18274,00112,13,1,2,6,170.00873015873,1,1,1,2, ,1,CHARQUI,4211,8,00,KILOGRAMO,12,1,0,00, , , , ,8,00,0,00, 
2021,21,PUNO,04,CHUCUITO,07,ZEPITA,18302,00010,1,1,2,6,170.00873015873,1,1,1,1,1,1,QUESO,4208,120,00,UNIDAD,24,.5,0,00, , , , ,120,00,0,00, 
2021,21,PUNO,04,CHUCUITO,07,ZEPITA,18302,00046,5,1,2,6,170.00873015873,1,1,1,1,1,1,QUESO,4208,20,00,UNIDAD,24,.5,5,00,5,00,25,10,15,00,0,00, 
2021,21,PUNO,04,CHUCUITO,07,ZEPITA,18302,00069,7,1,2,6,170.00873015873,1,1,1,1,1,1,QUESO,4208,35,00,UNIDAD,24,.2,0,00, , , , ,35,00,0,00, 
2021,21,PUNO,04,CHUCUITO,07,ZEPITA,18302,00080,8,1,2,6,170.00873015873,1,1,1,1,1,1,QUESO,4208,40,00,UNIDAD,24,.5,0,00, , , , ,30,00,10,00, 
2021,21,PUNO,04,CHUCUITO,07,ZEPITA,18302,00119,11,1,2,6,170.00873015873,1,1,1,1,1,1,QUESO,4208,40,00,UNIDAD,24,.5,0,00, , , , ,40,00,0,00, 
2021,21,PUNO,04,CHUCUITO,07,ZEPITA,18302,00133,13,1,2,6,170.00873015873,1,1,1,1,1,1,QUESO,4208,25,00,UNIDAD,24,1,0,00, , , , ,25,00,0,00, 
2021,21,PUNO,04,CHUCUITO,07,ZEPITA,18319,00052,4,1,2,6,170.00873015873,1,1,1,1,1,1,QUESO,4208,24,00,KILOGRAMO,12,1,0,00, , , , ,24,00,0,00, 
2021,21,PUNO,04,CHUCUITO,07,ZEPITA,18319,00083,8,1,2,6,170.00873015873,1,1,1,2, ,1,CHARQUI,4211,5,00,KILOGRAMO,12,1,0,00, , , , ,5,00,0,00, 
2021,21,PUNO,04,CHUCUITO,07,ZEPITA,18326,00068,5,1,2,6,170.00873015873,1,1,1,2, ,1,CHARQUI,4211,5,00,KILOGRAMO,12,1,0,00, , , , ,5,00,0,00, 
2021,21,PUNO,04,CHUCUITO,07,ZEPITA,18326,00070,6,1,2,6,170.00873015873,1,1,1,1,1,1,QUESO,4208,20,00,MOLDE,41,.6,0,00, , , , ,20,00,0,00, 
2021,21,PUNO,04,CHUCUITO,07,ZEPITA,18326,00070,6,1,2,6,170.00873015873,1,1,1,2, ,2,CHARQUI,4211,6,00,KILOGRAMO,12,1,0,00, , , , ,6,00,0,00, 
2021,21,PUNO,04,CHUCUITO,07,ZEPITA,18326,00091,8,1,2,6,170.00873015873,1,1,1,2, ,1,CHARQUI,4211,6,00,KILOGRAMO,12,1,0,00, , , , ,6,00,0,00, 
2021,21,PUNO,04,CHUCUITO,07,ZEPITA,18326,00097,10,1,2,6,170.00873015873,1,1,1,1,1,2,QUESO,4208,7,00,KILOGRAMO,12,1,0,00, , , , ,7,00,0,00, 
2021,21,PUNO,04,CHUCUITO,07,ZEPITA,18326,00097,10,1,2,6,170.00873015873,1,1,1,2, ,1,CHARQUI,4211,8,00,KILOGRAMO,12,1,0,00, , , , ,8,00,0,00, 
2021,21,PUNO,04,CHUCUITO,07,ZEPITA,18326,00119,12,1,2,6,170.00873015873,1,1,1,1,1,1,QUESO,4208,40,00,KILOGRAMO,12,1,0,00, , , , ,40,00,0,00, 
2021,21,PUNO,04,CHUCUITO,07,ZEPITA,18326,00125,13,1,2,6,170.00873015873,1,1,1,1,1,1,QUESO,4208,10,00,MOLDE,41,.5,0,00, , , , ,10,00,0,00, 
2021,21,PUNO,04,CHUCUITO,04,KELLUYO,18372,00004,1,1,2,6,170.00873015873,1,1,1,2, ,1,CHARQUI,4211,4,00,KILOGRAMO,12,1,0,00, , , , ,4,00,0,00, 
2021,21,PUNO,04,CHUCUITO,04,KELLUYO,18372,00022,3,1,2,6,170.00873015873,1,1,1,5, ,1,CHARQUI,4211,6,00,KILOGRAMO,12,1,0,00, , , , ,6,00,0,00, 
2021,21,PUNO,04,CHUCUITO,04,KELLUYO,18372,00049,6,1,2,6,170.00873015873,1,1,1,"2,5", ,1,CHARQUI,4211,16,00,KILOGRAMO,12,1,0,00, , , , ,16,00,0,00, 
2021,21,PUNO,04,CHUCUITO,04,KELLUYO,18372,00064,8,1,2,6,170.00873015873,1,1,1,2, ,1,CHARQUI,4211,3,00,KILOGRAMO,12,1,0,00, , , , ,3,00,0,00, 
2021,21,PUNO,04,CHUCUITO,04,KELLUYO,18372,00072,9,1,2,6,170.00873015873,1,1,1,2, ,1,CHARQUI,4211,6,50,KILOGRAMO,12,1,0,00, , , , ,6,50,0,00, 
2021,21,PUNO,04,CHUCUITO,04,KELLUYO,18372,00090,12,1,2,6,170.00873015873,1,1,1,2, ,1,CHARQUI,4211,9,00,KILOGRAMO,12,1,0,00, , , , ,9,00,0,00, 
2021,21,PUNO,04,CHUCUITO,05,PISACOMA,18375,00006,1,1,2,6,170.00873015873,1,1,1,6, ,1,CHARQUI,4211,35,00,KILOGRAMO,12,1,0,00, , , , ,18,00,17,00, 
2021,21,PUNO,04,CHUCUITO,05,PISACOMA,18375,00027,2,1,2,6,170.00873015873,1,1,1,"2,6", ,1,CHARQUI,4211,82,00,KILOGRAMO,12,1,0,00, , , , ,82,00,0,00, 
2021,21,PUNO,04,CHUCUITO,05,PISACOMA,18375,00060,5,1,2,6,170.00873015873,1,1,1,"5,6", ,1,CHARQUI,4211,10,00,KILOGRAMO,12,1,0,00, , , , ,10,00,0,00, 
2021,21,PUNO,04,CHUCUITO,05,PISACOMA,18375,00096,8,1,2,6,170.00873015873,1,1,1,2, ,1,CHARQUI,4211,5,00,KILOGRAMO,12,1,0,00, , , , ,5,00,0,00, 
2021,21,PUNO,04,CHUCUITO,05,PISACOMA,18375,00138,10,1,2,6,170.00873015873,1,1,1,6, ,1,CHARQUI,4211,12,00,KILOGRAMO,12,1,0,00, , , , ,12,00,0,00, 
2021,21,PUNO,04,CHUCUITO,05,PISACOMA,18375,00142,11,1,2,6,170.00873015873,1,1,1,6, ,1,CHARQUI,4211,6,00,KILOGRAMO,12,1,0,00, , , , ,6,00,0,00, 
2021,21,PUNO,04,CHUCUITO,05,PISACOMA,18375,00144,12,1,2,6,170.00873015873,1,1,1,6, ,1,CHARQUI,4211,50,00,KILOGRAMO,12,1,0,00, , , , ,50,00,0,00, 
2021,21,PUNO,04,CHUCUITO,05,PISACOMA,18375,00166,14,1,2,6,170.00873015873,1,1,1,2, ,1,CHARQUI,4211,5,00,KILOGRAMO,12,1,0,00, , , , ,5,00,0,00, 
2021,21,PUNO,04,CHUCUITO,05,PISACOMA,18377,00006,1,1,2,6,170.00873015873,1,1,1,"2,5", ,1,CHARQUI,4211,39,00,KILOGRAMO,12,1,0,00, , , , ,20,00,19,00, 
2021,21,PUNO,04,CHUCUITO,05,PISACOMA,18377,00021,2,1,2,6,170.00873015873,1,1,1,1,1,2,QUESO,4208,38,00,MOLDE,41,1,30,00,10,00,300,10,8,00,0,00, 
2021,21,PUNO,04,CHUCUITO,05,PISACOMA,18377,00021,2,1,2,6,170.00873015873,1,1,1,5, ,1,CHARQUI,4211,30,00,KILOGRAMO,12,1,0,00, , , , ,30,00,0,00, 
2021,21,PUNO,04,CHUCUITO,05,PISACOMA,18377,00074,8,1,2,6,170.00873015873,1,1,1,6, ,1,CHARQUI,4211,20,00,KILOGRAMO,12,1,0,00, , , , ,14,00,6,00, 
2021,21,PUNO,04,CHUCUITO,05,PISACOMA,18377,00092,9,1,2,6,170.00873015873,1,1,1,6, ,1,CHARQUI,4211,10,00,KILOGRAMO,12,1,0,00, , , , ,10,00,0,00, 
2021,21,PUNO,04,CHUCUITO,05,PISACOMA,18377,00111,11,1,2,6,170.00873015873,1,1,1,6, ,1,CHARQUI,4211,5,00,KILOGRAMO,12,1,0,00, , , , ,5,00,0,00, 
2021,21,PUNO,04,CHUCUITO,05,PISACOMA,18377,00115,12,1,2,6,170.00873015873,1,1,1,6, ,1,CHARQUI,4211,12,00,KILOGRAMO,12,1,0,00, , , , ,12,00,0,00, 
2021,21,PUNO,04,CHUCUITO,05,PISACOMA,18377,00128,13,1,2,6,170.00873015873,1,1,1,"5,6", ,1,CHARQUI,4211,20,00,KILOGRAMO,12,1,0,00, , , , ,20,00,0,00, 
2021,21,PUNO,13,YUNGUYO,01,YUNGUYO,18447,00005,1,1,2,6,170.00873015873,1,1,1,1,1,1,QUESO,4208,24,00,UNIDAD,24,.5,0,00, , , , ,24,00,0,00, 
2021,21,PUNO,13,YUNGUYO,01,YUNGUYO,18447,00014,3,1,2,6,170.00873015873,1,1,1,1,1,1,QUESO,4208,36,00,UNIDAD,24,.5,0,00, , , , ,36,00,0,00, 
2021,21,PUNO,13,YUNGUYO,01,YUNGUYO,18447,00032,6,1,2,6,170.00873015873,1,1,1,1,1,1,QUESO,4208,40,00,UNIDAD,24,.5,0,00, , , , ,30,00,10,00, 
2021,21,PUNO,13,YUNGUYO,01,YUNGUYO,18447,00079,14,1,2,6,170.00873015873,1,1,1,2, ,1,CHARQUI,4211,6,00,KILOGRAMO,12,1,0,00, , , , ,6,00,0,00, 
2021,04,AREQUIPA,03,CARAVELI,12,QUICACHA,18515,00044,5,1,2,6,44.8214285714286,1,1,1,1,1,1,QUESO,4208,20,00,KILOGRAMO,12,1,5,00,15,00,75,15,15,00,0,00, 
2021,04,AREQUIPA,03,CARAVELI,12,QUICACHA,18515,00044,5,1,2,6,44.8214285714286,1,1,1,3, ,2,CHARQUI,4211,7,00,KILOGRAMO,12,1,0,00, , , , ,7,00,0,00, 
2021,04,AREQUIPA,03,CARAVELI,12,QUICACHA,18515,00083,11,1,2,6,44.8214285714286,1,1,1,1,1,1,QUESO,4208,100,00,KILOGRAMO,12,1,50,00,15,00,750,15,50,00,0,00, 
2021,04,AREQUIPA,03,CARAVELI,12,QUICACHA,18515,00099,13,1,2,6,44.8214285714286,1,1,1,1,1,1,QUESO,4208,20,00,KILOGRAMO,12,1,0,00, , , , ,20,00,0,00, 
2021,04,AREQUIPA,03,CARAVELI,06,CAHUACHO,18519,00007,1,1,2,6,44.8214285714286,1,1,1,1,1,1,QUESO,4208,93,00,KILOGRAMO,12,1,0,00, , , , ,40,00,53,00, 
2021,04,AREQUIPA,03,CARAVELI,06,CAHUACHO,18519,00020,2,1,2,6,44.8214285714286,1,1,1,1,1,1,QUESO,4208,36,00,KILOGRAMO,12,1,0,00, , , , ,20,00,16,00, 
2021,04,AREQUIPA,03,CARAVELI,06,CAHUACHO,18519,00041,3,1,2,6,44.8214285714286,1,1,1,1,1,1,QUESO,4208,72,50,KILOGRAMO,12,1,35,00,12,00,420,12,25,00,12,50, 
2021,04,AREQUIPA,03,CARAVELI,06,CAHUACHO,18519,00049,5,1,2,6,44.8214285714286,1,1,1,1,1,1,QUESO,4208,310,00,KILOGRAMO,12,1,0,00, , , , ,200,00,110,00, 
2021,04,AREQUIPA,03,CARAVELI,06,CAHUACHO,18519,00050,6,1,2,6,44.8214285714286,1,1,1,3, ,2,CHARQUI,4211,25,00,KILOGRAMO,12,1,0,00, , , , ,18,00,7,00, 
2021,04,AREQUIPA,03,CARAVELI,06,CAHUACHO,18519,00050,6,1,2,6,44.8214285714286,1,1,1,1,1,1,QUESO,4208,212,50,KILOGRAMO,12,1,150,00,12,00,1800,12,48,00,14,50, 
2021,04,AREQUIPA,03,CARAVELI,06,CAHUACHO,18519,00082,8,1,2,6,44.8214285714286,1,1,1,1,1,1,QUESO,4208,125,00,KILOGRAMO,12,1,85,00,12,00,1020,12,35,00,5,00, 
2021,04,AREQUIPA,03,CARAVELI,06,CAHUACHO,18519,00087,9,1,2,6,44.8214285714286,1,1,1,1,1,1,QUESO,4208,437,50,KILOGRAMO,12,1,400,00,12,00,4800,12,22,50,15,00, 
2021,04,AREQUIPA,03,CARAVELI,06,CAHUACHO,18519,00101,10,1,2,6,44.8214285714286,1,1,1,1, ,2,CHARQUI,4211,35,00,KILOGRAMO,12,1,0,00, , , , ,25,00,10,00, 
2021,04,AREQUIPA,03,CARAVELI,06,CAHUACHO,18519,00101,10,1,2,6,44.8214285714286,1,1,1,1,1,1,QUESO,4208,670,00,KILOGRAMO,12,1,600,00,12,00,7200,12,45,00,25,00, 
2021,04,AREQUIPA,03,CARAVELI,06,CAHUACHO,18519,00109,11,1,2,6,44.8214285714286,1,1,1,1,1,1,QUESO,4208,337,50,KILOGRAMO,12,1,300,00,12,00,3600,12,30,50,7,00, 
2021,04,AREQUIPA,03,CARAVELI,06,CAHUACHO,18519,00127,13,1,2,6,44.8214285714286,1,1,1,1,1,1,QUESO,4208,187,50,KILOGRAMO,12,1,100,00,12,00,1200,12,50,50,37,00, 
2021,04,AREQUIPA,03,CARAVELI,06,CAHUACHO,18519,00137,14,1,2,6,44.8214285714286,1,1,1,1,1,1,QUESO,4208,56,00,KILOGRAMO,12,1,0,00, , , , ,36,00,20,00, 
2021,04,AREQUIPA,03,CARAVELI,06,CAHUACHO,18520,00007,1,1,2,6,44.8214285714286,1,1,1,1,1,1,QUESO,4208,700,00,KILOGRAMO,12,1,350,00,12,00,4200,12,350,00,0,00, 
2021,04,AREQUIPA,03,CARAVELI,06,CAHUACHO,18520,00066,7,1,2,6,44.8214285714286,1,1,1,1,1,1,QUESO,4208,200,00,KILOGRAMO,12,1,0,00, , , , ,200,00,0,00, 
2021,04,AREQUIPA,03,CARAVELI,06,CAHUACHO,18520,00111,11,1,2,6,44.8214285714286,1,1,1,1,1,1,QUESO,4208,5,00,KILOGRAMO,12,1,0,00, , , , ,5,00,0,00, 
2021,04,AREQUIPA,08,LA UNION,04,HUAYNACOTAS,18530,00006,1,1,2,6,44.8214285714286,1,1,1,"5,6", ,1,CHARQUI,4211,36,00,KILOGRAMO,12,1,0,00, , , , ,36,00,0,00, 
2021,04,AREQUIPA,08,LA UNION,04,HUAYNACOTAS,18530,00015,2,1,2,6,44.8214285714286,1,1,1,"5,6", ,1,CHARQUI,4211,30,00,KILOGRAMO,12,1,0,00, , , , ,30,00,0,00, 
2021,04,AREQUIPA,08,LA UNION,04,HUAYNACOTAS,18530,00026,3,1,2,6,44.8214285714286,1,1,1,"5,6", ,1,CHARQUI,4211,45,00,KILOGRAMO,12,1,0,00, , , , ,45,00,0,00, 
2021,04,AREQUIPA,08,LA UNION,04,HUAYNACOTAS,18532,00008,1,1,2,6,44.8214285714286,1,1,1,1,1,1,QUESO,4208,30,00,KILOGRAMO,12,1,0,00, , , , ,30,00,0,00, 
2021,04,AREQUIPA,08,LA UNION,04,HUAYNACOTAS,18532,00021,3,1,2,6,44.8214285714286,1,1,1,1,1,1,QUESO,4208,18,75,KILOGRAMO,12,1,0,00, , , , ,13,75,5,00, 
2021,04,AREQUIPA,08,LA UNION,04,HUAYNACOTAS,18532,00070,8,1,2,6,44.8214285714286,1,1,1,1,1,1,QUESO,4208,60,00,UNIDAD,24,.6,0,00, , , , ,50,00,10,00, 
2021,04,AREQUIPA,08,LA UNION,04,HUAYNACOTAS,18532,00082,9,1,2,6,44.8214285714286,1,1,1,1,1,1,QUESO,4208,237,50,KILOGRAMO,12,1,50,00,12,00,600,12,87,50,100,00, 
2021,04,AREQUIPA,08,LA UNION,04,HUAYNACOTAS,18532,00089,10,1,2,6,44.8214285714286,1,1,1,1, ,2,CHARQUI,4211,100,00,KILOGRAMO,12,1,0,00, , , , ,100,00,0,00, 
2021,04,AREQUIPA,08,LA UNION,04,HUAYNACOTAS,18532,00089,10,1,2,6,44.8214285714286,1,1,1,1,1,1,QUESO,4208,250,00,KILOGRAMO,12,1,0,00, , , , ,200,00,50,00, 
2021,04,AREQUIPA,08,LA UNION,06,PUYCA,18540,00021,3,1,2,6,44.8214285714286,1,1,1,1, ,2,CHARQUI,4211,70,00,KILOGRAMO,12,1,40,00,25,00,1000,25,20,00,10,00, 
2021,04,AREQUIPA,08,LA UNION,06,PUYCA,18540,00021,3,1,2,6,44.8214285714286,1,1,1,1,1,1,QUESO,4208,90,00,KILOGRAMO,12,1,0,00, , , , ,50,00,40,00, 
2021,04,AREQUIPA,08,LA UNION,06,PUYCA,18540,00034,5,1,2,6,44.8214285714286,1,1,1,1,1,1,QUESO,4208,120,00,UNIDAD,24,1,20,00,13,00,260,13,50,00,50,00, 
2021,04,AREQUIPA,08,LA UNION,06,PUYCA,18540,00074,8,1,2,6,44.8214285714286,1,1,1,1,1,1,QUESO,4208,114,00,UNIDAD,24,1,0,00, , , , ,100,00,14,00, 
2021,04,AREQUIPA,08,LA UNION,06,PUYCA,18540,00093,10,1,2,6,44.8214285714286,1,1,1,1,1,1,QUESO,4208,85,00,UNIDAD,24,1,0,00, , , , ,75,00,10,00, 
2021,04,AREQUIPA,08,LA UNION,06,PUYCA,18540,00132,14,1,2,6,44.8214285714286,1,1,1,1, ,1,CHARQUI,4211,10,00,KILOGRAMO,12,1,0,00, , , , ,10,00,0,00, 
2021,04,AREQUIPA,08,LA UNION,10,TOMEPAMPA,18552,00015,3,1,2,6,44.8214285714286,1,1,1,1,1,1,QUESO,4208,270,00,KILOGRAMO,12,1,10,00,12,00,120,12,160,00,100,00, 
2021,04,AREQUIPA,08,LA UNION,10,TOMEPAMPA,18552,00036,6,1,2,6,44.8214285714286,1,1,1,1,1,1,QUESO,4208,28,00,KILOGRAMO,12,1,0,00, , , , ,20,00,8,00, 
2021,04,AREQUIPA,08,LA UNION,10,TOMEPAMPA,18552,00045,8,1,2,6,44.8214285714286,1,1,1,2, ,1,CHARQUI,4211,4,00,KILOGRAMO,12,1,0,00, , , , ,4,00,0,00, 
2021,04,AREQUIPA,08,LA UNION,10,TOMEPAMPA,18552,00073,12,1,2,6,44.8214285714286,1,1,1,1,1,1,QUESO,4208,20,00,KILOGRAMO,12,1,0,00, , , , ,20,00,0,00, 
2021,04,AREQUIPA,08,LA UNION,01,COTAHUASI,18558,00062,7,1,2,6,44.8214285714286,1,1,1,1,1,1,QUESO,4208,850,00,KILOGRAMO,12,1,808,00,12,00,9696,12,40,00,2,00, 
2021,04,AREQUIPA,08,LA UNION,01,COTAHUASI,18558,00083,8,1,2,6,44.8214285714286,1,1,1,1,1,1,QUESO,4208,223,00,KILOGRAMO,12,1,200,00,12,00,2400,12,20,00,3,00, 
2021,04,AREQUIPA,06,CONDESUYOS,03,CAYARANI,18571,00062,9,1,2,6,44.8214285714286,1,0,1,6, ,1,CHARQUI,4211,45,00,KILOGRAMO,12,1,0,00, , , , ,45,00,0,00, 
2021,04,AREQUIPA,06,CONDESUYOS,07,SALAMANCA,18575,00007,1,1,2,6,44.8214285714286,1,1,1,2, ,1,CHARQUI,4211,5,00,KILOGRAMO,12,1,0,00, , , , ,5,00,0,00, 
2021,04,AREQUIPA,06,CONDESUYOS,07,SALAMANCA,18575,00017,2,1,2,6,44.8214285714286,1,1,1,2, ,1,CHARQUI,4211,10,00,KILOGRAMO,12,1,0,00, , , , ,10,00,0,00, 
2021,04,AREQUIPA,06,CONDESUYOS,07,SALAMANCA,18575,00021,4,1,2,6,44.8214285714286,1,1,1,2, ,2,CHARQUI,4211,10,00,KILOGRAMO,12,1,0,00, , , , ,9,00,1,00, 
2021,04,AREQUIPA,06,CONDESUYOS,07,SALAMANCA,18575,00021,4,1,2,6,44.8214285714286,1,1,1,1,1,1,QUESO,4208,400,00,MOLDE,41,1,300,00,12,00,3600,12,90,00,10,00, 
2021,04,AREQUIPA,06,CONDESUYOS,07,SALAMANCA,18575,00031,5,1,2,6,44.8214285714286,1,1,1,2, ,2,CHARQUI,4211,8,00,KILOGRAMO,12,1,0,00, , , , ,8,00,0,00, 
2021,04,AREQUIPA,06,CONDESUYOS,07,SALAMANCA,18575,00031,5,1,2,6,44.8214285714286,1,1,1,1,1,1,QUESO,4208,200,00,UNIDAD,24,1,100,00,20,00,2000,20,80,00,20,00, 
2021,04,AREQUIPA,06,CONDESUYOS,07,SALAMANCA,18575,00049,6,1,2,6,44.8214285714286,1,1,1,2, ,2,CHARQUI,4211,10,00,KILOGRAMO,12,1,0,00, , , , ,10,00,0,00, 
2021,04,AREQUIPA,06,CONDESUYOS,07,SALAMANCA,18575,00049,6,1,2,6,44.8214285714286,1,1,1,1,1,1,QUESO,4208,400,00,KILOGRAMO,12,1,300,00,12,00,3600,12,100,00,0,00, 
2021,04,AREQUIPA,06,CONDESUYOS,07,SALAMANCA,18575,00055,7,1,2,6,44.8214285714286,1,1,1,2, ,1,CHARQUI,4211,8,00,KILOGRAMO,12,1,0,00, , , , ,8,00,0,00, 
2021,04,AREQUIPA,06,CONDESUYOS,07,SALAMANCA,18575,00055,7,1,2,6,44.8214285714286,1,1,1,1,1,2,QUESO,4208,100,00,KILOGRAMO,12,1,50,00,12,00,600,12,50,00,0,00, 
2021,04,AREQUIPA,06,CONDESUYOS,07,SALAMANCA,18575,00059,8,1,2,6,44.8214285714286,1,1,1,1,1,1,QUESO,4208,340,00,MOLDE,41,1,300,00,12,00,3600,12,40,00,0,00, 
2021,04,AREQUIPA,06,CONDESUYOS,07,SALAMANCA,18575,00060,9,1,2,6,44.8214285714286,1,1,1,2, ,1,CHARQUI,4211,10,00,KILOGRAMO,12,1,0,00, , , , ,10,00,0,00, 
2021,04,AREQUIPA,06,CONDESUYOS,07,SALAMANCA,18575,00060,9,1,2,6,44.8214285714286,1,1,1,1,1,2,QUESO,4208,200,00,KILOGRAMO,12,1,200,00,12,00,2400,12,0,00,0,00, 
2021,04,AREQUIPA,06,CONDESUYOS,07,SALAMANCA,18575,00074,10,1,2,6,44.8214285714286,1,1,1,2, ,1,CHARQUI,4211,10,00,KILOGRAMO,12,1,0,00, , , , ,10,00,0,00, 
2021,04,AREQUIPA,06,CONDESUYOS,07,SALAMANCA,18575,00074,10,1,2,6,44.8214285714286,1,1,1,1,1,2,QUESO,4208,260,00,MOLDE,41,1,200,00,12,00,2400,12,40,00,20,00, 
2021,04,AREQUIPA,06,CONDESUYOS,07,SALAMANCA,18575,00088,11,1,2,6,44.8214285714286,1,1,1,1,1,2,QUESO,4208,600,00,MOLDE,41,1,500,00,12,00,6000,12,100,00,0,00, 
2021,04,AREQUIPA,06,CONDESUYOS,07,SALAMANCA,18575,00088,11,1,2,6,44.8214285714286,1,1,1,2, ,1,CHARQUI,4211,10,00,KILOGRAMO,12,1,0,00, , , , ,10,00,0,00, 
2021,04,AREQUIPA,06,CONDESUYOS,07,SALAMANCA,18575,00089,12,1,2,6,44.8214285714286,1,1,1,2, ,1,CHARQUI,4211,10,00,KILOGRAMO,12,1,0,00, , , , ,10,00,0,00, 
2021,04,AREQUIPA,06,CONDESUYOS,04,CHICHAS,18579,00073,14,1,2,6,44.8214285714286,1,1,1,1,1,1,QUESO,4208,480,00,KILOGRAMO,12,1,400,00,15,00,6000,15,80,00,0,00, 
2021,04,AREQUIPA,06,CONDESUYOS,08,YANAQUIHUA,18583,00026,3,1,2,6,44.8214285714286,1,1,1,1,1,1,QUESO,4208,60,00,KILOGRAMO,12,1,40,00,13,00,520,13,20,00,0,00, 
2021,04,AREQUIPA,06,CONDESUYOS,08,YANAQUIHUA,18583,00044,5,1,2,6,44.8214285714286,1,1,1,1,1,1,QUESO,4208,50,00,KILOGRAMO,12,1,0,00, , , , ,50,00,0,00, 
2021,04,AREQUIPA,06,CONDESUYOS,08,YANAQUIHUA,18583,00059,7,1,2,6,44.8214285714286,1,1,1,1,1,1,QUESO,4208,146,00,KILOGRAMO,12,1,130,00,11,00,1430,11,10,00,6,00, 
2021,04,AREQUIPA,06,CONDESUYOS,08,YANAQUIHUA,18583,00082,10,1,2,6,44.8214285714286,1,1,1,1,1,1,QUESO,4208,56,00,KILOGRAMO,12,1,0,00, , , , ,56,00,0,00, 
2021,04,AREQUIPA,06,CONDESUYOS,08,YANAQUIHUA,18583,00111,14,1,2,6,44.8214285714286,1,1,1,1,1,1,QUESO,4208,90,00,KILOGRAMO,12,1,0,00, , , , ,90,00,0,00, 
2021,04,AREQUIPA,06,CONDESUYOS,08,YANAQUIHUA,18585,00030,5,1,2,6,48.2692307692308,1,1,1,1,1,1,SUERO DE LECHE,4212,5,00,LITRO,14,1,0,00, , , , ,5,00,0,00, 
2021,04,AREQUIPA,06,CONDESUYOS,01,CHUQUIBAMBA,18601,00005,2,1,2,6,48.2692307692308,1,1,1,1,1,1,QUESO,4208,70,00,MOLDE,41,1,30,00,18,00,540,18,40,00,0,00, 
2021,04,AREQUIPA,06,CONDESUYOS,01,CHUQUIBAMBA,18601,00036,6,1,2,6,48.2692307692308,1,1,1,1,1,1,QUESO,4208,10,00,MOLDE,41,1,0,00, , , , ,10,00,0,00, 
2021,04,AREQUIPA,06,CONDESUYOS,01,CHUQUIBAMBA,18601,00039,7,1,2,6,48.2692307692308,1,1,1,2, ,1,CHARQUI,4211,15,00,KILOGRAMO,12,1,0,00, , , , ,15,00,0,00, 
2021,04,AREQUIPA,06,CONDESUYOS,01,CHUQUIBAMBA,18601,00057,11,1,2,6,48.2692307692308,1,1,1,1, ,2,CHARQUI,4211,100,00,KILOGRAMO,12,1,0,00, , , , ,100,00,0,00, 
2021,04,AREQUIPA,06,CONDESUYOS,01,CHUQUIBAMBA,18601,00057,11,1,2,6,48.2692307692308,1,1,1,1,1,1,QUESO,4208,212,00,MOLDE,41,.8,180,00,14,00,2520,17.5,32,00,0,00, 
2021,04,AREQUIPA,06,CONDESUYOS,01,CHUQUIBAMBA,18601,00071,14,1,2,6,48.2692307692308,1,1,1,1,1,1,QUESO,4208,360,00,MOLDE,41,.5,180,00,6,00,1080,12,150,00,30,00, 
2021,04,AREQUIPA,04,CASTILLA,02,ANDAGUA,18611,00039,6,1,2,6,44.8214285714286,1,1,1,1,1,1,QUESO,4208,44,00,UNIDAD,24,1,0,00, , , , ,20,00,24,00, 
2021,04,AREQUIPA,04,CASTILLA,02,ANDAGUA,18611,00045,7,1,2,6,44.8214285714286,1,1,1,2, ,1,CHARQUI,4211,18,00,KILOGRAMO,12,1,0,00, , , , ,18,00,0,00, 
2021,04,AREQUIPA,04,CASTILLA,02,ANDAGUA,18611,00064,10,1,2,6,44.8214285714286,1,1,1,1,1,1,QUESO,4208,50,00,UNIDAD,24,1,0,00, , , , ,40,00,10,00, 
2021,04,AREQUIPA,04,CASTILLA,02,ANDAGUA,18611,00090,13,1,2,6,44.8214285714286,1,1,1,1,1,1,QUESO,4208,8,00,KILOGRAMO,12,1,0,00, , , , ,8,00,0,00, 
2021,04,AREQUIPA,04,CASTILLA,02,ANDAGUA,18612,00016,3,1,2,6,44.8214285714286,1,1,1,2, ,1,CHARQUI,4211,6,00,KILOGRAMO,12,1,0,00, , , , ,6,00,0,00, 
2021,04,AREQUIPA,04,CASTILLA,02,ANDAGUA,18612,00052,7,1,2,6,44.8214285714286,1,1,1,2, ,1,CHARQUI,4211,6,00,KILOGRAMO,12,1,0,00, , , , ,6,00,0,00, 
2021,04,AREQUIPA,04,CASTILLA,04,CHACHAS,18615,00005,1,1,2,6,48.2692307692308,1,0,1,"5,6", ,1,CHARQUI,4211,150,00,KILOGRAMO,12,1,0,00, , , , ,150,00,0,00, 
2021,04,AREQUIPA,04,CASTILLA,04,CHACHAS,18615,00043,6,1,2,6,48.2692307692308,1,0,1,5, ,1,CHARQUI,4211,45,00,KILOGRAMO,12,1,0,00, , , , ,45,00,0,00, 
2021,04,AREQUIPA,04,CASTILLA,04,CHACHAS,18615,00081,11,1,2,6,48.2692307692308,1,0,1,6, ,1,CHARQUI,4211,15,00,KILOGRAMO,12,1,0,00, , , , ,15,00,0,00, 
2021,04,AREQUIPA,04,CASTILLA,08,MACHAGUAY,18624,00030,4,1,2,6,44.8214285714286,1,1,1,2, ,1,CHARQUI,4211,10,00,KILOGRAMO,12,1,0,00, , , , ,10,00,0,00, 
2021,04,AREQUIPA,04,CASTILLA,08,MACHAGUAY,18624,00030,4,1,2,6,44.8214285714286,1,1,1,1,1,2,QUESO,4208,30,00,KILOGRAMO,12,1,0,00, , , , ,30,00,0,00, 
2021,04,AREQUIPA,04,CASTILLA,08,MACHAGUAY,18624,00033,5,1,2,6,44.8214285714286,1,1,1,1,1,1,QUESO,4208,90,00,MOLDE,41,1,50,00,13,00,650,13,30,00,10,00, 
2021,04,AREQUIPA,04,CASTILLA,08,MACHAGUAY,18624,00056,10,1,2,6,44.8214285714286,1,1,1,1,1,1,QUESO,4208,50,00,MOLDE,41,1,0,00, , , , ,50,00,0,00, 
2021,04,AREQUIPA,04,CASTILLA,08,MACHAGUAY,18624,00063,11,1,2,6,44.8214285714286,1,1,1,2, ,1,CHARQUI,4211,10,00,KILOGRAMO,12,1,0,00, , , , ,10,00,0,00, 
2021,04,AREQUIPA,04,CASTILLA,08,MACHAGUAY,18624,00069,12,1,2,6,44.8214285714286,1,1,1,1,1,1,QUESO,4208,20,00,MOLDE,41,1,0,00, , , , ,20,00,0,00, 
2021,04,AREQUIPA,04,CASTILLA,08,MACHAGUAY,18624,00069,12,1,2,6,44.8214285714286,1,1,1,2, ,2,CHARQUI,4211,20,00,KILOGRAMO,12,1,0,00, , , , ,20,00,0,00, 
2021,04,AREQUIPA,04,CASTILLA,14,VIRACO,18629,00017,4,1,2,6,44.8214285714286,1,1,1,1,1,1,QUESO,4208,180,00,UNIDAD,24,1,0,00, , , , ,180,00,0,00, 
2021,04,AREQUIPA,04,CASTILLA,10,PAMPACOLCA,18637,00042,5,1,2,6,44.8214285714286,1,1,1,1, ,1,CHARQUI,4211,30,00,KILOGRAMO,12,1,0,00, , , , ,30,00,0,00, 
2021,04,AREQUIPA,04,CASTILLA,10,PAMPACOLCA,18637,00063,9,1,2,6,44.8214285714286,1,1,1,1, ,1,CHARQUI,4211,150,00,KILOGRAMO,12,1,0,00, , , , ,150,00,0,00, 
2021,04,AREQUIPA,04,CASTILLA,10,PAMPACOLCA,18640,00005,1,1,2,6,44.8214285714286,1,1,1,1,1,1,QUESO,4208,140,00,KILOGRAMO,12,1,130,00,13,00,1690,13,10,00,0,00, 
2021,04,AREQUIPA,04,CASTILLA,11,TIPAN,18642,00064,6,1,2,6,44.8214285714286,1,1,1,1,1,1,QUESO,4208,90,00,KILOGRAMO,12,1,0,00, , , , ,90,00,0,00, 
2021,04,AREQUIPA,04,CASTILLA,11,TIPAN,18642,00151,13,1,2,6,44.8214285714286,1,1,1,1,1,1,QUESO,4208,70,00,KILOGRAMO,12,1,0,00, , , , ,70,00,0,00, 
2021,04,AREQUIPA,05,CAYLLOMA,05,CAYLLOMA,18667,00001,1,1,2,6,48.2692307692308,1,1,1,1,1,1,QUESO,4208,50,00,KILOGRAMO,12,1,0,00, , , , ,20,00,30,00, 
2021,04,AREQUIPA,05,CAYLLOMA,05,CAYLLOMA,18667,00017,4,1,2,6,48.2692307692308,1,1,1,"2,6", ,2,CHARQUI,4211,36,00,KILOGRAMO,12,1,0,00, , , , ,16,00,20,00, 
2021,04,AREQUIPA,05,CAYLLOMA,05,CAYLLOMA,18667,00017,4,1,2,6,48.2692307692308,1,1,1,1,1,1,QUESO,4208,770,00,UNIDAD,24,1,770,00,15,00,11550,15,0,00,0,00, 
2021,04,AREQUIPA,05,CAYLLOMA,05,CAYLLOMA,18667,00030,5,1,2,6,48.2692307692308,1,1,1,"5,6", ,1,CHARQUI,4211,15,00,KILOGRAMO,12,1,0,00, , , , ,15,00,0,00, 
2021,04,AREQUIPA,05,CAYLLOMA,05,CAYLLOMA,18667,00031,6,1,2,6,48.2692307692308,1,0,1,1,1,1,QUESO,4208,62,50,KILOGRAMO,12,1,40,00,13,00,520,13,22,50,0,00, 
2021,04,AREQUIPA,05,CAYLLOMA,05,CAYLLOMA,18667,00051,7,1,2,6,48.2692307692308,1,1,1,1,1,1,QUESO,4208,385,00,KILOGRAMO,12,1,385,00,15,00,5775,15,0,00,0,00, 
2021,04,AREQUIPA,05,CAYLLOMA,05,CAYLLOMA,18667,00068,9,1,2,6,48.2692307692308,1,0,1,1,1,1,QUESO,4208,180,00,KILOGRAMO,12,1,180,00,13,00,2340,13,0,00,0,00, 
2021,04,AREQUIPA,05,CAYLLOMA,05,CAYLLOMA,18667,00070,10,1,2,6,48.2692307692308,1,1,1,1,1,1,QUESO,4208,270,00,MOLDE,41,1,270,00,13,00,3510,13,0,00,0,00, 
2021,04,AREQUIPA,05,CAYLLOMA,05,CAYLLOMA,18667,00085,12,1,2,6,48.2692307692308,1,1,1,1,1,2,QUESO,4208,142,00,KILOGRAMO,12,1,130,00,15,00,1950,15,5,00,7,00, 
2021,04,AREQUIPA,05,CAYLLOMA,05,CAYLLOMA,18667,00085,12,1,2,6,48.2692307692308,1,1,1,"2,6", ,1,CHARQUI,4211,25,00,KILOGRAMO,12,1,0,00, , , , ,15,00,10,00, 
2021,04,AREQUIPA,05,CAYLLOMA,06,COPORAQUE,18689,00002,1,1,2,6,44.8214285714286,1,1,1,1,1,1,QUESO,4208,1400,00,MOLDE,41,.5,1000,00,6,00,6000,12,400,00,0,00, 
2021,04,AREQUIPA,05,CAYLLOMA,06,COPORAQUE,18689,00002,1,1,2,6,44.8214285714286,1,1,1,2, ,2,CHARQUI,4211,30,00,KILOGRAMO,12,1,0,00, , , , ,30,00,0,00, 
2021,04,AREQUIPA,05,CAYLLOMA,06,COPORAQUE,18689,00016,3,1,2,6,44.8214285714286,1,1,1,2, ,2,CHARQUI,4211,10,00,KILOGRAMO,12,1,0,00, , , , ,10,00,0,00, 
2021,04,AREQUIPA,05,CAYLLOMA,06,COPORAQUE,18689,00016,3,1,2,6,44.8214285714286,1,1,1,1,1,1,QUESO,4208,170,00,MOLDE,41,1,100,00,16,00,1600,16,70,00,0,00, 
2021,04,AREQUIPA,05,CAYLLOMA,06,COPORAQUE,18689,00033,5,1,2,6,44.8214285714286,1,1,1,1,1,2,QUESO,4208,140,00,MOLDE,41,.5,0,00, , , , ,140,00,0,00, 
2021,04,AREQUIPA,05,CAYLLOMA,06,COPORAQUE,18689,00033,5,1,2,6,44.8214285714286,1,1,1,2, ,1,CHARQUI,4211,8,00,KILOGRAMO,12,1,0,00, , , , ,8,00,0,00, 
2021,04,AREQUIPA,05,CAYLLOMA,06,COPORAQUE,18689,00041,6,1,2,6,44.8214285714286,1,1,1,2, ,1,CHARQUI,4211,20,00,KILOGRAMO,12,1,0,00, , , , ,20,00,0,00, 
2021,04,AREQUIPA,05,CAYLLOMA,06,COPORAQUE,18689,00050,8,1,2,6,44.8214285714286,1,1,1,1,1,1,QUESO,4208,800,00,MOLDE,41,.5,600,00,6,00,3600,12,180,00,20,00, 
2021,04,AREQUIPA,05,CAYLLOMA,06,COPORAQUE,18689,00072,11,1,2,6,44.8214285714286,1,1,1,1,1,1,QUESO,4208,300,00,MOLDE,41,1,200,00,16,00,3200,16,100,00,0,00, 
2021,04,AREQUIPA,05,CAYLLOMA,06,COPORAQUE,18689,00077,12,1,2,6,44.8214285714286,1,1,1,1,1,1,QUESO,4208,340,00,MOLDE,41,.5,200,00,6,00,1200,12,140,00,0,00, 
2021,04,AREQUIPA,05,CAYLLOMA,06,COPORAQUE,18689,00081,13,1,2,6,44.8214285714286,1,1,1,1,1,1,QUESO,4208,20,00,MOLDE,41,.5,0,00, , , , ,20,00,0,00, 
2021,04,AREQUIPA,05,CAYLLOMA,18,TUTI,18703,00046,4,1,2,6,44.8214285714286,1,0,1,2, ,1,CHARQUI,4211,6,00,KILOGRAMO,12,1,0,00, , , , ,6,00,0,00, 
2021,04,AREQUIPA,05,CAYLLOMA,18,TUTI,18703,00048,5,1,2,6,44.8214285714286,1,1,1,2, ,1,CHARQUI,4211,6,00,KILOGRAMO,12,1,0,00, , , , ,6,00,0,00, 
2021,04,AREQUIPA,05,CAYLLOMA,18,TUTI,18703,00070,7,1,2,6,44.8214285714286,1,0,1,"2,6", ,1,CHARQUI,4211,14,00,KILOGRAMO,12,1,0,00, , , , ,14,00,0,00, 
2021,04,AREQUIPA,05,CAYLLOMA,18,TUTI,18703,00091,9,1,2,6,44.8214285714286,1,0,1,6, ,1,CHARQUI,4211,6,00,KILOGRAMO,12,1,0,00, , , , ,6,00,0,00, 
2021,04,AREQUIPA,05,CAYLLOMA,17,TISCO,18706,00066,6,1,2,6,44.8214285714286,1,0,1,"5,6", ,1,CHARQUI,4211,75,00,KILOGRAMO,12,1,0,00, , , , ,75,00,0,00, 
2021,04,AREQUIPA,05,CAYLLOMA,17,TISCO,18706,00099,9,1,2,6,44.8214285714286,1,0,1,6, ,1,CHARQUI,4211,125,00,KILOGRAMO,12,1,0,00, , , , ,125,00,0,00, 
2021,04,AREQUIPA,05,CAYLLOMA,04,CALLALLI,18714,00014,1,1,2,6,44.8214285714286,1,1,1,5, ,1,CHARQUI,4211,20,00,KILOGRAMO,12,1,0,00, , , , ,20,00,0,00, 
2021,04,AREQUIPA,05,CAYLLOMA,04,CALLALLI,18714,00034,4,1,2,6,44.8214285714286,1,1,1,6, ,1,CHARQUI,4211,8,10,KILOGRAMO,12,1,0,00, , , , ,8,10,0,00, 
2021,04,AREQUIPA,05,CAYLLOMA,04,CALLALLI,18714,00044,6,1,2,6,44.8214285714286,1,1,1,"2,6", ,1,CHARQUI,4211,40,00,KILOGRAMO,12,1,0,00, , , , ,40,00,0,00, 
2021,04,AREQUIPA,05,CAYLLOMA,04,CALLALLI,18714,00098,13,1,2,6,44.8214285714286,1,1,1,6, ,1,CHARQUI,4211,84,00,KILOGRAMO,12,1,0,00, , , , ,84,00,0,00, 
2021,04,AREQUIPA,05,CAYLLOMA,04,CALLALLI,18715,00065,6,1,2,6,44.8214285714286,1,0,1,6, ,1,CHARQUI,4211,10,00,KILOGRAMO,12,1,0,00, , , , ,10,00,0,00, 
2021,04,AREQUIPA,05,CAYLLOMA,04,CALLALLI,18716,00039,4,1,2,6,44.8214285714286,1,0,1,6, ,1,CHARQUI,4211,10,00,KILOGRAMO,12,1,0,00, , , , ,10,00,0,00, 
2021,04,AREQUIPA,05,CAYLLOMA,04,CALLALLI,18716,00064,7,1,2,6,44.8214285714286,1,1,1,1,1,1,QUESO,4208,300,00,KILOGRAMO,12,1,250,00,15,00,3750,15,40,00,10,00, 
2021,04,AREQUIPA,05,CAYLLOMA,04,CALLALLI,18716,00071,8,1,2,6,44.8214285714286,1,0,1,1,1,1,QUESO,4208,831,00,KILOGRAMO,12,1,780,00,15,00,11700,15,31,00,20,00, 
2021,04,AREQUIPA,05,CAYLLOMA,14,SAN ANTONIO DE CHUCA,18718,00294,10,1,2,6,44.8214285714286,1,0,1,6, ,1,CHARQUI,4211,10,00,KILOGRAMO,12,1,0,00, , , , ,10,00,0,00, 
2021,04,AREQUIPA,05,CAYLLOMA,08,HUANCA,18735,00015,1,1,2,6,44.8214285714286,1,1,1,1,1,1,QUESO,4208,525,00,UNIDAD,24,.6,485,00,6,00,2910,10,30,00,10,00, 
2021,04,AREQUIPA,05,CAYLLOMA,08,HUANCA,18735,00015,1,1,2,6,44.8214285714286,1,1,1,2, ,2,CHARQUI,4211,10,00,KILOGRAMO,12,1,0,00, , , , ,10,00,0,00, 
2021,04,AREQUIPA,05,CAYLLOMA,08,HUANCA,18735,00022,2,1,2,6,44.8214285714286,1,1,1,1,1,2,QUESO,4208,226,00,UNIDAD,24,.6,166,00,8,00,1328,13.3333,30,00,30,00, 
2021,04,AREQUIPA,05,CAYLLOMA,08,HUANCA,18735,00022,2,1,2,6,44.8214285714286,1,1,1,1, ,1,CHARQUI,4211,220,00,KILOGRAMO,12,1,120,00,25,00,3000,25,50,00,50,00, 
2021,04,AREQUIPA,05,CAYLLOMA,08,HUANCA,18735,00084,8,1,2,6,44.8214285714286,1,1,1,1,1,1,QUESO,4208,466,00,UNIDAD,24,.7,400,00,7,00,2800,10,66,00,0,00, 
2021,04,AREQUIPA,05,CAYLLOMA,08,HUANCA,18735,00110,11,1,2,6,44.8214285714286,1,1,1,2, ,1,CHARQUI,4211,12,00,KILOGRAMO,12,1,0,00, , , , ,12,00,0,00, 
2021,04,AREQUIPA,05,CAYLLOMA,08,HUANCA,18735,00113,12,1,2,6,44.8214285714286,1,1,1,1,1,1,QUESO,4208,383,00,UNIDAD,24,.7,300,00,7,00,2100,10,73,00,10,00, 
2021,04,AREQUIPA,05,CAYLLOMA,12,MACA,18746,00004,1,1,2,6,44.8214285714286,1,1,1,1,1,1,QUESO,4208,28,00,UNIDAD,24,.3,0,00, , , , ,18,00,10,00, 
2021,04,AREQUIPA,05,CAYLLOMA,07,HUAMBO,18762,00013,2,1,2,6,44.8214285714286,1,1,1,2, ,1,CHARQUI,4211,10,00,KILOGRAMO,12,1,0,00, , , , ,10,00,0,00, 
2021,04,AREQUIPA,05,CAYLLOMA,07,HUAMBO,18762,00013,2,1,2,6,44.8214285714286,1,1,1,1,1,2,QUESO,4208,400,00,KILOGRAMO,12,1,390,00,12,00,4680,12,10,00,0,00, 
2021,04,AREQUIPA,05,CAYLLOMA,07,HUAMBO,18762,00052,6,1,2,6,44.8214285714286,1,1,1,3, ,1,CHARQUI,4211,8,00,KILOGRAMO,12,1,0,00, , , , ,8,00,0,00, 
2021,04,AREQUIPA,05,CAYLLOMA,07,HUAMBO,18762,00083,9,1,2,6,44.8214285714286,1,1,1,1,1,1,QUESO,4208,60,00,KILOGRAMO,12,1,30,00,14,00,420,14,30,00,0,00, 
2021,04,AREQUIPA,05,CAYLLOMA,07,HUAMBO,18762,00092,10,1,2,6,44.8214285714286,1,1,1,2, ,1,CHARQUI,4211,8,00,KILOGRAMO,12,1,0,00, , , , ,8,00,0,00, 
2021,04,AREQUIPA,05,CAYLLOMA,07,HUAMBO,18762,00101,11,1,2,6,44.8214285714286,1,1,1,2, ,1,CHARQUI,4211,10,00,KILOGRAMO,12,1,0,00, , , , ,10,00,0,00, 
2021,04,AREQUIPA,05,CAYLLOMA,07,HUAMBO,18762,00104,12,1,2,6,44.8214285714286,1,1,1,1,1,1,QUESO,4208,4,00,KILOGRAMO,12,1,0,00, , , , ,4,00,0,00, 
2021,04,AREQUIPA,05,CAYLLOMA,07,HUAMBO,18762,00116,14,1,2,6,44.8214285714286,1,1,1,1,1,1,QUESO,4208,862,00,KILOGRAMO,12,1,812,00,12,00,9744,12,50,00,0,00, 
2021,04,AREQUIPA,05,CAYLLOMA,07,HUAMBO,18762,00116,14,1,2,6,44.8214285714286,1,1,1,1, ,2,CHARQUI,4211,80,00,KILOGRAMO,12,1,0,00, , , , ,20,00,60,00, 
2021,04,AREQUIPA,05,CAYLLOMA,11,LLUTA,18764,00010,1,1,2,6,44.8214285714286,1,1,1,1,1,1,QUESO,4208,1060,00,KILOGRAMO,12,1,1000,00,8,00,8000,8,60,00,0,00, 
2021,04,AREQUIPA,05,CAYLLOMA,11,LLUTA,18764,00021,2,1,2,6,44.8214285714286,1,1,1,5, ,1,CHARQUI,4211,120,00,KILOGRAMO,12,1,70,00,30,00,2100,30,40,00,10,00, 
2021,04,AREQUIPA,05,CAYLLOMA,11,LLUTA,18764,00030,3,1,2,6,44.8214285714286,1,1,1,1,1,1,QUESO,4208,670,00,KILOGRAMO,12,1,600,00,8,00,4800,8,70,00,0,00, 
2021,04,AREQUIPA,05,CAYLLOMA,11,LLUTA,18764,00048,5,1,2,6,44.8214285714286,1,1,1,1,1,1,QUESO,4208,133,00,KILOGRAMO,12,1,100,00,8,00,800,8,33,00,0,00, 
2021,04,AREQUIPA,05,CAYLLOMA,11,LLUTA,18764,00053,6,1,2,6,44.8214285714286,1,1,1,1,1,1,QUESO,4208,632,00,KILOGRAMO,12,1,552,00,8,00,4416,8,80,00,0,00, 
2021,04,AREQUIPA,05,CAYLLOMA,11,LLUTA,18764,00058,7,1,2,6,44.8214285714286,1,1,1,1,1,1,QUESO,4208,1867,00,KILOGRAMO,12,1,1800,00,8,00,14400,8,67,00,0,00, 
2021,04,AREQUIPA,05,CAYLLOMA,11,LLUTA,18764,00073,8,1,2,6,44.8214285714286,1,1,1,1,1,1,QUESO,4208,2200,00,KILOGRAMO,12,1,2000,00,8,00,16000,8,200,00,0,00, 
2021,04,AREQUIPA,05,CAYLLOMA,11,LLUTA,18764,00098,10,1,2,6,44.8214285714286,1,1,1,1,1,1,QUESO,4208,2784,00,KILOGRAMO,12,1,2734,00,8,00,21872,8,50,00,0,00, 
2021,04,AREQUIPA,05,CAYLLOMA,11,LLUTA,18764,00122,12,1,2,6,44.8214285714286,1,1,1,1,1,1,QUESO,4208,145,00,KILOGRAMO,12,1,0,00, , , , ,145,00,0,00, 
2021,04,AREQUIPA,05,CAYLLOMA,11,LLUTA,18764,00126,13,1,2,6,44.8214285714286,1,1,1,1,1,1,QUESO,4208,660,00,KILOGRAMO,12,1,560,00,8,00,4480,8,100,00,0,00, 
2021,04,AREQUIPA,05,CAYLLOMA,11,LLUTA,18764,00145,14,1,2,6,44.8214285714286,1,1,1,1,1,1,QUESO,4208,150,00,KILOGRAMO,12,1,100,00,8,00,800,8,50,00,0,00, 
2021,04,AREQUIPA,05,CAYLLOMA,11,LLUTA,18765,00001,1,1,2,6,44.8214285714286,1,1,1,1,1,1,QUESO,4208,75,00,UNIDAD,24,.4,75,00,5,00,375,12.5,0,00,0,00, 
2021,04,AREQUIPA,05,CAYLLOMA,11,LLUTA,18765,00001,1,1,2,6,44.8214285714286,1,1,1,2, ,2,CHARQUI,4211,6,00,KILOGRAMO,12,1,0,00, , , , ,6,00,0,00, 
2021,04,AREQUIPA,05,CAYLLOMA,11,LLUTA,18765,00006,2,1,2,6,44.8214285714286,1,1,1,2, ,2,CHARQUI,4211,12,00,KILOGRAMO,12,1,0,00, , , , ,12,00,0,00, 
2021,04,AREQUIPA,05,CAYLLOMA,11,LLUTA,18765,00006,2,1,2,6,44.8214285714286,1,1,1,1,1,1,QUESO,4208,1040,00,UNIDAD,24,.5,1040,00,5,00,5200,10,0,00,0,00, 
2021,04,AREQUIPA,05,CAYLLOMA,11,LLUTA,18765,00026,3,1,2,6,44.8214285714286,1,1,1,2, ,2,CHARQUI,4211,6,00,KILOGRAMO,12,1,0,00, , , , ,6,00,0,00, 
2021,04,AREQUIPA,05,CAYLLOMA,11,LLUTA,18765,00026,3,1,2,6,44.8214285714286,1,1,1,1,1,1,QUESO,4208,600,00,UNIDAD,24,.5,600,00,5,00,3000,10,0,00,0,00, 
2021,04,AREQUIPA,05,CAYLLOMA,11,LLUTA,18773,00096,10,1,2,6,44.8214285714286,1,1,1,1,1,1,QUESO,4208,660,00,KILOGRAMO,12,1,600,00,8,00,4800,8,60,00,0,00, 
2021,04,AREQUIPA,05,CAYLLOMA,11,LLUTA,18773,00132,13,1,2,6,44.8214285714286,1,1,1,1,1,1,QUESO,4208,260,00,KILOGRAMO,12,1,160,00,8,00,1280,8,100,00,0,00, 
2021,04,AREQUIPA,05,CAYLLOMA,11,LLUTA,18773,00136,14,1,2,6,44.8214285714286,1,1,1,2, ,1,CHARQUI,4211,300,00,KILOGRAMO,12,1,0,00, , , , ,300,00,0,00, 
2021,04,AREQUIPA,02,CAMANA,08,SAMUEL PASTOR,18836,00082,11,1,1,3,67.4081632653061,1,1,1,1,1,1,QUESO,4208,12,00,KILOGRAMO,12,1,0,00, , , , ,12,00,0,00, 
2021,04,AREQUIPA,01,AREQUIPA,28,YURA,18841,00001,1,1,2,6,44.8214285714286,1,0,1,2, ,1,CHARQUI,4211,8,00,KILOGRAMO,12,1,0,00, , , , ,8,00,0,00, 
2021,04,AREQUIPA,01,AREQUIPA,28,YURA,18841,00032,5,1,2,6,44.8214285714286,1,1,1,2, ,1,CHARQUI,4211,8,00,KILOGRAMO,12,1,0,00, , , , ,8,00,0,00, 
2021,04,AREQUIPA,01,AREQUIPA,28,YURA,18841,00080,13,1,2,6,44.8214285714286,1,1,1,2, ,1,CHARQUI,4211,11,00,KILOGRAMO,12,1,0,00, , , , ,11,00,0,00, 
2021,04,AREQUIPA,01,AREQUIPA,19,SAN JUAN DE TARUCANI,18844,00103,3,1,2,6,44.8214285714286,1,0,1,6, ,1,CHARQUI,4211,15,00,KILOGRAMO,12,1,0,00, , , , ,15,00,0,00, 
2021,04,AREQUIPA,01,AREQUIPA,19,SAN JUAN DE TARUCANI,18844,00188,5,1,2,6,44.8214285714286,1,0,1,6, ,1,CHARQUI,4211,45,00,KILOGRAMO,12,1,35,00,17,00,595,17,10,00,0,00, 
2021,04,AREQUIPA,01,AREQUIPA,19,SAN JUAN DE TARUCANI,18844,00230,6,1,2,6,44.8214285714286,1,0,1,6, ,1,CHARQUI,4211,15,00,KILOGRAMO,12,1,0,00, , , , ,0,00,15,00, 
2021,04,AREQUIPA,01,AREQUIPA,19,SAN JUAN DE TARUCANI,18844,00270,7,1,2,6,44.8214285714286,1,0,1,6, ,1,CHARQUI,4211,15,00,KILOGRAMO,12,1,0,00, , , , ,15,00,0,00, 
2021,04,AREQUIPA,01,AREQUIPA,19,SAN JUAN DE TARUCANI,18844,00312,8,1,2,6,44.8214285714286,1,0,1,5, ,1,CHARQUI,4211,15,00,KILOGRAMO,12,1,0,00, , , , ,15,00,0,00, 
2021,04,AREQUIPA,01,AREQUIPA,19,SAN JUAN DE TARUCANI,18844,00355,9,1,2,6,44.8214285714286,1,0,1,6, ,1,CHARQUI,4211,15,00,KILOGRAMO,12,1,0,00, , , , ,15,00,0,00, 
2021,04,AREQUIPA,01,AREQUIPA,19,SAN JUAN DE TARUCANI,18844,00397,10,1,2,6,44.8214285714286,1,0,1,6, ,1,CHARQUI,4211,15,00,KILOGRAMO,12,1,0,00, , , , ,15,00,0,00, 
2021,04,AREQUIPA,01,AREQUIPA,19,SAN JUAN DE TARUCANI,18844,00482,12,1,2,6,44.8214285714286,1,0,1,"5,6", ,1,CHARQUI,4211,30,00,KILOGRAMO,12,1,0,00, , , , ,30,00,0,00, 
2021,04,AREQUIPA,01,AREQUIPA,05,CHARACATO,18916,00011,2,1,2,6,44.8214285714286,1,1,1,1,1,1,QUESO,4208,100,00,MOLDE,41,1,50,00,22,00,1100,22,30,00,20,00, 
2021,04,AREQUIPA,01,AREQUIPA,15,QUEQUEÑA,18922,00028,4,1,2,6,44.8214285714286,1,1,1,3, ,1,CHARQUI,4211,60,00,KILOGRAMO,12,1,0,00, , , , ,40,00,20,00, 
2021,04,AREQUIPA,01,AREQUIPA,15,QUEQUEÑA,18922,00074,8,1,2,6,44.8214285714286,1,1,1,1,1,1,QUESO,4208,24,00,KILOGRAMO,12,1,0,00, , , , ,24,00,0,00, 
2021,04,AREQUIPA,01,AREQUIPA,13,POCSI,18926,00008,3,1,2,6,44.8214285714286,1,1,1,1,1,1,QUESO,4208,3,00,KILOGRAMO,12,1,3,00,12,00,36,12,0,00,0,00, 
2021,04,AREQUIPA,07,ISLAY,06,PUNTA DE BOMBON,18991,00103,11,1,1,3,67.4081632653061,1,1,1,1,1,1,QUESO,4208,38,75,KILOGRAMO,12,1,0,00, , , , ,38,75,0,00, 
2021,18,MOQUEGUA,02,GENERAL SANCHEZ CERRO,10,UBINAS,18998,00094,10,1,2,6,10.7086834733894,1,1,1,6, ,1,CHARQUI,4211,50,00,KILOGRAMO,12,1,0,00, , , , ,50,00,0,00, 
2021,18,MOQUEGUA,02,GENERAL SANCHEZ CERRO,10,UBINAS,18998,00102,11,1,2,6,10.7086834733894,1,1,1,6, ,1,CHARQUI,4211,50,00,KILOGRAMO,12,1,0,00, , , , ,50,00,0,00, 
2021,18,MOQUEGUA,02,GENERAL SANCHEZ CERRO,10,UBINAS,19000,00013,2,1,2,6,11.0714285714286,1,1,1,1,1,1,QUESO,4208,66,00,MOLDE,41,.6,20,00,7,00,140,11.6667,26,00,20,00, 
2021,18,MOQUEGUA,02,GENERAL SANCHEZ CERRO,10,UBINAS,19000,00079,7,1,2,6,11.0714285714286,1,1,1,1,1,1,QUESO,4208,25,00,KILOGRAMO,12,1,0,00, , , , ,25,00,0,00, 
2021,18,MOQUEGUA,02,GENERAL SANCHEZ CERRO,10,UBINAS,19002,00012,1,1,2,6,10.7086834733894,1,1,1,"5,6", ,1,CHARQUI,4211,20,00,KILOGRAMO,12,1,0,00, , , , ,10,00,10,00, 
2021,18,MOQUEGUA,02,GENERAL SANCHEZ CERRO,10,UBINAS,19002,00014,2,1,2,6,10.7086834733894,1,0,1,"5,6", ,1,CHARQUI,4211,18,00,KILOGRAMO,12,1,0,00, , , , ,10,00,8,00, 
2021,18,MOQUEGUA,02,GENERAL SANCHEZ CERRO,10,UBINAS,19002,00018,3,1,2,6,10.7086834733894,1,1,1,"2,6", ,1,CHARQUI,4211,12,00,KILOGRAMO,12,1,0,00, , , , ,12,00,0,00, 
2021,18,MOQUEGUA,02,GENERAL SANCHEZ CERRO,10,UBINAS,19002,00027,4,1,2,6,10.7086834733894,1,0,1,2, ,1,CHARQUI,4211,6,00,KILOGRAMO,12,1,0,00, , , , ,6,00,0,00, 
2021,18,MOQUEGUA,02,GENERAL SANCHEZ CERRO,10,UBINAS,19002,00033,5,1,2,6,10.7086834733894,1,0,1,"2,5,6", ,1,CHARQUI,4211,30,00,KILOGRAMO,12,1,0,00, , , , ,10,00,20,00, 
2021,18,MOQUEGUA,02,GENERAL SANCHEZ CERRO,10,UBINAS,19002,00043,6,1,2,6,10.7086834733894,1,0,1,"5,6", ,1,CHARQUI,4211,18,00,KILOGRAMO,12,1,0,00, , , , ,18,00,0,00, 
2021,18,MOQUEGUA,02,GENERAL SANCHEZ CERRO,10,UBINAS,19002,00055,7,1,2,6,10.7086834733894,1,0,1,"2,6", ,1,CHARQUI,4211,6,00,KILOGRAMO,12,1,0,00, , , , ,6,00,0,00, 
2021,18,MOQUEGUA,02,GENERAL SANCHEZ CERRO,10,UBINAS,19002,00068,8,1,2,6,10.7086834733894,1,0,1,"2,6", ,1,CHARQUI,4211,15,00,KILOGRAMO,12,1,0,00, , , , ,15,00,0,00, 
2021,18,MOQUEGUA,02,GENERAL SANCHEZ CERRO,10,UBINAS,19002,00081,10,1,2,6,10.7086834733894,1,0,1,6, ,1,CHARQUI,4211,12,00,KILOGRAMO,12,1,0,00, , , , ,0,00,12,00, 
2021,18,MOQUEGUA,02,GENERAL SANCHEZ CERRO,10,UBINAS,19002,00090,11,1,2,6,10.7086834733894,1,0,1,6, ,1,CHARQUI,4211,12,00,KILOGRAMO,12,1,0,00, , , , ,12,00,0,00, 
2021,18,MOQUEGUA,02,GENERAL SANCHEZ CERRO,10,UBINAS,19002,00096,12,1,2,6,10.7086834733894,1,0,1,6, ,1,CHARQUI,4211,12,00,KILOGRAMO,12,1,0,00, , , , ,12,00,0,00, 
2021,18,MOQUEGUA,02,GENERAL SANCHEZ CERRO,10,UBINAS,19002,00107,13,1,2,6,10.7086834733894,1,0,1,"5,6", ,1,CHARQUI,4211,5,40,KILOGRAMO,12,1,0,00, , , , ,5,40,0,00, 
2021,18,MOQUEGUA,02,GENERAL SANCHEZ CERRO,10,UBINAS,19002,00114,14,1,2,6,10.7086834733894,1,0,1,6, ,1,CHARQUI,4211,12,00,KILOGRAMO,12,1,0,00, , , , ,12,00,0,00, 
2021,18,MOQUEGUA,02,GENERAL SANCHEZ CERRO,10,UBINAS,19005,00022,4,1,2,6,10.7086834733894,1,1,1,1,1,1,QUESO,4208,300,00,MOLDE,41,.5,0,00, , , , ,200,00,100,00, 
2021,18,MOQUEGUA,02,GENERAL SANCHEZ CERRO,10,UBINAS,19005,00040,8,1,2,6,10.7086834733894,1,1,1,1,1,1,QUESO,4208,520,00,KILOGRAMO,12,1,400,00,12,00,4800,12,120,00,0,00, 
2021,18,MOQUEGUA,02,GENERAL SANCHEZ CERRO,10,UBINAS,19005,00043,9,1,2,6,10.7086834733894,1,1,1,1, ,2,CHARQUI,4211,10,00,KILOGRAMO,12,1,0,00, , , , ,10,00,0,00, 
2021,18,MOQUEGUA,02,GENERAL SANCHEZ CERRO,10,UBINAS,19005,00043,9,1,2,6,10.7086834733894,1,1,1,1,1,1,QUESO,4208,137,00,KILOGRAMO,12,1,100,00,8,00,800,8,30,00,7,00, 
2021,18,MOQUEGUA,02,GENERAL SANCHEZ CERRO,10,UBINAS,19005,00049,10,1,2,6,10.7086834733894,1,1,1,1,1,1,QUESO,4208,240,00,KILOGRAMO,12,1,0,00, , , , ,120,00,120,00, 
2021,18,MOQUEGUA,02,GENERAL SANCHEZ CERRO,10,UBINAS,19005,00051,11,1,2,6,10.7086834733894,1,1,1,2, ,2,CHARQUI,4211,7,00,KILOGRAMO,12,1,0,00, , , , ,5,00,2,00, 
2021,18,MOQUEGUA,02,GENERAL SANCHEZ CERRO,10,UBINAS,19005,00051,11,1,2,6,10.7086834733894,1,1,1,1,1,1,QUESO,4208,25,00,KILOGRAMO,12,1,0,00, , , , ,20,00,5,00, 
2021,18,MOQUEGUA,02,GENERAL SANCHEZ CERRO,10,UBINAS,19006,00064,10,1,2,6,10.7086834733894,1,1,1,1,1,1,QUESO,4208,35,00,KILOGRAMO,12,1,10,00,10,00,100,10,20,00,5,00, 
2021,18,MOQUEGUA,02,GENERAL SANCHEZ CERRO,10,UBINAS,19007,00005,1,1,2,6,11.5324283559578,1,1,1,1,1,1,QUESO,4208,400,00,KILOGRAMO,12,1,0,00, , , , ,200,00,200,00, 
2021,18,MOQUEGUA,02,GENERAL SANCHEZ CERRO,10,UBINAS,19007,00027,5,1,2,6,11.5324283559578,1,1,1,1,1,1,QUESO,4208,500,00,KILOGRAMO,12,1,300,00,15,00,4500,15,200,00,0,00, 
2021,18,MOQUEGUA,02,GENERAL SANCHEZ CERRO,10,UBINAS,19007,00050,9,1,2,6,11.5324283559578,1,1,1,1,1,1,QUESO,4208,400,00,KILOGRAMO,12,1,200,00,12,00,2400,12,100,00,100,00, 
2021,18,MOQUEGUA,02,GENERAL SANCHEZ CERRO,10,UBINAS,19007,00051,10,1,2,6,11.5324283559578,1,1,1,1,1,1,QUESO,4208,500,00,KILOGRAMO,12,1,250,00,14,00,3500,14,200,00,50,00, 
2021,18,MOQUEGUA,02,GENERAL SANCHEZ CERRO,10,UBINAS,19007,00058,11,1,2,6,11.5324283559578,1,1,1,1,1,1,QUESO,4208,260,00,KILOGRAMO,12,1,200,00,12,00,2400,12,60,00,0,00, 
2021,18,MOQUEGUA,02,GENERAL SANCHEZ CERRO,10,UBINAS,19007,00071,12,1,2,6,11.5324283559578,1,1,1,1,1,1,QUESO,4208,180,00,KILOGRAMO,12,1,100,00,10,00,1000,10,40,00,40,00, 
2021,18,MOQUEGUA,02,GENERAL SANCHEZ CERRO,10,UBINAS,19007,00079,13,1,2,6,11.5324283559578,1,1,1,1,1,1,QUESO,4208,685,00,KILOGRAMO,12,1,400,00,13,00,5200,13,285,00,0,00, 
2021,18,MOQUEGUA,02,GENERAL SANCHEZ CERRO,10,UBINAS,19008,00001,1,1,2,6,10.7086834733894,1,1,1,1,1,1,SUERO DE LECHE,4212,6200,00,LITRO,14,1,6200,00,2,00,12400,2,0,00,0,00, 
2021,18,MOQUEGUA,02,GENERAL SANCHEZ CERRO,10,UBINAS,19008,00076,11,1,2,6,10.7086834733894,1,1,1,1,1,1,QUESO,4208,600,00,KILOGRAMO,12,1,500,00,10,00,5000,10,100,00,0,00, 
2021,18,MOQUEGUA,02,GENERAL SANCHEZ CERRO,04,ICHUÑA,19010,00010,1,1,2,6,10.7857142857143,1,1,1,2, ,1,CHARQUI,4211,10,00,KILOGRAMO,12,1,0,00, , , , ,10,00,0,00, 
2021,18,MOQUEGUA,02,GENERAL SANCHEZ CERRO,04,ICHUÑA,19010,00022,2,1,2,6,10.7857142857143,1,1,1,"2,6", ,1,CHARQUI,4211,40,00,KILOGRAMO,12,1,0,00, , , , ,40,00,0,00, 
2021,18,MOQUEGUA,02,GENERAL SANCHEZ CERRO,04,ICHUÑA,19010,00029,3,1,2,6,10.7857142857143,1,0,1,"2,6", ,1,CHARQUI,4211,15,00,KILOGRAMO,12,1,0,00, , , , ,15,00,0,00, 
2021,18,MOQUEGUA,02,GENERAL SANCHEZ CERRO,04,ICHUÑA,19010,00032,4,1,2,6,10.7857142857143,1,1,1,"2,6", ,1,CHARQUI,4211,20,00,KILOGRAMO,12,1,0,00, , , , ,20,00,0,00, 
2021,18,MOQUEGUA,02,GENERAL SANCHEZ CERRO,04,ICHUÑA,19010,00050,5,1,2,6,10.7857142857143,1,1,1,"2,6", ,1,CHARQUI,4211,30,00,KILOGRAMO,12,1,0,00, , , , ,30,00,0,00, 
2021,18,MOQUEGUA,02,GENERAL SANCHEZ CERRO,04,ICHUÑA,19010,00062,6,1,2,6,10.7857142857143,1,1,1,6, ,1,CHARQUI,4211,15,00,KILOGRAMO,12,1,0,00, , , , ,15,00,0,00, 
2021,18,MOQUEGUA,02,GENERAL SANCHEZ CERRO,04,ICHUÑA,19010,00065,7,1,2,6,10.7857142857143,1,1,1,6, ,1,CHARQUI,4211,15,00,KILOGRAMO,12,1,0,00, , , , ,15,00,0,00, 
2021,18,MOQUEGUA,02,GENERAL SANCHEZ CERRO,04,ICHUÑA,19010,00083,8,1,2,6,10.7857142857143,1,0,1,2, ,1,CHARQUI,4211,15,00,KILOGRAMO,12,1,0,00, , , , ,15,00,0,00, 
2021,18,MOQUEGUA,02,GENERAL SANCHEZ CERRO,04,ICHUÑA,19010,00093,9,1,2,6,10.7857142857143,1,0,1,"2,6", ,1,CHARQUI,4211,15,00,KILOGRAMO,12,1,0,00, , , , ,15,00,0,00, 
2021,18,MOQUEGUA,02,GENERAL SANCHEZ CERRO,04,ICHUÑA,19010,00107,10,1,2,6,10.7857142857143,1,0,1,"2,6", ,1,CHARQUI,4211,20,00,KILOGRAMO,12,1,0,00, , , , ,20,00,0,00, 
2021,18,MOQUEGUA,02,GENERAL SANCHEZ CERRO,04,ICHUÑA,19010,00109,11,1,2,6,10.7857142857143,1,1,1,"2,6", ,1,CHARQUI,4211,15,00,KILOGRAMO,12,1,0,00, , , , ,15,00,0,00, 
2021,18,MOQUEGUA,02,GENERAL SANCHEZ CERRO,04,ICHUÑA,19010,00136,13,1,2,6,10.7857142857143,1,1,1,6, ,1,CHARQUI,4211,15,00,KILOGRAMO,12,1,0,00, , , , ,15,00,0,00, 
2021,18,MOQUEGUA,02,GENERAL SANCHEZ CERRO,04,ICHUÑA,19010,00147,14,1,2,6,10.7857142857143,1,1,1,"1,2", ,1,CHARQUI,4211,20,00,KILOGRAMO,12,1,0,00, , , , ,20,00,0,00, 
2021,18,MOQUEGUA,02,GENERAL SANCHEZ CERRO,04,ICHUÑA,19011,00054,7,1,2,6,10.7086834733894,1,1,1,6, ,1,CHARQUI,4211,112,00,KILOGRAMO,12,1,0,00, , , , ,112,00,0,00, 
2021,18,MOQUEGUA,02,GENERAL SANCHEZ CERRO,04,ICHUÑA,19011,00099,11,1,2,6,10.7086834733894,1,1,1,6, ,1,CHARQUI,4211,225,00,KILOGRAMO,12,1,0,00, , , , ,225,00,0,00, 
2021,18,MOQUEGUA,02,GENERAL SANCHEZ CERRO,04,ICHUÑA,19011,00109,12,1,2,6,10.7086834733894,1,1,1,5, ,1,CHARQUI,4211,270,00,KILOGRAMO,12,1,0,00, , , , ,270,00,0,00, 
2021,18,MOQUEGUA,02,GENERAL SANCHEZ CERRO,04,ICHUÑA,19013,00009,1,1,2,6,19.3571428571429,1,0,1,6, ,1,CHARQUI,4211,30,00,KILOGRAMO,12,1,0,00, , , , ,30,00,0,00, 
2021,18,MOQUEGUA,02,GENERAL SANCHEZ CERRO,04,ICHUÑA,19013,00051,3,1,2,6,19.3571428571429,1,1,1,6, ,1,CHARQUI,4211,50,00,KILOGRAMO,12,1,0,00, , , , ,50,00,0,00, 
2021,18,MOQUEGUA,02,GENERAL SANCHEZ CERRO,04,ICHUÑA,19013,00188,10,1,2,6,19.3571428571429,1,0,1,6, ,1,CHARQUI,4211,40,00,KILOGRAMO,12,1,0,00, , , , ,40,00,0,00, 
2021,18,MOQUEGUA,02,GENERAL SANCHEZ CERRO,04,ICHUÑA,19013,00233,12,1,2,6,19.3571428571429,1,0,1,6, ,1,CHARQUI,4211,36,00,KILOGRAMO,12,1,0,00, , , , ,36,00,0,00, 
2021,18,MOQUEGUA,02,GENERAL SANCHEZ CERRO,04,ICHUÑA,19013,00243,13,1,2,6,19.3571428571429,1,0,1,6, ,1,CHARQUI,4211,10,00,KILOGRAMO,12,1,0,00, , , , ,10,00,0,00, 
2021,18,MOQUEGUA,02,GENERAL SANCHEZ CERRO,04,ICHUÑA,19013,00261,14,1,2,6,19.3571428571429,1,1,1,6, ,1,CHARQUI,4211,40,00,KILOGRAMO,12,1,0,00, , , , ,30,00,10,00, 
2021,18,MOQUEGUA,02,GENERAL SANCHEZ CERRO,04,ICHUÑA,19014,00009,1,1,2,6,15.2142857142857,1,1,1,6, ,1,CHARQUI,4211,50,00,KILOGRAMO,12,1,0,00, , , , ,50,00,0,00, 
2021,18,MOQUEGUA,02,GENERAL SANCHEZ CERRO,04,ICHUÑA,19014,00027,2,1,2,6,15.2142857142857,1,1,1,6, ,1,CHARQUI,4211,300,00,KILOGRAMO,12,1,0,00, , , , ,300,00,0,00, 
2021,18,MOQUEGUA,02,GENERAL SANCHEZ CERRO,04,ICHUÑA,19014,00050,4,1,2,6,15.2142857142857,1,1,1,6, ,1,CHARQUI,4211,60,00,KILOGRAMO,12,1,0,00, , , , ,60,00,0,00, 
2021,18,MOQUEGUA,02,GENERAL SANCHEZ CERRO,11,YUNGA,19015,00039,3,1,2,6,13.4285714285714,1,1,1,6, ,1,CHARQUI,4211,15,00,KILOGRAMO,12,1,0,00, , , , ,15,00,0,00, 
2021,18,MOQUEGUA,02,GENERAL SANCHEZ CERRO,11,YUNGA,19015,00085,8,1,2,6,13.4285714285714,1,1,1,6, ,1,CHARQUI,4211,30,00,KILOGRAMO,12,1,0,00, , , , ,30,00,0,00, 
2021,18,MOQUEGUA,02,GENERAL SANCHEZ CERRO,11,YUNGA,19015,00125,10,1,2,6,13.4285714285714,1,1,1,6, ,1,CHARQUI,4211,30,00,KILOGRAMO,12,1,0,00, , , , ,30,00,0,00, 
2021,18,MOQUEGUA,02,GENERAL SANCHEZ CERRO,02,CHOJATA,19018,00029,2,1,2,6,10.7086834733894,1,1,1,1,1,1,QUESO,4208,215,00,KILOGRAMO,12,1,150,00,12,00,1800,12,65,00,0,00, 
2021,18,MOQUEGUA,02,GENERAL SANCHEZ CERRO,02,CHOJATA,19018,00030,3,1,2,6,10.7086834733894,1,1,1,1,1,1,QUESO,4208,100,00,KILOGRAMO,12,1,0,00, , , , ,70,00,30,00, 
2021,18,MOQUEGUA,02,GENERAL SANCHEZ CERRO,02,CHOJATA,19018,00039,4,1,2,6,10.7086834733894,1,1,1,1,1,1,QUESO,4208,30,00,KILOGRAMO,12,1,15,00,12,00,180,12,15,00,0,00, 
2021,18,MOQUEGUA,02,GENERAL SANCHEZ CERRO,02,CHOJATA,19018,00079,7,1,2,6,10.7086834733894,1,1,1,1,1,1,QUESO,4208,43,00,KILOGRAMO,12,1,0,00, , , , ,38,00,5,00, 
2021,18,MOQUEGUA,02,GENERAL SANCHEZ CERRO,02,CHOJATA,19018,00092,8,1,2,6,10.7086834733894,1,1,1,1,1,1,QUESO,4208,125,00,KILOGRAMO,12,1,100,00,12,00,1200,12,25,00,0,00, 
2021,18,MOQUEGUA,02,GENERAL SANCHEZ CERRO,02,CHOJATA,19018,00106,10,1,2,6,10.7086834733894,1,1,1,1,1,1,QUESO,4208,23,00,KILOGRAMO,12,1,0,00, , , , ,23,00,0,00, 
2021,18,MOQUEGUA,02,GENERAL SANCHEZ CERRO,02,CHOJATA,19018,00119,11,1,2,6,10.7086834733894,1,1,1,2, ,2,CHARQUI,4211,8,00,KILOGRAMO,12,1,0,00, , , , ,8,00,0,00, 
2021,18,MOQUEGUA,02,GENERAL SANCHEZ CERRO,02,CHOJATA,19018,00119,11,1,2,6,10.7086834733894,1,1,1,1,1,1,QUESO,4208,19,00,KILOGRAMO,12,1,0,00, , , , ,19,00,0,00, 
2021,18,MOQUEGUA,02,GENERAL SANCHEZ CERRO,02,CHOJATA,19018,00131,12,1,2,6,10.7086834733894,1,1,1,1,1,1,QUESO,4208,43,00,KILOGRAMO,12,1,0,00, , , , ,30,00,13,00, 
2021,18,MOQUEGUA,02,GENERAL SANCHEZ CERRO,02,CHOJATA,19019,00069,5,1,2,6,14.5714285714286,1,0,1,6, ,1,CHARQUI,4211,15,00,KILOGRAMO,12,1,0,00, , , , ,15,00,0,00, 
2021,18,MOQUEGUA,02,GENERAL SANCHEZ CERRO,02,CHOJATA,19019,00200,14,1,2,6,14.5714285714286,1,1,1,1,1,1,QUESO,4208,450,00,KILOGRAMO,12,1,400,00,12,00,4800,12,50,00,0,00, 
2021,18,MOQUEGUA,02,GENERAL SANCHEZ CERRO,07,MATALAQUE,19020,00062,5,1,2,6,12.5714285714286,1,1,1,1,1,1,QUESO,4208,300,00,KILOGRAMO,12,1,200,00,10,00,2000,10,100,00,0,00, 
2021,18,MOQUEGUA,02,GENERAL SANCHEZ CERRO,07,MATALAQUE,19020,00083,7,1,2,6,12.5714285714286,1,1,1,1,1,1,QUESO,4208,250,00,KILOGRAMO,12,1,0,00, , , , ,200,00,50,00, 
2021,18,MOQUEGUA,02,GENERAL SANCHEZ CERRO,07,MATALAQUE,19020,00153,12,1,2,6,12.5714285714286,1,0,1,5, ,1,CHARQUI,4211,75,00,KILOGRAMO,12,1,0,00, , , , ,75,00,0,00, 
2021,18,MOQUEGUA,02,GENERAL SANCHEZ CERRO,07,MATALAQUE,19021,00008,1,1,2,6,10.7086834733894,1,1,1,1,1,1,QUESO,4208,18,00,UNIDAD,24,1,0,00, , , , ,18,00,0,00, 
2021,18,MOQUEGUA,02,GENERAL SANCHEZ CERRO,01,OMATE,19023,00047,9,1,2,6,10.7086834733894,1,1,1,2, ,1,CHARQUI,4211,6,00,KILOGRAMO,12,1,0,00, , , , ,6,00,0,00, 
2021,18,MOQUEGUA,02,GENERAL SANCHEZ CERRO,01,OMATE,19023,00047,9,1,2,6,10.7086834733894,1,1,1,1,1,2,QUESO,4208,375,00,MOLDE,41,.3,0,00, , , , ,375,00,0,00, 
2021,18,MOQUEGUA,02,GENERAL SANCHEZ CERRO,01,OMATE,19023,00050,10,1,2,6,10.7086834733894,1,1,1,2, ,1,CHARQUI,4211,9,00,KILOGRAMO,12,1,0,00, , , , ,9,00,0,00, 
2021,18,MOQUEGUA,02,GENERAL SANCHEZ CERRO,01,OMATE,19024,00057,6,1,2,6,10.7086834733894,1,1,1,2, ,1,CHARQUI,4211,6,00,KILOGRAMO,12,1,0,00, , , , ,6,00,0,00, 
2021,18,MOQUEGUA,02,GENERAL SANCHEZ CERRO,03,COALAQUE,19031,00098,11,1,2,6,10.7086834733894,1,1,1,2, ,1,CHARQUI,4211,6,00,KILOGRAMO,12,1,0,00, , , , ,6,00,0,00, 
2021,18,MOQUEGUA,02,GENERAL SANCHEZ CERRO,03,COALAQUE,19032,00008,2,1,2,6,11.5324283559578,1,1,1,2, ,1,CHARQUI,4211,12,00,KILOGRAMO,12,1,0,00, , , , ,12,00,0,00, 
2021,18,MOQUEGUA,02,GENERAL SANCHEZ CERRO,03,COALAQUE,19032,00038,5,1,2,6,11.5324283559578,1,1,1,2, ,1,CHARQUI,4211,18,00,KILOGRAMO,12,1,0,00, , , , ,18,00,0,00, 
2021,18,MOQUEGUA,02,GENERAL SANCHEZ CERRO,03,COALAQUE,19032,00070,7,1,2,6,11.5324283559578,1,1,1,2, ,1,CHARQUI,4211,33,00,KILOGRAMO,12,1,0,00, , , , ,33,00,0,00, 
2021,18,MOQUEGUA,02,GENERAL SANCHEZ CERRO,03,COALAQUE,19032,00137,13,1,2,6,11.5324283559578,1,1,1,2, ,1,CHARQUI,4211,12,00,KILOGRAMO,12,1,0,00, , , , ,12,00,0,00, 
2021,18,MOQUEGUA,02,GENERAL SANCHEZ CERRO,03,COALAQUE,19033,00007,1,1,2,6,10.7086834733894,1,1,1,1,1,1,QUESO,4208,120,00,UNIDAD,24,.5,50,00,7,00,350,14,50,00,20,00, 
2021,18,MOQUEGUA,02,GENERAL SANCHEZ CERRO,03,COALAQUE,19033,00073,9,1,2,6,10.7086834733894,1,1,1,1,1,1,QUESO,4208,140,00,UNIDAD,24,.5,50,00,7,00,350,14,50,00,40,00, 
2021,18,MOQUEGUA,02,GENERAL SANCHEZ CERRO,03,COALAQUE,19035,00039,7,1,2,6,10.7086834733894,1,1,1,2, ,1,CHARQUI,4211,15,00,KILOGRAMO,12,1,0,00, , , , ,10,00,5,00, 
2021,18,MOQUEGUA,02,GENERAL SANCHEZ CERRO,03,COALAQUE,19035,00077,10,1,2,6,10.7086834733894,1,1,1,1,1,1,QUESO,4208,200,00,UNIDAD,24,.25,100,00,3,50,350,14,50,00,50,00, 
2021,18,MOQUEGUA,02,GENERAL SANCHEZ CERRO,08,PUQUINA,19036,00015,3,1,2,6,10.7086834733894,1,1,1,2, ,1,CHARQUI,4211,8,00,KILOGRAMO,12,1,0,00, , , , ,8,00,0,00, 
2021,18,MOQUEGUA,02,GENERAL SANCHEZ CERRO,08,PUQUINA,19036,00038,7,1,2,6,10.7086834733894,1,1,1,2, ,1,CHARQUI,4211,15,00,KILOGRAMO,12,1,0,00, , , , ,10,00,5,00, 
2021,18,MOQUEGUA,02,GENERAL SANCHEZ CERRO,08,PUQUINA,19036,00046,10,1,2,6,10.7086834733894,1,1,1,2, ,1,CHARQUI,4211,10,00,KILOGRAMO,12,1,0,00, , , , ,10,00,0,00, 
2021,18,MOQUEGUA,02,GENERAL SANCHEZ CERRO,08,PUQUINA,19036,00056,12,1,2,6,10.7086834733894,1,1,1,2, ,1,CHARQUI,4211,20,00,KILOGRAMO,12,1,0,00, , , , ,20,00,0,00, 
2021,18,MOQUEGUA,02,GENERAL SANCHEZ CERRO,08,PUQUINA,19037,00060,8,1,2,6,10.7086834733894,1,1,1,1,1,1,QUESO,4208,1870,00,MOLDE,41,1,1850,00,12,00,22200,12,20,00,0,00, 
2021,18,MOQUEGUA,02,GENERAL SANCHEZ CERRO,08,PUQUINA,19037,00090,11,1,2,6,10.7086834733894,1,1,1,1,1,1,QUESO,4208,2070,00,MOLDE,41,1,2000,00,13,00,26000,13,60,00,10,00, 
2021,18,MOQUEGUA,02,GENERAL SANCHEZ CERRO,08,PUQUINA,19037,00111,13,1,2,6,10.7086834733894,1,1,1,1,1,1,QUESO,4208,10,00,MOLDE,41,1,0,00, , , , ,10,00,0,00, 
2021,18,MOQUEGUA,02,GENERAL SANCHEZ CERRO,08,PUQUINA,19040,00041,5,1,2,6,10.7086834733894,1,1,1,1,1,1,MANTEQUILLA,4206,5,00,KILOGRAMO,12,1,3,00,12,00,36,12,2,00,0,00, 
2021,18,MOQUEGUA,02,GENERAL SANCHEZ CERRO,08,PUQUINA,19040,00105,12,1,2,6,10.7086834733894,1,1,1,1,1,1,QUESO,4208,50,00,UNIDAD,24,1,0,00, , , , ,30,00,20,00, 
2021,18,MOQUEGUA,02,GENERAL SANCHEZ CERRO,08,PUQUINA,19042,00079,12,1,2,6,10.7086834733894,1,1,1,2, ,1,CHARQUI,4211,10,00,KILOGRAMO,12,1,0,00, , , , ,10,00,0,00, 
2021,18,MOQUEGUA,02,GENERAL SANCHEZ CERRO,08,PUQUINA,19044,00025,4,1,2,6,10.7086834733894,1,1,1,2, ,1,CHARQUI,4211,7,00,KILOGRAMO,12,1,0,00, , , , ,7,00,0,00, 
2021,18,MOQUEGUA,02,GENERAL SANCHEZ CERRO,08,PUQUINA,19044,00036,7,1,2,6,10.7086834733894,1,1,1,2, ,1,CHARQUI,4211,6,00,KILOGRAMO,12,1,0,00, , , , ,6,00,0,00, 
2021,18,MOQUEGUA,02,GENERAL SANCHEZ CERRO,05,LA CAPILLA,19047,00047,10,1,2,6,11.5324283559578,1,1,1,1,1,1,QUESO,4208,20,00,UNIDAD,24,.5,0,00, , , , ,20,00,0,00, 
2021,18,MOQUEGUA,02,GENERAL SANCHEZ CERRO,05,LA CAPILLA,19047,00058,11,1,2,6,11.5324283559578,1,1,1,2, ,1,CHARQUI,4211,8,00,KILOGRAMO,12,1,0,00, , , , ,8,00,0,00, 
2021,18,MOQUEGUA,01,MARISCAL NIETO,05,SAN CRISTOBAL,19049,00043,5,1,2,6,10.7086834733894,1,1,1,2, ,1,CHARQUI,4211,20,00,KILOGRAMO,12,1,0,00, , , , ,20,00,0,00, 
2021,18,MOQUEGUA,01,MARISCAL NIETO,05,SAN CRISTOBAL,19049,00071,9,1,2,6,10.7086834733894,1,1,1,3, ,1,CHARQUI,4211,8,00,KILOGRAMO,12,1,0,00, , , , ,8,00,0,00, 
2021,18,MOQUEGUA,01,MARISCAL NIETO,05,SAN CRISTOBAL,19051,00006,1,1,2,6,10.7086834733894,1,1,1,1,1,1,QUESO,4208,400,00,UNIDAD,24,.3,0,00, , , , ,200,00,200,00, 
2021,18,MOQUEGUA,01,MARISCAL NIETO,05,SAN CRISTOBAL,19052,00017,1,1,2,6,10.7086834733894,1,1,1,1,1,2,QUESO,4208,530,00,KILOGRAMO,12,1,500,00,35,00,17500,35,15,00,15,00, 
2021,18,MOQUEGUA,01,MARISCAL NIETO,05,SAN CRISTOBAL,19052,00017,1,1,2,6,10.7086834733894,1,1,1,2, ,1,CHARQUI,4211,45,00,KILOGRAMO,12,1,0,00, , , , ,45,00,0,00, 
2021,18,MOQUEGUA,01,MARISCAL NIETO,05,SAN CRISTOBAL,19052,00035,3,1,2,6,10.7086834733894,1,1,1,2, ,1,CHARQUI,4211,50,00,KILOGRAMO,12,1,0,00, , , , ,50,00,0,00, 
2021,18,MOQUEGUA,01,MARISCAL NIETO,05,SAN CRISTOBAL,19052,00051,5,1,2,6,10.7086834733894,1,1,1,1,1,1,QUESO,4208,80,00,KILOGRAMO,12,1,70,00,30,00,2100,30,5,00,5,00, 
2021,18,MOQUEGUA,01,MARISCAL NIETO,05,SAN CRISTOBAL,19052,00056,6,1,2,6,10.7086834733894,1,1,1,2, ,1,CHARQUI,4211,50,00,KILOGRAMO,12,1,0,00, , , , ,50,00,0,00, 
2021,18,MOQUEGUA,01,MARISCAL NIETO,05,SAN CRISTOBAL,19052,00092,10,1,2,6,10.7086834733894,1,1,1,1,1,1,QUESO,4208,242,00,KILOGRAMO,12,1,230,00,30,00,6900,30,10,00,2,00, 
2021,18,MOQUEGUA,01,MARISCAL NIETO,05,SAN CRISTOBAL,19052,00103,11,1,2,6,10.7086834733894,1,1,1,1,1,1,QUESO,4208,278,00,KILOGRAMO,12,1,270,00,30,00,8100,30,8,00,0,00, 
2021,18,MOQUEGUA,01,MARISCAL NIETO,05,SAN CRISTOBAL,19052,00116,12,1,2,6,10.7086834733894,1,1,1,2, ,1,CHARQUI,4211,50,00,KILOGRAMO,12,1,0,00, , , , ,50,00,0,00, 
2021,18,MOQUEGUA,01,MARISCAL NIETO,05,SAN CRISTOBAL,19053,00029,3,1,2,6,13.6292335115865,1,1,1,1,1,1,QUESO,4208,220,00,UNIDAD,24,.25,150,00,4,00,600,16,50,00,20,00, 
2021,18,MOQUEGUA,01,MARISCAL NIETO,05,SAN CRISTOBAL,19053,00060,6,1,2,6,13.6292335115865,1,1,1,1,1,1,QUESO,4208,340,00,UNIDAD,24,.25,300,00,4,00,1200,16,30,00,10,00, 
2021,18,MOQUEGUA,01,MARISCAL NIETO,05,SAN CRISTOBAL,19054,00101,11,1,2,6,10.7086834733894,1,1,1,1,1,1,QUESO,4208,144,00,UNIDAD,24,.3,0,00, , , , ,60,00,84,00, 
2021,18,MOQUEGUA,01,MARISCAL NIETO,05,SAN CRISTOBAL,19054,00101,11,1,2,6,10.7086834733894,1,1,1,2, ,2,CHARQUI,4211,40,00,KILOGRAMO,12,1,0,00, , , , ,25,00,15,00, 
2021,18,MOQUEGUA,01,MARISCAL NIETO,05,SAN CRISTOBAL,19055,00021,3,1,2,6,15.4166666666667,1,1,1,1,1,1,QUESO,4208,920,00,UNIDAD,24,.25,800,00,3,00,2400,12,100,00,20,00, 
2021,18,MOQUEGUA,01,MARISCAL NIETO,05,SAN CRISTOBAL,19055,00148,11,1,2,6,15.4166666666667,1,1,1,1,1,1,QUESO,4208,560,00,UNIDAD,24,.25,500,00,3,00,1500,12,25,00,35,00, 
2021,18,MOQUEGUA,01,MARISCAL NIETO,05,SAN CRISTOBAL,19056,00007,2,1,2,6,10.7086834733894,1,1,1,"5,6", ,1,CHARQUI,4211,145,00,KILOGRAMO,12,1,0,00, , , , ,40,00,105,00, 
2021,18,MOQUEGUA,01,MARISCAL NIETO,05,SAN CRISTOBAL,19056,00039,6,1,2,6,10.7086834733894,1,1,1,2, ,1,CHARQUI,4211,10,00,KILOGRAMO,12,1,0,00, , , , ,7,00,3,00, 
2021,18,MOQUEGUA,01,MARISCAL NIETO,05,SAN CRISTOBAL,19057,00075,8,1,2,6,12.4615384615385,1,1,1,1,1,1,QUESO,4208,780,00,MOLDE,41,.2,720,00,5,00,3600,25,40,00,20,00, 
2021,18,MOQUEGUA,01,MARISCAL NIETO,05,SAN CRISTOBAL,19057,00118,12,1,2,6,12.4615384615385,1,1,1,1,1,1,QUESO,4208,324,00,MOLDE,41,.2,300,00,5,00,1500,25,24,00,0,00, 
2021,18,MOQUEGUA,01,MARISCAL NIETO,05,SAN CRISTOBAL,19058,00001,1,1,2,6,10.7086834733894,1,1,1,1,1,1,QUESO,4208,315,00,MOLDE,41,.25,0,00, , , , ,250,00,65,00, 
2021,18,MOQUEGUA,01,MARISCAL NIETO,05,SAN CRISTOBAL,19058,00070,12,1,2,6,10.7086834733894,1,1,1,1,1,1,QUESO,4208,480,00,MOLDE,41,.25,40,00,4,00,160,16,300,00,140,00, 
2021,18,MOQUEGUA,01,MARISCAL NIETO,05,SAN CRISTOBAL,19059,00013,2,1,2,6,10.7086834733894,1,1,1,1,1,1,QUESO,4208,340,00,KILOGRAMO,12,1,300,00,35,00,10500,35,20,00,20,00, 
2021,18,MOQUEGUA,01,MARISCAL NIETO,05,SAN CRISTOBAL,19059,00017,3,1,2,6,10.7086834733894,1,1,1,2, ,1,CHARQUI,4211,50,00,KILOGRAMO,12,1,0,00, , , , ,50,00,0,00, 
2021,18,MOQUEGUA,01,MARISCAL NIETO,05,SAN CRISTOBAL,19059,00027,4,1,2,6,10.7086834733894,1,1,1,2, ,1,CHARQUI,4211,50,00,KILOGRAMO,12,1,0,00, , , , ,50,00,0,00, 
2021,18,MOQUEGUA,01,MARISCAL NIETO,05,SAN CRISTOBAL,19059,00031,7,1,2,6,10.7086834733894,1,1,1,2, ,1,CHARQUI,4211,25,00,KILOGRAMO,12,1,0,00, , , , ,25,00,0,00, 
2021,18,MOQUEGUA,01,MARISCAL NIETO,05,SAN CRISTOBAL,19059,00036,8,1,2,6,10.7086834733894,1,1,1,2, ,1,CHARQUI,4211,50,00,KILOGRAMO,12,1,0,00, , , , ,50,00,0,00, 
2021,18,MOQUEGUA,01,MARISCAL NIETO,05,SAN CRISTOBAL,19059,00047,9,1,2,6,10.7086834733894,1,1,1,2, ,1,CHARQUI,4211,40,00,KILOGRAMO,12,1,0,00, , , , ,40,00,0,00, 
2021,18,MOQUEGUA,01,MARISCAL NIETO,05,SAN CRISTOBAL,19059,00047,9,1,2,6,10.7086834733894,1,1,1,1,1,2,QUESO,4208,520,00,KILOGRAMO,12,1,500,00,40,00,20000,40,15,00,5,00, 
2021,18,MOQUEGUA,01,MARISCAL NIETO,05,SAN CRISTOBAL,19059,00085,13,1,2,6,10.7086834733894,1,1,1,2, ,2,CHARQUI,4211,60,00,KILOGRAMO,12,1,0,00, , , , ,60,00,0,00, 
2021,18,MOQUEGUA,01,MARISCAL NIETO,05,SAN CRISTOBAL,19059,00085,13,1,2,6,10.7086834733894,1,1,1,1,1,1,QUESO,4208,800,00,KILOGRAMO,12,1,780,00,30,00,23400,30,10,00,10,00, 
2021,18,MOQUEGUA,01,MARISCAL NIETO,05,SAN CRISTOBAL,19062,00073,5,1,2,6,11.9230769230769,1,1,1,3, ,1,CHARQUI,4211,30,00,KILOGRAMO,12,1,0,00, , , , ,30,00,0,00, 
2021,18,MOQUEGUA,01,MARISCAL NIETO,05,SAN CRISTOBAL,19062,00073,5,1,2,6,11.9230769230769,1,1,1,3,3,2,QUESO,4208,60,00,MOLDE,41,.2,0,00, , , , ,60,00,0,00, 
2021,18,MOQUEGUA,01,MARISCAL NIETO,05,SAN CRISTOBAL,19062,00131,11,1,2,6,11.9230769230769,1,1,1,2, ,1,CHARQUI,4211,50,00,KILOGRAMO,12,1,0,00, , , , ,50,00,0,00, 
2021,18,MOQUEGUA,01,MARISCAL NIETO,05,SAN CRISTOBAL,19062,00133,12,1,2,6,11.9230769230769,1,1,1,1,1,1,QUESO,4208,50,00,MOLDE,41,.2,0,00, , , , ,30,00,20,00, 
2021,18,MOQUEGUA,01,MARISCAL NIETO,03,CUCHUMBAYA,19064,00005,1,1,2,6,10.7086834733894,1,1,1,2, ,1,CHARQUI,4211,35,00,KILOGRAMO,12,1,0,00, , , , ,15,00,20,00, 
2021,18,MOQUEGUA,01,MARISCAL NIETO,03,CUCHUMBAYA,19064,00022,3,1,2,6,10.7086834733894,1,1,1,1,1,1,QUESO,4208,170,00,MOLDE,41,.25,0,00, , , , ,120,00,50,00, 
2021,18,MOQUEGUA,01,MARISCAL NIETO,03,CUCHUMBAYA,19064,00025,4,1,2,6,10.7086834733894,1,1,1,3,3,1,QUESO,4208,50,00,MOLDE,41,.25,0,00, , , , ,50,00,0,00, 
2021,18,MOQUEGUA,01,MARISCAL NIETO,03,CUCHUMBAYA,19064,00061,8,1,2,6,10.7086834733894,1,1,1,3,3,1,QUESO,4208,30,00,MOLDE,41,.25,0,00, , , , ,15,00,15,00, 
2021,18,MOQUEGUA,01,MARISCAL NIETO,03,CUCHUMBAYA,19064,00084,13,1,2,6,10.7086834733894,1,1,1,1,1,1,QUESO,4208,300,00,MOLDE,41,.25,10,00,3,00,30,12,290,00,0,00, 
2021,18,MOQUEGUA,01,MARISCAL NIETO,03,CUCHUMBAYA,19067,00020,3,1,2,6,10.7086834733894,1,1,1,1,1,1,QUESO,4208,150,00,KILOGRAMO,12,1,140,00,25,00,3500,25,5,00,5,00, 
2021,18,MOQUEGUA,01,MARISCAL NIETO,03,CUCHUMBAYA,19067,00054,5,1,2,6,10.7086834733894,1,1,1,1,1,1,QUESO,4208,500,00,KILOGRAMO,12,1,490,00,15,00,7350,15,10,00,0,00, 
2021,18,MOQUEGUA,01,MARISCAL NIETO,03,CUCHUMBAYA,19067,00073,8,1,2,6,10.7086834733894,1,1,1,1,1,1,QUESO,4208,490,00,KILOGRAMO,12,1,480,00,30,00,14400,30,5,00,5,00, 
2021,18,MOQUEGUA,01,MARISCAL NIETO,03,CUCHUMBAYA,19068,00001,1,1,2,6,11.5324283559578,1,1,1,1,1,1,QUESO,4208,215,00,UNIDAD,24,.3,150,00,3,50,525,11.6667,35,00,30,00, 
2021,18,MOQUEGUA,01,MARISCAL NIETO,03,CUCHUMBAYA,19068,00023,6,1,2,6,11.5324283559578,1,1,1,1,1,1,QUESO,4208,450,00,UNIDAD,24,.2,400,00,2,50,1000,12.5,50,00,0,00, 
2021,18,MOQUEGUA,01,MARISCAL NIETO,03,CUCHUMBAYA,19068,00066,12,1,2,6,11.5324283559578,1,1,1,1,1,1,QUESO,4208,3725,00,UNIDAD,24,.21,3500,00,2,50,8750,11.9048,150,00,75,00, 
2021,18,MOQUEGUA,01,MARISCAL NIETO,03,CUCHUMBAYA,19068,00072,13,1,2,6,11.5324283559578,1,1,1,1,1,1,QUESO,4208,600,00,UNIDAD,24,.3,500,00,5,00,2500,16.6667,50,00,50,00, 
2021,18,MOQUEGUA,01,MARISCAL NIETO,03,CUCHUMBAYA,19069,00009,1,1,2,6,10.7086834733894,1,1,1,2, ,1,CHARQUI,4211,9,00,KILOGRAMO,12,1,0,00, , , , ,7,00,2,00, 
2021,18,MOQUEGUA,01,MARISCAL NIETO,03,CUCHUMBAYA,19069,00041,3,1,2,6,10.7086834733894,1,1,1,1,1,1,QUESO,4208,1768,00,UNIDAD,24,.3,1600,00,3,00,4800,10,100,00,68,00, 
2021,18,MOQUEGUA,01,MARISCAL NIETO,03,CUCHUMBAYA,19069,00043,4,1,2,6,10.7086834733894,1,1,1,1,1,1,QUESO,4208,400,00,UNIDAD,24,.25,310,00,3,00,930,12,90,00,0,00, 
2021,18,MOQUEGUA,01,MARISCAL NIETO,03,CUCHUMBAYA,19069,00065,6,1,2,6,10.7086834733894,1,1,1,1,1,1,QUESO,4208,800,00,UNIDAD,24,.3,550,00,3,00,1650,10,150,00,100,00, 
2021,18,MOQUEGUA,01,MARISCAL NIETO,03,CUCHUMBAYA,19069,00098,10,1,2,6,10.7086834733894,1,1,1,1,1,1,QUESO,4208,378,00,UNIDAD,24,.25,300,00,3,00,900,12,50,00,28,00, 
2021,18,MOQUEGUA,01,MARISCAL NIETO,03,CUCHUMBAYA,19070,00010,2,1,2,6,10.7086834733894,1,1,1,"1,3","1,3",1,QUESO,4208,486,00,MOLDE,41,1,486,00,10,00,4860,10,0,00,0,00, 
2021,18,MOQUEGUA,01,MARISCAL NIETO,03,CUCHUMBAYA,19070,00018,3,1,2,6,10.7086834733894,1,1,1,1,1,1,QUESO,4208,10,00,KILOGRAMO,12,1,0,00, , , , ,10,00,0,00, 
2021,18,MOQUEGUA,01,MARISCAL NIETO,03,CUCHUMBAYA,19070,00030,6,1,2,6,10.7086834733894,1,1,1,1,1,1,QUESO,4208,500,00,MOLDE,41,1,500,00,10,00,5000,10,0,00,0,00, 
2021,18,MOQUEGUA,01,MARISCAL NIETO,03,CUCHUMBAYA,19070,00041,8,1,2,6,10.7086834733894,1,1,1,1,1,1,QUESO,4208,96,00,MOLDE,41,1,96,00,10,00,960,10,0,00,0,00, 
2021,18,MOQUEGUA,01,MARISCAL NIETO,03,CUCHUMBAYA,19070,00072,12,1,2,6,10.7086834733894,1,1,1,1,1,1,QUESO,4208,72,00,MOLDE,41,1,72,00,10,00,720,10,0,00,0,00, 
2021,18,MOQUEGUA,01,MARISCAL NIETO,03,CUCHUMBAYA,19070,00074,13,1,2,6,10.7086834733894,1,1,1,1,1,1,QUESO,4208,48,00,KILOGRAMO,12,1,48,00,10,00,480,10,0,00,0,00, 
2021,18,MOQUEGUA,01,MARISCAL NIETO,02,CARUMAS,19071,00020,2,1,2,6,17.3076923076923,1,1,1,6, ,1,CHARQUI,4211,60,00,KILOGRAMO,12,1,0,00, , , , ,60,00,0,00, 
2021,18,MOQUEGUA,01,MARISCAL NIETO,02,CARUMAS,19071,00042,3,1,2,6,17.3076923076923,1,1,1,6, ,1,CHARQUI,4211,10,00,KILOGRAMO,12,1,0,00, , , , ,10,00,0,00, 
2021,18,MOQUEGUA,01,MARISCAL NIETO,02,CARUMAS,19071,00066,5,1,2,6,17.3076923076923,1,0,1,6, ,1,CHARQUI,4211,60,00,KILOGRAMO,12,1,0,00, , , , ,60,00,0,00, 
2021,18,MOQUEGUA,01,MARISCAL NIETO,02,CARUMAS,19071,00079,6,1,2,6,17.3076923076923,1,1,1,6, ,1,CHARQUI,4211,10,00,KILOGRAMO,12,1,0,00, , , , ,10,00,0,00, 
2021,18,MOQUEGUA,01,MARISCAL NIETO,02,CARUMAS,19071,00105,7,1,2,6,17.3076923076923,1,0,1,6, ,1,CHARQUI,4211,20,00,KILOGRAMO,12,1,0,00, , , , ,20,00,0,00, 
2021,18,MOQUEGUA,01,MARISCAL NIETO,02,CARUMAS,19071,00106,8,1,2,6,17.3076923076923,1,1,1,6, ,1,CHARQUI,4211,10,00,KILOGRAMO,12,1,0,00, , , , ,10,00,0,00, 
2021,18,MOQUEGUA,01,MARISCAL NIETO,02,CARUMAS,19071,00129,9,1,2,6,17.3076923076923,1,0,1,6, ,1,CHARQUI,4211,30,00,KILOGRAMO,12,1,0,00, , , , ,30,00,0,00, 
2021,18,MOQUEGUA,01,MARISCAL NIETO,02,CARUMAS,19071,00152,10,1,2,6,17.3076923076923,1,0,1,6, ,1,CHARQUI,4211,10,00,KILOGRAMO,12,1,0,00, , , , ,5,00,5,00, 
2021,18,MOQUEGUA,01,MARISCAL NIETO,02,CARUMAS,19071,00171,11,1,2,6,17.3076923076923,1,1,1,2, ,1,CHARQUI,4211,9,00,KILOGRAMO,12,1,0,00, , , , ,9,00,0,00, 
2021,18,MOQUEGUA,01,MARISCAL NIETO,02,CARUMAS,19071,00174,12,1,2,6,17.3076923076923,1,0,1,6, ,1,CHARQUI,4211,30,00,KILOGRAMO,12,1,0,00, , , , ,30,00,0,00, 
2021,18,MOQUEGUA,01,MARISCAL NIETO,02,CARUMAS,19071,00193,13,1,2,6,17.3076923076923,1,0,1,6, ,1,CHARQUI,4211,10,00,KILOGRAMO,12,1,0,00, , , , ,10,00,0,00, 
2021,18,MOQUEGUA,01,MARISCAL NIETO,02,CARUMAS,19072,00006,1,1,2,6,14,1,0,1,6, ,1,CHARQUI,4211,4,00,KILOGRAMO,12,1,0,00, , , , ,4,00,0,00, 
2021,18,MOQUEGUA,01,MARISCAL NIETO,02,CARUMAS,19072,00014,2,1,2,6,14,1,1,1,"5,6", ,1,CHARQUI,4211,22,00,KILOGRAMO,12,1,0,00, , , , ,22,00,0,00, 
2021,18,MOQUEGUA,01,MARISCAL NIETO,02,CARUMAS,19072,00029,3,1,2,6,14,1,0,1,6, ,1,CHARQUI,4211,27,00,KILOGRAMO,12,1,0,00, , , , ,27,00,0,00, 
2021,18,MOQUEGUA,01,MARISCAL NIETO,02,CARUMAS,19072,00067,5,1,2,6,14,1,1,1,6, ,1,CHARQUI,4211,20,00,KILOGRAMO,12,1,0,00, , , , ,20,00,0,00, 
2021,18,MOQUEGUA,01,MARISCAL NIETO,02,CARUMAS,19072,00068,6,1,2,6,14,1,0,1,6, ,1,CHARQUI,4211,10,00,KILOGRAMO,12,1,0,00, , , , ,10,00,0,00, 
2021,18,MOQUEGUA,01,MARISCAL NIETO,02,CARUMAS,19072,00122,9,1,2,6,14,1,0,1,6, ,1,CHARQUI,4211,20,00,KILOGRAMO,12,1,0,00, , , , ,20,00,0,00, 
2021,18,MOQUEGUA,01,MARISCAL NIETO,02,CARUMAS,19072,00136,10,1,2,6,14,1,1,1,6, ,1,CHARQUI,4211,35,00,KILOGRAMO,12,1,0,00, , , , ,35,00,0,00, 
2021,18,MOQUEGUA,01,MARISCAL NIETO,02,CARUMAS,19072,00174,13,1,2,6,14,1,0,1,6, ,1,CHARQUI,4211,7,00,KILOGRAMO,12,1,0,00, , , , ,7,00,0,00, 
2021,18,MOQUEGUA,01,MARISCAL NIETO,02,CARUMAS,19073,00007,1,1,2,6,12.4934640522876,1,0,1,"2,6", ,1,CHARQUI,4211,20,00,KILOGRAMO,12,1,0,00, , , , ,10,00,10,00, 
2021,18,MOQUEGUA,01,MARISCAL NIETO,02,CARUMAS,19073,00024,3,1,2,6,12.4934640522876,1,0,1,6, ,1,CHARQUI,4211,10,00,KILOGRAMO,12,1,0,00, , , , ,10,00,0,00, 
2021,18,MOQUEGUA,01,MARISCAL NIETO,02,CARUMAS,19073,00034,4,1,2,6,12.4934640522876,1,1,1,1,1,1,QUESO,4208,100,00,MOLDE,41,.2,0,00, , , , ,100,00,0,00, 
2021,18,MOQUEGUA,01,MARISCAL NIETO,02,CARUMAS,19073,00052,6,1,2,6,12.4934640522876,1,0,1,"5,6", ,1,CHARQUI,4211,10,00,KILOGRAMO,12,1,0,00, , , , ,10,00,0,00, 
2021,18,MOQUEGUA,01,MARISCAL NIETO,02,CARUMAS,19073,00080,9,1,2,6,12.4934640522876,1,0,1,"2,6", ,1,CHARQUI,4211,14,00,KILOGRAMO,12,1,0,00, , , , ,14,00,0,00, 
2021,18,MOQUEGUA,01,MARISCAL NIETO,02,CARUMAS,19073,00099,11,1,2,6,12.4934640522876,1,0,1,"2,6", ,1,CHARQUI,4211,35,00,KILOGRAMO,12,1,0,00, , , , ,35,00,0,00, 
2021,18,MOQUEGUA,01,MARISCAL NIETO,02,CARUMAS,19073,00111,12,1,2,6,12.4934640522876,1,0,1,"2,6", ,1,CHARQUI,4211,40,00,KILOGRAMO,12,1,0,00, , , , ,40,00,0,00, 
2021,18,MOQUEGUA,01,MARISCAL NIETO,02,CARUMAS,19073,00128,14,1,2,6,12.4934640522876,1,0,1,6, ,1,CHARQUI,4211,8,00,KILOGRAMO,12,1,0,00, , , , ,8,00,0,00, 
2021,18,MOQUEGUA,01,MARISCAL NIETO,02,CARUMAS,19076,00028,3,1,2,6,10.7086834733894,1,1,1,2, ,1,CHARQUI,4211,5,00,KILOGRAMO,12,1,0,00, , , , ,5,00,0,00, 
2021,18,MOQUEGUA,01,MARISCAL NIETO,02,CARUMAS,19076,00031,4,1,2,6,10.7086834733894,1,1,1,"2,6", ,1,CHARQUI,4211,30,00,KILOGRAMO,12,1,0,00, , , , ,20,00,10,00, 
2021,18,MOQUEGUA,01,MARISCAL NIETO,02,CARUMAS,19076,00033,5,1,2,6,10.7086834733894,1,1,1,2, ,1,CHARQUI,4211,20,00,KILOGRAMO,12,1,0,00, , , , ,15,00,5,00, 
2021,18,MOQUEGUA,01,MARISCAL NIETO,02,CARUMAS,19076,00079,9,1,2,6,10.7086834733894,1,1,1,1,1,2,QUESO,4208,80,00,UNIDAD,24,.25,0,00, , , , ,60,00,20,00, 
2021,18,MOQUEGUA,01,MARISCAL NIETO,02,CARUMAS,19076,00079,9,1,2,6,10.7086834733894,1,1,1,2, ,1,CHARQUI,4211,9,00,KILOGRAMO,12,1,0,00, , , , ,9,00,0,00, 
2021,18,MOQUEGUA,01,MARISCAL NIETO,02,CARUMAS,19076,00112,12,1,2,6,10.7086834733894,1,1,1,1,1,1,QUESO,4208,320,00,UNIDAD,24,.3,250,00,5,00,1250,16.6667,40,00,30,00, 
2021,18,MOQUEGUA,01,MARISCAL NIETO,02,CARUMAS,19076,00112,12,1,2,6,10.7086834733894,1,1,1,3, ,2,CHARQUI,4211,9,00,KILOGRAMO,12,1,0,00, , , , ,6,00,3,00, 
2021,18,MOQUEGUA,01,MARISCAL NIETO,02,CARUMAS,19076,00122,14,1,2,6,10.7086834733894,1,1,1,2, ,2,CHARQUI,4211,5,00,KILOGRAMO,12,1,0,00, , , , ,5,00,0,00, 
2021,18,MOQUEGUA,01,MARISCAL NIETO,02,CARUMAS,19076,00122,14,1,2,6,10.7086834733894,1,1,1,1,1,1,QUESO,4208,600,00,UNIDAD,24,.3,400,00,3,50,1400,11.6667,150,00,50,00, 
2021,18,MOQUEGUA,01,MARISCAL NIETO,02,CARUMAS,19077,00014,2,1,2,6,10.7086834733894,1,1,1,1,1,1,QUESO,4208,988,00,KILOGRAMO,12,1,970,00,10,00,9700,10,8,00,10,00, 
2021,18,MOQUEGUA,01,MARISCAL NIETO,02,CARUMAS,19077,00022,3,1,2,6,10.7086834733894,1,1,1,1,1,1,QUESO,4208,105,00,MOLDE,41,.25,0,00, , , , ,50,00,55,00, 
2021,18,MOQUEGUA,01,MARISCAL NIETO,02,CARUMAS,19077,00022,3,1,2,6,10.7086834733894,1,1,1,2, ,2,CHARQUI,4211,30,00,KILOGRAMO,12,1,0,00, , , , ,0,00,30,00, 
2021,18,MOQUEGUA,01,MARISCAL NIETO,02,CARUMAS,19077,00052,7,1,2,6,10.7086834733894,1,1,1,1,1,1,QUESO,4208,275,00,MOLDE,41,.25,20,00,8,00,160,32,255,00,0,00, 
2021,18,MOQUEGUA,01,MARISCAL NIETO,02,CARUMAS,19077,00070,10,1,2,6,10.7086834733894,1,1,1,1,1,1,QUESO,4208,462,00,KILOGRAMO,12,1,450,00,20,00,9000,20,10,00,2,00, 
2021,18,MOQUEGUA,01,MARISCAL NIETO,02,CARUMAS,19078,00001,1,1,2,6,10.7086834733894,1,1,1,1,1,1,QUESO,4208,600,00,MOLDE,41,.3,200,00,3,00,600,10,150,00,250,00, 
2021,18,MOQUEGUA,01,MARISCAL NIETO,02,CARUMAS,19078,00048,9,1,2,6,10.7086834733894,1,1,1,1,1,1,QUESO,4208,63,00,MOLDE,41,.2,50,00,4,00,200,20,13,00,0,00, 
2021,18,MOQUEGUA,01,MARISCAL NIETO,02,CARUMAS,19078,00065,13,1,2,6,10.7086834733894,1,1,1,"1,3","1,3",1,QUESO,4208,930,00,MOLDE,41,.25,560,00,3,50,1960,14,360,00,10,00, 
2021,18,MOQUEGUA,01,MARISCAL NIETO,02,CARUMAS,19078,00069,14,1,2,6,10.7086834733894,1,1,1,1,1,1,QUESO,4208,500,00,MOLDE,41,.25,250,00,5,00,1250,20,250,00,0,00, 
2021,18,MOQUEGUA,01,MARISCAL NIETO,02,CARUMAS,19078,00069,14,1,2,6,10.7086834733894,1,1,1,2, ,2,CHARQUI,4211,5,00,KILOGRAMO,12,1,0,00, , , , ,5,00,0,00, 
2021,18,MOQUEGUA,01,MARISCAL NIETO,02,CARUMAS,19080,00003,1,1,2,6,10.7086834733894,1,1,1,1,1,1,QUESO,4208,254,00,UNIDAD,24,.3,180,00,5,00,900,16.6667,62,00,12,00, 
2021,18,MOQUEGUA,01,MARISCAL NIETO,02,CARUMAS,19080,00018,4,1,2,6,10.7086834733894,1,1,1,3,3,1,QUESO,4208,300,00,MOLDE,41,.25,180,00,10,00,1800,40,114,00,6,00, 
2021,18,MOQUEGUA,01,MARISCAL NIETO,02,CARUMAS,19080,00028,6,1,2,6,10.7086834733894,1,1,1,1,1,1,QUESO,4208,760,00,MOLDE,41,.3,700,00,5,00,3500,16.6667,60,00,0,00, 
2021,18,MOQUEGUA,01,MARISCAL NIETO,02,CARUMAS,19080,00028,6,1,2,6,10.7086834733894,1,1,1,1,1,2,YOGURT,4213,2160,00,LITRO,14,1,2100,00,7,00,14700,7,40,00,20,00, 
2021,18,MOQUEGUA,01,MARISCAL NIETO,02,CARUMAS,19080,00048,9,1,2,6,10.7086834733894,1,1,1,3,3,1,QUESO,4208,30,00,MOLDE,41,.25,0,00, , , , ,15,00,15,00, 
2021,18,MOQUEGUA,01,MARISCAL NIETO,02,CARUMAS,19080,00060,12,1,2,6,10.7086834733894,1,1,1,3,3,1,QUESO,4208,30,00,MOLDE,41,.25,0,00, , , , ,26,00,4,00, 
2021,18,MOQUEGUA,01,MARISCAL NIETO,02,CARUMAS,19080,00073,14,1,2,6,10.7086834733894,1,1,1,3,3,1,QUESO,4208,36,00,MOLDE,41,.25,0,00, , , , ,26,00,10,00, 
2021,18,MOQUEGUA,01,MARISCAL NIETO,02,CARUMAS,19081,00012,1,1,2,6,14.6923076923077,1,1,1,3,3,1,QUESO,4208,40,00,MOLDE,41,.25,0,00, , , , ,35,00,5,00, 
2021,18,MOQUEGUA,01,MARISCAL NIETO,02,CARUMAS,19081,00036,3,1,2,6,14.6923076923077,1,1,1,1,1,1,QUESO,4208,1000,00,MOLDE,41,.25,500,00,10,00,5000,40,400,00,100,00, 
2021,18,MOQUEGUA,01,MARISCAL NIETO,02,CARUMAS,19081,00077,5,1,2,6,14.6923076923077,1,1,1,1,1,1,QUESO,4208,358,00,KILOGRAMO,12,1,350,00,25,00,8750,25,5,00,3,00, 
2021,18,MOQUEGUA,01,MARISCAL NIETO,02,CARUMAS,19081,00173,12,1,2,6,14.6923076923077,1,1,1,3, ,2,ARTICULOS DE LANA O CUERO,4201,1,00,UNIDAD,24,10,0,00, , , , , , ,1,00, 
2021,18,MOQUEGUA,01,MARISCAL NIETO,02,CARUMAS,19081,00173,12,1,2,6,14.6923076923077,1,1,1,1,1,3,QUESO,4208,2012,00,KILOGRAMO,12,1,2000,00,30,00,60000,30,10,00,2,00, 
2021,18,MOQUEGUA,01,MARISCAL NIETO,02,CARUMAS,19081,00173,12,1,2,6,14.6923076923077,1,1,1,2, ,1,CHARQUI,4211,10,00,KILOGRAMO,12,1,0,00, , , , ,10,00,0,00, 
2021,18,MOQUEGUA,01,MARISCAL NIETO,02,CARUMAS,19081,00184,14,1,2,6,14.6923076923077,1,1,1,2, ,1,CHARQUI,4211,1,00,KILOGRAMO,12,1,0,00, , , , ,1,00,0,00, 
2021,18,MOQUEGUA,01,MARISCAL NIETO,02,CARUMAS,19082,00048,6,1,2,6,17.8571428571429,1,1,1,2, ,1,CHARQUI,4211,20,00,KILOGRAMO,12,1,0,00, , , , ,20,00,0,00, 
2021,18,MOQUEGUA,01,MARISCAL NIETO,02,CARUMAS,19082,00102,7,1,2,6,17.8571428571429,1,1,1,1,1,1,QUESO,4208,20,00,UNIDAD,24,.5,15,00,5,00,75,10,5,00,0,00, 
2021,18,MOQUEGUA,01,MARISCAL NIETO,02,CARUMAS,19082,00164,10,1,2,6,17.8571428571429,1,1,1,1,1,1,QUESO,4208,830,00,UNIDAD,24,.3,800,00,3,00,2400,10,30,00,0,00, 
2021,18,MOQUEGUA,01,MARISCAL NIETO,02,CARUMAS,19082,00175,12,1,2,6,17.8571428571429,1,1,1,1,1,1,QUESO,4208,300,00,UNIDAD,24,.5,220,00,5,00,1100,10,50,00,30,00, 
2021,18,MOQUEGUA,01,MARISCAL NIETO,02,CARUMAS,19083,00073,11,1,2,6,11.5324283559578,1,1,1,3, ,2,CHARQUI,4211,10,00,KILOGRAMO,12,1,0,00, , , , ,10,00,0,00, 
2021,18,MOQUEGUA,01,MARISCAL NIETO,02,CARUMAS,19083,00073,11,1,2,6,11.5324283559578,1,1,1,3,3,1,QUESO,4208,50,00,MOLDE,41,.25,0,00, , , , ,40,00,10,00, 
2021,18,MOQUEGUA,01,MARISCAL NIETO,02,CARUMAS,19084,00018,3,1,2,6,12.4934640522876,1,1,1,1,1,1,QUESO,4208,209,00,UNIDAD,24,.6,150,00,5,00,750,8.3333,50,00,9,00, 
2021,18,MOQUEGUA,01,MARISCAL NIETO,02,CARUMAS,19084,00027,5,1,2,6,12.4934640522876,1,1,1,3, ,1,CHARQUI,4211,25,00,KILOGRAMO,12,1,0,00, , , , ,25,00,0,00, 
2021,18,MOQUEGUA,01,MARISCAL NIETO,02,CARUMAS,19084,00060,9,1,2,6,12.4934640522876,1,1,1,1,1,1,QUESO,4208,460,00,MOLDE,41,.375,230,00,8,00,1840,21.3333,230,00,0,00, 
2021,18,MOQUEGUA,01,MARISCAL NIETO,06,TORATA,19085,00064,6,1,2,6,13.9285714285714,1,1,1,1,1,1,QUESO,4208,30,00,UNIDAD,24,.4,0,00, , , , ,24,00,6,00, 
2021,18,MOQUEGUA,01,MARISCAL NIETO,06,TORATA,19086,00030,4,1,2,6,10.7086834733894,1,1,1,2, ,1,CHARQUI,4211,50,00,KILOGRAMO,12,1,0,00, , , , ,50,00,0,00, 
2021,18,MOQUEGUA,01,MARISCAL NIETO,06,TORATA,19087,00076,2,1,2,6,27.5,1,1,1,"1,2", ,1,CHARQUI,4211,25,00,KILOGRAMO,12,1,0,00, , , , ,25,00,0,00, 
2021,18,MOQUEGUA,01,MARISCAL NIETO,06,TORATA,19087,00114,4,1,2,6,27.5,1,1,1,3,3,1,QUESO,4208,150,00,UNIDAD,24,.5,0,00, , , , ,150,00,0,00, 
2021,18,MOQUEGUA,01,MARISCAL NIETO,06,TORATA,19087,00152,5,1,2,6,27.5,1,1,1,3, ,1,CHARQUI,4211,10,00,KILOGRAMO,12,1,0,00, , , , ,8,00,2,00, 
2021,18,MOQUEGUA,01,MARISCAL NIETO,06,TORATA,19087,00152,5,1,2,6,27.5,1,1,1,1,1,2,QUESO,4208,250,00,MOLDE,41,.2,180,00,5,00,900,25,50,00,20,00, 
2021,18,MOQUEGUA,01,MARISCAL NIETO,06,TORATA,19087,00180,6,1,2,6,27.5,1,1,1,3,3,1,QUESO,4208,70,00,MOLDE,41,.2,0,00, , , , ,70,00,0,00, 
2021,18,MOQUEGUA,01,MARISCAL NIETO,06,TORATA,19087,00231,8,1,2,6,27.5,1,1,1,1,1,1,QUESO,4208,816,00,UNIDAD,24,.3,640,00,6,00,3840,20,106,00,70,00, 
2021,18,MOQUEGUA,01,MARISCAL NIETO,06,TORATA,19087,00304,11,1,2,6,27.5,1,1,1,2, ,1,CHARQUI,4211,12,00,KILOGRAMO,12,1,0,00, , , , ,12,00,0,00, 
2021,18,MOQUEGUA,01,MARISCAL NIETO,06,TORATA,19088,00148,10,1,2,6,14.3571428571429,1,1,1,1,1,1,QUESO,4208,893,00,UNIDAD,24,.3,800,00,5,00,4000,16.6667,80,00,13,00, 
2021,18,MOQUEGUA,01,MARISCAL NIETO,06,TORATA,19088,00160,12,1,2,6,14.3571428571429,1,1,1,1,1,1,QUESO,4208,100,00,UNIDAD,24,.3,100,00,5,00,500,16.6667,0,00,0,00, 
2021,18,MOQUEGUA,01,MARISCAL NIETO,06,TORATA,19090,00026,2,1,2,6,23.9285714285714,1,0,1,6, ,1,CHARQUI,4211,4,00,KILOGRAMO,12,1,0,00, , , , ,4,00,0,00, 
2021,18,MOQUEGUA,01,MARISCAL NIETO,06,TORATA,19090,00046,4,1,2,6,23.9285714285714,1,1,1,2, ,1,CHARQUI,4211,20,00,KILOGRAMO,12,1,0,00, , , , ,20,00,0,00, 
2021,18,MOQUEGUA,01,MARISCAL NIETO,06,TORATA,19090,00100,5,1,2,6,23.9285714285714,1,1,1,1,1,1,QUESO,4208,393,00,MOLDE,41,.2,345,00,5,00,1725,25,48,00,0,00, 
2021,18,MOQUEGUA,01,MARISCAL NIETO,06,TORATA,19090,00134,6,1,2,6,23.9285714285714,1,0,1,6, ,1,CHARQUI,4211,15,00,KILOGRAMO,12,1,0,00, , , , ,15,00,0,00, 
2021,18,MOQUEGUA,01,MARISCAL NIETO,06,TORATA,19090,00243,10,1,2,6,23.9285714285714,1,1,1,3,3,2,QUESO,4208,90,00,UNIDAD,24,.4,0,00, , , , ,90,00,0,00, 
2021,18,MOQUEGUA,01,MARISCAL NIETO,06,TORATA,19090,00243,10,1,2,6,23.9285714285714,1,1,1,"2,3", ,1,CHARQUI,4211,50,00,KILOGRAMO,12,1,0,00, , , , ,50,00,0,00, 
2021,18,MOQUEGUA,01,MARISCAL NIETO,06,TORATA,19090,00254,11,1,2,6,23.9285714285714,1,0,1,6, ,1,CHARQUI,4211,20,00,KILOGRAMO,12,1,0,00, , , , ,20,00,0,00, 
2021,18,MOQUEGUA,01,MARISCAL NIETO,06,TORATA,19090,00291,13,1,2,6,23.9285714285714,1,1,1,3,3,2,QUESO,4208,1440,00,UNIDAD,24,.3,1350,00,5,00,6750,16.6667,90,00,0,00, 
2021,18,MOQUEGUA,01,MARISCAL NIETO,06,TORATA,19090,00291,13,1,2,6,23.9285714285714,1,1,1,"2,3", ,1,CHARQUI,4211,30,00,KILOGRAMO,12,1,0,00, , , , ,30,00,0,00, 
2021,18,MOQUEGUA,01,MARISCAL NIETO,06,TORATA,19091,00094,6,1,2,6,15.5384615384615,1,1,1,1,1,1,QUESO,4208,540,00,UNIDAD,24,.5,400,00,5,00,2000,10,100,00,40,00, 
2021,18,MOQUEGUA,01,MARISCAL NIETO,01,MOQUEGUA,19097,00064,6,1,1,3,13.7551020408163,1,1,1,2, ,1,CHARQUI,4211,8,00,KILOGRAMO,12,1,0,00, , , , ,8,00,0,00, 
2021,18,MOQUEGUA,01,MARISCAL NIETO,01,MOQUEGUA,19097,00154,13,1,1,3,13.7551020408163,1,1,1,2, ,1,CHARQUI,4211,3,00,KILOGRAMO,12,1,0,00, , , , ,3,00,0,00, 
2021,18,MOQUEGUA,01,MARISCAL NIETO,01,MOQUEGUA,19098,00044,3,1,1,3,14.8131868131868,1,1,1,1,1,1,QUESO,4208,86,00,UNIDAD,24,.3,0,00, , , , ,60,00,26,00, 
2021,18,MOQUEGUA,01,MARISCAL NIETO,01,MOQUEGUA,19098,00172,13,1,1,3,14.8131868131868,1,1,1,1,1,1,QUESO,4208,45,00,MOLDE,41,.3,0,00, , , , ,45,00,0,00, 
2021,18,MOQUEGUA,01,MARISCAL NIETO,01,MOQUEGUA,19100,00095,9,1,1,3,13.7551020408163,1,1,1,1,1,1,QUESO,4208,1100,00,MOLDE,41,.25,1000,00,4,00,4000,16,100,00,0,00, 
2021,18,MOQUEGUA,01,MARISCAL NIETO,01,MOQUEGUA,19103,00114,8,1,1,3,15.8461538461538,1,1,1,1, ,1,CHARQUI,4211,50,00,KILOGRAMO,12,1,0,00, , , , ,50,00,0,00, 
2021,23,TACNA,03,JORGE BASADRE,02,ILABAYA,19109,00001,1,1,2,6,18.7876984126984,1,1,1,2, ,1,CHARQUI,4211,2,00,KILOGRAMO,12,1,0,00, , , , ,2,00,0,00, 
2021,23,TACNA,03,JORGE BASADRE,02,ILABAYA,19109,00040,7,1,2,6,18.7876984126984,1,1,1,1,1,1,QUESO,4208,34,00,KILOGRAMO,12,1,0,00, , , , ,29,00,5,00, 
2021,23,TACNA,03,JORGE BASADRE,02,ILABAYA,19109,00083,12,1,2,6,18.7876984126984,1,1,1,1,1,1,QUESO,4208,238,00,KILOGRAMO,12,1,200,00,10,00,2000,10,38,00,0,00, 
2021,23,TACNA,03,JORGE BASADRE,02,ILABAYA,19109,00083,12,1,2,6,18.7876984126984,1,1,1,2, ,2,CHARQUI,4211,1,00,KILOGRAMO,12,1,0,00, , , , ,1,00,0,00, 
2021,23,TACNA,03,JORGE BASADRE,02,ILABAYA,19111,00013,2,1,2,6,18.7876984126984,1,1,1,1,1,1,QUESO,4208,400,00,UNIDAD,24,1,350,00,10,00,3500,10,50,00,0,00, 
2021,23,TACNA,03,JORGE BASADRE,02,ILABAYA,19112,00019,4,1,2,6,18.7876984126984,1,1,1,2, ,1,CHARQUI,4211,9,00,KILOGRAMO,12,1,0,00, , , , ,7,00,2,00, 
2021,23,TACNA,03,JORGE BASADRE,02,ILABAYA,19112,00031,5,1,2,6,18.7876984126984,1,1,1,1,1,1,QUESO,4208,142,00,KILOGRAMO,12,1,120,00,10,00,1200,10,22,00,0,00, 
2021,23,TACNA,03,JORGE BASADRE,02,ILABAYA,19112,00049,7,1,2,6,18.7876984126984,1,1,1,1,1,1,QUESO,4208,368,00,KILOGRAMO,12,1,300,00,9,00,2700,9,60,00,8,00, 
2021,23,TACNA,03,JORGE BASADRE,02,ILABAYA,19112,00103,13,1,2,6,18.7876984126984,1,1,1,1,1,1,QUESO,4208,8,00,KILOGRAMO,12,1,0,00, , , , ,8,00,0,00, 
2021,23,TACNA,03,JORGE BASADRE,01,LOCUMBA,19117,00001,1,1,1,3,21.1282051282051,1,1,1,3,3,1,QUESO,4208,85,00,UNIDAD,24,1,0,00, , , , ,72,00,13,00, 
2021,23,TACNA,03,JORGE BASADRE,01,LOCUMBA,19117,00037,5,1,1,3,21.1282051282051,1,1,1,3,3,1,QUESO,4208,298,00,UNIDAD,24,1,278,00,25,00,6950,25,10,00,10,00, 
2021,23,TACNA,03,JORGE BASADRE,01,LOCUMBA,19117,00043,6,1,1,3,21.1282051282051,1,1,1,1,1,1,QUESO,4208,20,00,KILOGRAMO,12,1,15,00,8,00,120,8,2,00,3,00, 
2021,23,TACNA,03,JORGE BASADRE,01,LOCUMBA,19117,00078,10,1,1,3,21.1282051282051,1,1,1,3,3,1,QUESO,4208,51,70,KILOGRAMO,12,1,0,00, , , , ,40,70,11,00, 
2021,23,TACNA,02,CANDARAVE,03,CAMILACA,19121,00014,2,1,2,6,18.7876984126984,1,1,1,"5,6", ,1,CHARQUI,4211,22,00,KILOGRAMO,12,1,0,00, , , , ,22,00,0,00, 
2021,23,TACNA,02,CANDARAVE,03,CAMILACA,19121,00023,4,1,2,6,18.7876984126984,1,1,1,6, ,1,CHARQUI,4211,6,00,KILOGRAMO,12,1,0,00, , , , ,6,00,0,00, 
2021,23,TACNA,02,CANDARAVE,03,CAMILACA,19121,00024,5,1,2,6,18.7876984126984,1,1,1,6, ,1,CHARQUI,4211,5,00,KILOGRAMO,12,1,0,00, , , , ,5,00,0,00, 
2021,23,TACNA,02,CANDARAVE,03,CAMILACA,19121,00038,7,1,2,6,18.7876984126984,1,0,1,6, ,1,CHARQUI,4211,5,00,KILOGRAMO,12,1,0,00, , , , ,5,00,0,00, 
2021,23,TACNA,02,CANDARAVE,03,CAMILACA,19124,00046,8,1,2,6,18.7876984126984,1,1,1,2, ,1,CHARQUI,4211,30,00,KILOGRAMO,12,1,0,00, , , , ,20,00,10,00, 
2021,23,TACNA,02,CANDARAVE,02,CAIRANI,19130,00010,1,1,2,6,20.232905982906,1,1,1,1,1,1,QUESO,4208,255,00,MOLDE,41,1,248,00,11,00,2728,11,5,00,2,00, 
2021,23,TACNA,02,CANDARAVE,02,CAIRANI,19130,00024,3,1,2,6,20.232905982906,1,1,1,1,1,1,QUESO,4208,237,00,MOLDE,41,1,110,00,12,00,1320,12,7,00,120,00, 
2021,23,TACNA,02,CANDARAVE,02,CAIRANI,19131,00002,1,1,2,6,18.7876984126984,1,1,1,1,1,1,QUESO,4208,350,00,MOLDE,41,.9,300,00,12,00,3600,13.3333,20,00,30,00, 
2021,23,TACNA,02,CANDARAVE,02,CAIRANI,19131,00003,2,1,2,6,18.7876984126984,1,1,1,1,1,1,QUESO,4208,88,00,MOLDE,41,.5,70,00,11,00,770,22,10,00,8,00, 
2021,23,TACNA,02,CANDARAVE,02,CAIRANI,19131,00026,8,1,2,6,18.7876984126984,1,1,1,2, ,1,CHARQUI,4211,20,00,KILOGRAMO,12,1,0,00, , , , ,8,00,12,00, 
2021,23,TACNA,02,CANDARAVE,01,CANDARAVE,19134,00003,2,1,2,6,18.7876984126984,1,0,1,6, ,1,CHARQUI,4211,10,00,KILOGRAMO,12,1,0,00, , , , ,10,00,0,00, 
2021,23,TACNA,02,CANDARAVE,01,CANDARAVE,19134,00022,5,1,2,6,18.7876984126984,1,1,1,3,3,1,QUESO,4208,75,00,UNIDAD,24,.4,60,00,8,00,480,20,15,00,0,00, 
2021,23,TACNA,02,CANDARAVE,01,CANDARAVE,19134,00026,6,1,2,6,18.7876984126984,1,0,1,3,3,1,QUESO,4208,840,00,UNIDAD,24,.5,740,00,6,00,4440,12,100,00,0,00, 
2021,23,TACNA,02,CANDARAVE,01,CANDARAVE,19134,00049,8,1,2,6,18.7876984126984,1,0,1,3,3,1,QUESO,4208,750,00,UNIDAD,24,.5,650,00,8,92,5798,17.84,50,00,50,00, 
2021,23,TACNA,02,CANDARAVE,01,CANDARAVE,19134,00054,9,1,2,6,18.7876984126984,1,0,1,6, ,1,CHARQUI,4211,30,00,KILOGRAMO,12,1,10,00,25,00,250,25,20,00,0,00, 
2021,23,TACNA,02,CANDARAVE,01,CANDARAVE,19134,00061,10,1,2,6,18.7876984126984,1,1,1,2, ,1,CHARQUI,4211,29,00,KILOGRAMO,12,1,0,00, , , , ,29,00,0,00, 
2021,23,TACNA,02,CANDARAVE,01,CANDARAVE,19138,00004,1,1,2,6,18.7876984126984,1,1,1,1,1,1,QUESO,4208,250,00,MOLDE,41,.8,200,00,10,00,2000,12.5,50,00,0,00, 
2021,23,TACNA,02,CANDARAVE,01,CANDARAVE,19138,00016,2,1,2,6,18.7876984126984,1,1,1,1,1,1,QUESO,4208,243,00,MOLDE,41,.8,230,00,10,00,2300,12.5,13,00,0,00, 
2021,23,TACNA,02,CANDARAVE,01,CANDARAVE,19138,00025,5,1,2,6,18.7876984126984,1,1,1,1,1,1,QUESO,4208,1200,00,MOLDE,41,.8,1000,00,10,00,10000,12.5,200,00,0,00, 
2021,23,TACNA,02,CANDARAVE,01,CANDARAVE,19138,00034,6,1,2,6,18.7876984126984,1,1,1,1,1,1,QUESO,4208,125,00,MOLDE,41,.8,100,00,10,00,1000,12.5,25,00,0,00, 
2021,23,TACNA,02,CANDARAVE,01,CANDARAVE,19138,00089,11,1,2,6,18.7876984126984,1,1,1,1,1,1,QUESO,4208,1250,00,MOLDE,41,.8,1000,00,10,00,10000,12.5,200,00,50,00, 
2021,23,TACNA,02,CANDARAVE,01,CANDARAVE,19138,00117,14,1,2,6,18.7876984126984,1,1,1,1,1,1,QUESO,4208,143,00,UNIDAD,24,.8,140,00,10,00,1400,12.5,3,00,0,00, 
2021,23,TACNA,02,CANDARAVE,01,CANDARAVE,19140,00016,1,1,2,6,20.232905982906,1,1,1,1,1,1,QUESO,4208,500,00,MOLDE,41,1,454,00,10,00,4540,10,36,00,10,00, 
2021,23,TACNA,02,CANDARAVE,01,CANDARAVE,19140,00036,4,1,2,6,20.232905982906,1,1,1,1,1,1,QUESO,4208,52,00,MOLDE,41,.8,40,00,10,00,400,12.5,12,00,0,00, 
2021,23,TACNA,02,CANDARAVE,01,CANDARAVE,19142,00009,1,1,2,6,18.7876984126984,1,1,1,1,1,1,QUESO,4208,300,00,MOLDE,41,.8,280,00,8,30,2324,10.375,20,00,0,00, 
2021,23,TACNA,02,CANDARAVE,01,CANDARAVE,19142,00057,8,1,2,6,18.7876984126984,1,1,1,1,1,1,QUESO,4208,1190,00,MOLDE,41,.8,1150,00,8,33,9580,10.4125,35,00,5,00, 
2021,23,TACNA,02,CANDARAVE,01,CANDARAVE,19142,00078,10,1,2,6,18.7876984126984,1,1,1,1,1,1,QUESO,4208,237,00,UNIDAD,24,1,222,00,10,00,2220,10,15,00,0,00, 
2021,23,TACNA,02,CANDARAVE,01,CANDARAVE,19142,00093,12,1,2,6,18.7876984126984,1,1,1,1,1,1,QUESO,4208,282,00,UNIDAD,24,1,270,00,8,00,2160,8,8,00,4,00, 
2021,23,TACNA,02,CANDARAVE,01,CANDARAVE,19142,00096,13,1,2,6,18.7876984126984,1,1,1,1,1,1,QUESO,4208,418,00,UNIDAD,24,1,410,00,10,00,4100,10,8,00,0,00, 
2021,23,TACNA,02,CANDARAVE,01,CANDARAVE,19144,00006,1,1,2,6,18.7876984126984,1,1,1,1,1,1,QUESO,4208,600,00,UNIDAD,24,.8,585,00,8,00,4680,10,15,00,0,00, 
2021,23,TACNA,02,CANDARAVE,01,CANDARAVE,19144,00015,2,1,2,6,18.7876984126984,1,1,1,1,1,1,QUESO,4208,717,00,MOLDE,41,.8,700,00,8,00,5600,10,17,00,0,00, 
2021,23,TACNA,02,CANDARAVE,01,CANDARAVE,19144,00032,3,1,2,6,18.7876984126984,1,1,1,1,1,1,QUESO,4208,417,00,MOLDE,41,.8,415,00,8,00,3320,10,2,00,0,00, 
2021,23,TACNA,02,CANDARAVE,01,CANDARAVE,19144,00034,4,1,2,6,18.7876984126984,1,1,1,1,1,1,QUESO,4208,718,00,MOLDE,41,.8,700,00,8,00,5600,10,18,00,0,00, 
2021,23,TACNA,02,CANDARAVE,01,CANDARAVE,19144,00051,6,1,2,6,18.7876984126984,1,1,1,1,1,1,QUESO,4208,465,00,MOLDE,41,.8,450,00,8,00,3600,10,15,00,0,00, 
2021,23,TACNA,02,CANDARAVE,01,CANDARAVE,19144,00057,7,1,2,6,18.7876984126984,1,1,1,"2,3", ,1,CHARQUI,4211,11,00,KILOGRAMO,12,1,0,00, , , , ,11,00,0,00, 
2021,23,TACNA,02,CANDARAVE,01,CANDARAVE,19144,00071,9,1,2,6,18.7876984126984,1,1,1,1,1,1,QUESO,4208,2310,00,MOLDE,41,.8,2260,00,8,30,18758,10.375,40,00,10,00, 
2021,23,TACNA,02,CANDARAVE,01,CANDARAVE,19144,00076,11,1,2,6,18.7876984126984,1,1,1,1,1,2,QUESO,4208,957,00,UNIDAD,24,.8,948,00,8,00,7584,10,9,00,0,00, 
2021,23,TACNA,02,CANDARAVE,01,CANDARAVE,19144,00076,11,1,2,6,18.7876984126984,1,1,1,2, ,1,CHARQUI,4211,4,00,KILOGRAMO,12,1,0,00, , , , ,4,00,0,00, 
2021,23,TACNA,02,CANDARAVE,01,CANDARAVE,19144,00093,14,1,2,6,18.7876984126984,1,1,1,1,1,1,QUESO,4208,650,00,MOLDE,41,.8,640,00,10,00,6400,12.5,10,00,0,00, 
2021,23,TACNA,02,CANDARAVE,05,HUANUARA,19146,00006,1,1,2,6,18.7876984126984,1,1,1,1,1,2,QUESO,4208,707,00,MOLDE,41,1,673,00,12,00,8076,12,24,00,10,00, 
2021,23,TACNA,02,CANDARAVE,05,HUANUARA,19146,00006,1,1,2,6,18.7876984126984,1,1,1,1, ,1,CHARQUI,4211,7,00,KILOGRAMO,12,1,0,00, , , , ,7,00,0,00, 
2021,23,TACNA,02,CANDARAVE,05,HUANUARA,19146,00007,2,1,2,6,18.7876984126984,1,1,1,1, ,1,CHARQUI,4211,12,50,KILOGRAMO,12,1,0,00, , , , ,12,50,0,00, 
2021,23,TACNA,02,CANDARAVE,05,HUANUARA,19146,00007,2,1,2,6,18.7876984126984,1,1,1,1,1,2,QUESO,4208,209,00,MOLDE,41,.8,180,00,10,00,1800,12.5,29,00,0,00, 
2021,23,TACNA,02,CANDARAVE,05,HUANUARA,19146,00015,3,1,2,6,18.7876984126984,1,1,1,1,1,1,QUESO,4208,254,00,MOLDE,41,.8,0,00, , , , ,54,00,200,00, 
2021,23,TACNA,02,CANDARAVE,05,HUANUARA,19146,00030,6,1,2,6,18.7876984126984,1,1,1,1,1,2,QUESO,4208,828,00,MOLDE,41,1,774,00,10,00,7740,10,24,00,30,00, 
2021,23,TACNA,02,CANDARAVE,05,HUANUARA,19146,00030,6,1,2,6,18.7876984126984,1,1,1,1, ,1,CHARQUI,4211,30,00,KILOGRAMO,12,1,0,00, , , , ,30,00,0,00, 
2021,23,TACNA,02,CANDARAVE,05,HUANUARA,19146,00046,9,1,2,6,18.7876984126984,1,1,1,1,1,1,QUESO,4208,234,00,MOLDE,41,1,0,00, , , , ,234,00,0,00, 
2021,23,TACNA,02,CANDARAVE,05,HUANUARA,19146,00050,10,1,2,6,18.7876984126984,1,1,1,1,1,1,QUESO,4208,142,00,UNIDAD,24,1,120,00,10,00,1200,10,22,00,0,00, 
2021,23,TACNA,02,CANDARAVE,05,HUANUARA,19146,00059,12,1,2,6,18.7876984126984,1,1,1,1, ,1,CHARQUI,4211,12,50,KILOGRAMO,12,1,0,00, , , , ,12,50,0,00, 
2021,23,TACNA,02,CANDARAVE,05,HUANUARA,19146,00059,12,1,2,6,18.7876984126984,1,1,1,1,1,2,QUESO,4208,118,00,MOLDE,41,1,50,00,11,00,550,11,36,00,32,00, 
2021,23,TACNA,02,CANDARAVE,05,HUANUARA,19146,00063,13,1,2,6,18.7876984126984,1,1,1,1,1,1,QUESO,4208,1068,00,MOLDE,41,1,1032,00,11,00,11352,11,24,00,12,00, 
2021,23,TACNA,02,CANDARAVE,05,HUANUARA,19149,00013,2,1,2,6,18.7876984126984,1,1,1,1,1,1,QUESO,4208,20,00,KILOGRAMO,12,1,16,00,10,88,174,10.88,4,00,0,00, 
2021,23,TACNA,02,CANDARAVE,05,HUANUARA,19149,00018,3,1,2,6,18.7876984126984,1,1,1,1,1,1,QUESO,4208,150,00,UNIDAD,24,1,138,00,16,00,2208,16,12,00,0,00, 
2021,23,TACNA,02,CANDARAVE,05,HUANUARA,19149,00024,4,1,2,6,18.7876984126984,1,1,1,"1,3","1,3",1,QUESO,4208,960,00,UNIDAD,24,1,950,00,16,00,15200,16,10,00,0,00, 
2021,23,TACNA,02,CANDARAVE,05,HUANUARA,19149,00024,4,1,2,6,18.7876984126984,1,1,1,6, ,2,CHARQUI,4211,5,00,KILOGRAMO,12,1,0,00, , , , ,5,00,0,00, 
2021,23,TACNA,02,CANDARAVE,05,HUANUARA,19149,00032,6,1,2,6,18.7876984126984,1,1,1,6, ,2,CHARQUI,4211,3,50,KILOGRAMO,12,1,0,00, , , , ,3,50,0,00, 
2021,23,TACNA,02,CANDARAVE,05,HUANUARA,19149,00032,6,1,2,6,18.7876984126984,1,1,1,1,1,1,QUESO,4208,405,00,UNIDAD,24,1,390,00,11,00,4290,11,15,00,0,00, 
2021,23,TACNA,02,CANDARAVE,05,HUANUARA,19149,00040,7,1,2,6,18.7876984126984,1,1,1,1,1,1,QUESO,4208,720,00,UNIDAD,24,1,700,00,11,00,7700,11,12,00,8,00, 
2021,23,TACNA,02,CANDARAVE,05,HUANUARA,19149,00064,10,1,2,6,18.7876984126984,1,1,1,1,1,1,QUESO,4208,405,00,UNIDAD,24,1,400,00,11,00,4400,11,5,00,0,00, 
2021,23,TACNA,02,CANDARAVE,05,HUANUARA,19149,00067,12,1,2,6,18.7876984126984,1,1,1,2, ,2,CHARQUI,4211,25,00,KILOGRAMO,12,1,20,00,15,00,300,15,5,00,0,00, 
2021,23,TACNA,02,CANDARAVE,05,HUANUARA,19149,00067,12,1,2,6,18.7876984126984,1,1,1,1,1,1,QUESO,4208,270,00,UNIDAD,24,1,250,00,12,00,3000,12,12,00,8,00, 
2021,23,TACNA,02,CANDARAVE,05,HUANUARA,19149,00078,13,1,2,6,18.7876984126984,1,1,1,1,1,1,QUESO,4208,240,00,UNIDAD,24,1,230,00,11,00,2530,11,10,00,0,00, 
2021,23,TACNA,02,CANDARAVE,06,QUILAHUANI,19151,00004,1,1,2,6,20.232905982906,1,1,1,1,1,1,QUESO,4208,178,00,UNIDAD,24,.6,160,00,8,00,1280,13.3333,18,00,0,00, 
2021,23,TACNA,02,CANDARAVE,06,QUILAHUANI,19151,00040,5,1,2,6,20.232905982906,1,1,1,1,1,1,QUESO,4208,208,00,UNIDAD,24,.7,180,00,8,00,1440,11.4286,28,00,0,00, 
2021,23,TACNA,02,CANDARAVE,06,QUILAHUANI,19151,00056,6,1,2,6,20.232905982906,1,1,1,1,1,1,QUESO,4208,374,00,UNIDAD,24,1,346,00,9,46,3273,9.46,20,00,8,00, 
2021,23,TACNA,02,CANDARAVE,06,QUILAHUANI,19151,00078,8,1,2,6,20.232905982906,1,1,1,1,1,1,QUESO,4208,58,00,UNIDAD,24,1,50,00,10,00,500,10,8,00,0,00, 
2021,23,TACNA,02,CANDARAVE,06,QUILAHUANI,19152,00008,1,1,2,6,18.7876984126984,1,1,1,2, ,1,CHARQUI,4211,3,00,KILOGRAMO,12,1,0,00, , , , ,3,00,0,00, 
2021,23,TACNA,02,CANDARAVE,06,QUILAHUANI,19152,00088,12,1,2,6,18.7876984126984,1,1,1,1,1,1,QUESO,4208,42,00,MOLDE,41,.8,35,00,10,00,350,12.5,7,00,0,00, 
2021,23,TACNA,04,TARATA,05,SITAJARA,19158,00017,2,1,2,6,18.7876984126984,1,1,1,2, ,1,CHARQUI,4211,4,00,KILOGRAMO,12,1,0,00, , , , ,4,00,0,00, 
2021,23,TACNA,04,TARATA,05,SITAJARA,19158,00062,9,1,2,6,18.7876984126984,1,1,1,2, ,1,CHARQUI,4211,12,00,KILOGRAMO,12,1,0,00, , , , ,12,00,0,00, 
2021,23,TACNA,04,TARATA,06,SUSAPAYA,19161,00120,7,1,2,6,21.9189814814815,1,0,1,6, ,1,CHARQUI,4211,25,00,KILOGRAMO,12,1,20,00,20,00,400,20,5,00,0,00, 
2021,23,TACNA,04,TARATA,06,SUSAPAYA,19161,00150,9,1,2,6,21.9189814814815,1,1,1,6, ,1,CHARQUI,4211,7,60,KILOGRAMO,12,1,5,00,22,00,110,22,2,60,0,00, 
2021,23,TACNA,04,TARATA,06,SUSAPAYA,19161,00165,10,1,2,6,21.9189814814815,1,0,1,"5,6", ,1,CHARQUI,4211,67,00,KILOGRAMO,12,1,64,00,18,94,1212,18.94,3,00,0,00, 
2021,23,TACNA,04,TARATA,06,SUSAPAYA,19161,00181,11,1,2,6,21.9189814814815,1,0,1,"2,6", ,1,CHARQUI,4211,14,00,KILOGRAMO,12,1,11,00,23,18,255,23.18,3,00,0,00, 
2021,23,TACNA,04,TARATA,06,SUSAPAYA,19162,00041,6,1,2,6,20.232905982906,1,1,1,6, ,1,CHARQUI,4211,8,00,KILOGRAMO,12,1,0,00, , , , ,8,00,0,00, 
2021,23,TACNA,04,TARATA,06,SUSAPAYA,19162,00067,8,1,2,6,20.232905982906,1,1,1,1,1,1,QUESO,4208,30,00,KILOGRAMO,12,1,20,00,14,00,280,14,5,00,5,00, 
2021,23,TACNA,04,TARATA,06,SUSAPAYA,19162,00089,10,1,2,6,20.232905982906,1,1,1,1,1,1,QUESO,4208,34,00,UNIDAD,24,1,18,00,10,00,180,10,10,00,6,00, 
2021,23,TACNA,04,TARATA,06,SUSAPAYA,19162,00092,11,1,2,6,20.232905982906,1,1,1,1,1,1,QUESO,4208,11,00,UNIDAD,24,1,0,00, , , , ,7,00,4,00, 
2021,23,TACNA,04,TARATA,08,TICACO,19166,00077,12,1,2,6,18.7876984126984,1,1,1,1,1,1,QUESO,4208,800,00,UNIDAD,24,.4,750,00,6,00,4500,15,50,00,0,00, 
2021,23,TACNA,04,TARATA,02,HEROES ALBARRACIN,19167,00073,9,1,2,6,18.7876984126984,1,1,1,2, ,1,CHARQUI,4211,4,00,KILOGRAMO,12,1,0,00, , , , ,2,00,2,00, 
2021,23,TACNA,04,TARATA,01,TARATA,19176,00037,5,1,2,6,18.7876984126984,1,1,1,1,1,1,QUESO,4208,1231,00,UNIDAD,24,.5,1200,00,3,00,3600,6,15,00,16,00, 
2021,23,TACNA,04,TARATA,01,TARATA,19178,00038,5,1,2,6,18.7876984126984,1,1,1,1,1,1,QUESO,4208,603,00,MOLDE,41,.5,553,00,6,00,3318,12,50,00,0,00, 
2021,23,TACNA,04,TARATA,01,TARATA,19178,00038,5,1,2,6,18.7876984126984,1,1,1,1,1,2,YOGURT,4213,2410,00,LITRO,14,1,2200,00,4,00,8800,4,200,00,10,00, 
2021,23,TACNA,04,TARATA,03,ESTIQUE,19185,00021,4,1,2,6,21.9189814814815,1,1,1,"1,3","1,3",1,QUESO,4208,645,00,KILOGRAMO,12,1,600,00,8,00,4800,8,30,00,15,00, 
2021,23,TACNA,04,TARATA,03,ESTIQUE,19185,00031,5,1,2,6,21.9189814814815,1,1,1,1,1,1,QUESO,4208,341,00,MOLDE,41,.8,300,00,10,00,3000,12.5,41,00,0,00, 
2021,23,TACNA,04,TARATA,03,ESTIQUE,19185,00049,6,1,2,6,21.9189814814815,1,1,1,1,1,1,QUESO,4208,450,00,KILOGRAMO,12,1,440,00,8,00,3520,8,10,00,0,00, 
2021,23,TACNA,04,TARATA,03,ESTIQUE,19185,00059,7,1,2,6,21.9189814814815,1,1,1,1,1,1,QUESO,4208,250,00,MOLDE,41,1,213,00,12,00,2556,12,20,00,17,00, 
2021,23,TACNA,04,TARATA,03,ESTIQUE,19185,00071,9,1,2,6,21.9189814814815,1,1,1,3,3,1,QUESO,4208,75,00,MOLDE,41,.5,75,00,8,00,600,16,0,00,0,00, 
2021,23,TACNA,01,TACNA,03,CALANA,19216,00010,1,1,1,3,19.6190476190476,1,1,1,2, ,1,CHARQUI,4211,6,00,KILOGRAMO,12,1,0,00, , , , ,6,00,0,00, 
2021,23,TACNA,01,TACNA,06,PACHIA,19219,00009,1,1,2,6,18.7876984126984,1,1,1,"1,3","1,3",1,QUESO,4208,1383,33,UNIDAD,24,.5,1250,00,7,00,8750,14,51,33,82,00, 
2021,23,TACNA,01,TACNA,06,PACHIA,19219,00012,2,1,2,6,18.7876984126984,1,1,1,1,1,1,QUESO,4208,679,00,UNIDAD,24,1,600,00,9,00,5400,9,29,00,50,00, 
2021,23,TACNA,01,TACNA,06,PACHIA,19219,00012,2,1,2,6,18.7876984126984,1,1,1,1,1,2,YOGURT,4213,30,00,LITRO,14,1,20,00,6,00,120,6,10,00,0,00, 
2021,23,TACNA,01,TACNA,06,PACHIA,19219,00052,7,1,2,6,18.7876984126984,1,1,1,3,3,1,QUESO,4208,6,50,KILOGRAMO,12,1,6,50,15,00,98,15,0,00,0,00, 
2021,23,TACNA,01,TACNA,06,PACHIA,19219,00107,12,1,2,6,18.7876984126984,1,1,1,1,1,1,QUESO,4208,51,00,UNIDAD,24,.6,26,00,6,00,156,10,25,00,0,00, 
2021,23,TACNA,01,TACNA,06,PACHIA,19220,00042,6,1,2,6,18.7876984126984,1,1,1,3,3,1,QUESO,4208,260,00,UNIDAD,24,1,160,00,10,00,1600,10,100,00,0,00, 
2021,23,TACNA,01,TACNA,06,PACHIA,19220,00099,13,1,2,6,18.7876984126984,1,1,1,3,3,1,QUESO,4208,70,00,UNIDAD,24,.8,50,00,10,00,500,12.5,15,00,5,00, 
2021,23,TACNA,01,TACNA,07,PALCA,19224,00166,10,1,2,6,18.7876984126984,1,0,1,5, ,1,CHARQUI,4211,12,00,KILOGRAMO,12,1,12,00,45,00,540,45,0,00,0,00, 
2021,23,TACNA,01,TACNA,07,PALCA,19225,00023,3,1,2,6,20.232905982906,1,0,1,6, ,1,CHARQUI,4211,5,00,KILOGRAMO,12,1,0,00, , , , ,3,00,2,00, 
2021,23,TACNA,01,TACNA,07,PALCA,19225,00110,11,1,2,6,20.232905982906,1,0,1,"5,6", ,1,CHARQUI,4211,10,00,KILOGRAMO,12,1,0,00, , , , ,10,00,0,00, 
2021,23,TACNA,01,TACNA,07,PALCA,19226,00145,9,1,2,6,18.7876984126984,1,1,1,3,3,1,QUESO,4208,4,00,KILOGRAMO,12,1,0,00, , , , ,4,00,0,00, 
2021,23,TACNA,01,TACNA,07,PALCA,19226,00216,13,1,2,6,18.7876984126984,1,1,1,3,3,1,QUESO,4208,5,00,KILOGRAMO,12,1,0,00, , , , ,5,00,0,00, 
2021,23,TACNA,01,TACNA,08,POCOLLAY,19231,00038,6,1,1,3,19.6190476190476,1,1,1,3,3,1,QUESO,4208,15,00,KILOGRAMO,12,1,0,00, , , , ,15,00,0,00, 
2021,23,TACNA,01,TACNA,01,TACNA,19250,00109,9,1,1,3,21.1282051282051,1,1,1,3, ,1,CHARQUI,4211,5,00,KILOGRAMO,12,1,0,00, , , , ,5,00,0,00, 
2021,23,TACNA,01,TACNA,01,TACNA,19256,00241,14,1,1,3,21.5384615384615,1,1,1,2, ,1,CHARQUI,4211,4,00,KILOGRAMO,12,1,0,00, , , , ,4,00,0,00, 
