ANIO,CCDD,NOMBREDD,CCPP,NOMBREPV,CCDI,NOMBREDI,CONGLOMERADO,NSELUA,UA,RESFIN,REGION,DOMINIO,FACTOR,CODIGO,P101A,P102_1,P102_2,P102_3,P1202B_N,P1202B_DEP_COD,P1202B_DEP,P1202B_PROV_COD,P1202B_PROV,P1202B_DIST_COD,P1202B_DIST,P1202B_CANT,OMICAP1200A
2021,24,TUMBES,02,CONTRALMIRANTE VILLAR,01,ZORRITOS,00002,00027,3,1,1,1,11.9090909090909,1, ,0,1,0,1,24,TUMBES,02,CONTRALMIRANTE VILLAR,02,CASITAS,1, 
2021,24,TUMBES,02,CONTRALMIRANTE VILLAR,01,ZORRITOS,00002,00061,8,1,1,1,11.9090909090909,1, ,0,1,0,1,24,TUMBES,01,TUMBES,02,CORRALES,1, 
2021,24,TUMBES,02,CONTRALMIRANTE VILLAR,01,ZORRITOS,00002,00084,10,1,1,1,11.9090909090909,1, ,0,1,0,1,24,TUMBES,02,CONTRALMIRANTE VILLAR,02,CASITAS,1, 
2021,24,TUMBES,02,CONTRALMIRANTE VILLAR,01,ZORRITOS,00002,00120,14,1,1,1,11.9090909090909,1, ,0,1,0,1,24,TUMBES,02,CONTRALMIRANTE VILLAR,02,CASITAS,1, 
2021,24,TUMBES,01,TUMBES,03,LA CRUZ,00007,00039,6,1,1,1,8.23015873015873,1, ,1,0,0,1,24,TUMBES,01,TUMBES,02,CORRALES,2, 
2021,24,TUMBES,01,TUMBES,02,CORRALES,00008,00102,12,1,1,1,8.23015873015873,1, ,1,1,0,1,24,TUMBES,03,ZARUMILLA,01,ZARUMILLA,1, 
2021,24,TUMBES,01,TUMBES,02,CORRALES,00010,00036,4,1,1,1,9.60185185185185,1, ,1,1,0,1,24,TUMBES,01,TUMBES,01,TUMBES,1, 
2021,24,TUMBES,01,TUMBES,02,CORRALES,00010,00049,7,1,1,1,9.60185185185185,1, ,1,1,0,1,24,TUMBES,01,TUMBES,01,TUMBES,1, 
2021,24,TUMBES,01,TUMBES,02,CORRALES,00013,00034,4,1,1,1,10.9090909090909,1, ,1,0,0,1,24,TUMBES,01,TUMBES,05,SAN JACINTO,8, 
2021,24,TUMBES,01,TUMBES,02,CORRALES,00014,00019,3,1,1,1,9.60185185185185,1, ,1,0,0,1,24,TUMBES,01,TUMBES,02,CORRALES,3, 
2021,24,TUMBES,01,TUMBES,02,CORRALES,00015,00062,9,1,1,1,9.60185185185185,1, ,1,0,0,1,24,TUMBES,01,TUMBES,03,LA CRUZ,3, 
2021,24,TUMBES,01,TUMBES,02,CORRALES,00015,00072,10,1,1,1,9.60185185185185,1, ,1,0,0,1,24,TUMBES,01,TUMBES,01,TUMBES,1, 
2021,24,TUMBES,01,TUMBES,02,CORRALES,00016,00002,1,1,1,1,8.23015873015873,1, ,1,0,0,1,24,TUMBES,01,TUMBES,01,TUMBES,1, 
2021,24,TUMBES,01,TUMBES,02,CORRALES,00016,00002,1,1,1,1,8.23015873015873,1, ,1,0,0,2,24,TUMBES,03,ZARUMILLA,01,ZARUMILLA,1, 
2021,24,TUMBES,01,TUMBES,02,CORRALES,00016,00005,2,1,1,1,8.23015873015873,1, ,1,0,0,1,24,TUMBES,01,TUMBES,01,TUMBES,1, 
2021,24,TUMBES,01,TUMBES,02,CORRALES,00016,00018,3,1,1,1,8.23015873015873,1, ,1,1,0,1,24,TUMBES,03,ZARUMILLA,01,ZARUMILLA,1, 
2021,24,TUMBES,01,TUMBES,02,CORRALES,00016,00089,14,1,1,1,8.23015873015873,1, ,1,0,0,1,24,TUMBES,01,TUMBES,01,TUMBES,1, 
2021,24,TUMBES,01,TUMBES,02,CORRALES,00018,00034,8,1,1,1,8.23015873015873,1, ,1,0,0,1,24,TUMBES,03,ZARUMILLA,01,ZARUMILLA,1, 
2021,24,TUMBES,01,TUMBES,02,CORRALES,00018,00074,13,1,1,1,8.23015873015873,1, ,1,0,0,1,24,TUMBES,01,TUMBES,01,TUMBES,1, 
2021,24,TUMBES,01,TUMBES,02,CORRALES,00018,00076,14,1,1,1,8.23015873015873,1, ,1,1,0,1,24,TUMBES,01,TUMBES,03,LA CRUZ,2, 
2021,24,TUMBES,01,TUMBES,02,CORRALES,00019,00056,8,1,1,1,8.86324786324786,1, ,1,0,0,1,24,TUMBES,01,TUMBES,01,TUMBES,1, 
2021,24,TUMBES,01,TUMBES,02,CORRALES,00021,00033,7,1,1,1,8.23015873015873,1, ,1,1,0,1,24,TUMBES,01,TUMBES,02,CORRALES,1, 
2021,24,TUMBES,01,TUMBES,02,CORRALES,00021,00055,9,1,1,1,8.23015873015873,1, ,1,1,0,1,24,TUMBES,03,ZARUMILLA,04,PAPAYAL,1, 
2021,24,TUMBES,01,TUMBES,01,TUMBES,00025,00052,12,1,1,1,10.4747474747475,1, ,1,0,0,1,24,TUMBES,01,TUMBES,01,TUMBES,1, 
2021,24,TUMBES,01,TUMBES,01,TUMBES,00026,00041,4,1,1,1,9.61538461538462,1, ,1,0,0,1,24,TUMBES,03,ZARUMILLA,04,PAPAYAL,1, 
2021,24,TUMBES,01,TUMBES,01,TUMBES,00026,00056,7,1,1,1,9.61538461538462,1, ,1,0,0,1,24,TUMBES,03,ZARUMILLA,01,ZARUMILLA,1, 
2021,24,TUMBES,01,TUMBES,01,TUMBES,00026,00060,8,1,1,1,9.61538461538462,1, ,1,1,0,2,24,TUMBES,01,TUMBES,02,CORRALES,1, 
2021,24,TUMBES,01,TUMBES,01,TUMBES,00026,00060,8,1,1,1,9.61538461538462,1, ,1,1,0,1,24,TUMBES,01,TUMBES,06,SAN JUAN DE LA VIRGEN,2, 
2021,24,TUMBES,01,TUMBES,01,TUMBES,00029,00035,5,1,1,1,10.5,1, ,1,0,0,1,24,TUMBES,01,TUMBES,02,CORRALES,1, 
2021,24,TUMBES,01,TUMBES,01,TUMBES,00029,00067,9,1,1,1,10.5,1, ,1,0,0,1,24,TUMBES,01,TUMBES,02,CORRALES,1, 
2021,24,TUMBES,01,TUMBES,01,TUMBES,00029,00077,10,1,1,1,10.5,1, ,1,0,0,1,24,TUMBES,03,ZARUMILLA,03,MATAPALO,1, 
2021,24,TUMBES,01,TUMBES,06,SAN JUAN DE LA VIRGEN,00030,00015,2,1,1,1,8.23015873015873,1, ,1,0,0,1,24,TUMBES,01,TUMBES,02,CORRALES,1, 
2021,24,TUMBES,01,TUMBES,06,SAN JUAN DE LA VIRGEN,00032,00071,8,1,1,1,10.2307692307692,1, ,1,0,0,2,24,TUMBES,01,TUMBES,04,PAMPAS DE HOSPITAL,1, 
2021,24,TUMBES,01,TUMBES,05,SAN JACINTO,00034,00001,1,1,1,1,11.5222222222222,1, ,1,1,0,1,24,TUMBES,01,TUMBES,02,CORRALES,1, 
2021,24,TUMBES,01,TUMBES,05,SAN JACINTO,00034,00019,3,1,1,1,11.5222222222222,1, ,1,1,0,1,24,TUMBES,01,TUMBES,02,CORRALES,2, 
2021,24,TUMBES,01,TUMBES,05,SAN JACINTO,00034,00028,4,1,1,1,11.5222222222222,1, ,0,0,1,1,24,TUMBES,01,TUMBES,06,SAN JUAN DE LA VIRGEN,1, 
2021,24,TUMBES,01,TUMBES,05,SAN JACINTO,00034,00030,5,1,1,1,11.5222222222222,1, ,1,0,0,1,24,TUMBES,01,TUMBES,02,CORRALES,1, 
2021,24,TUMBES,01,TUMBES,05,SAN JACINTO,00039,00008,1,1,1,1,8.28571428571428,1, ,1,1,0,1,24,TUMBES,01,TUMBES,06,SAN JUAN DE LA VIRGEN,1, 
2021,24,TUMBES,01,TUMBES,05,SAN JACINTO,00039,00052,7,1,1,1,8.28571428571428,1, ,1,0,0,1,24,TUMBES,01,TUMBES,04,PAMPAS DE HOSPITAL,1, 
2021,24,TUMBES,01,TUMBES,05,SAN JACINTO,00039,00068,9,1,1,1,8.28571428571428,1, ,1,1,0,1,24,TUMBES,01,TUMBES,04,PAMPAS DE HOSPITAL,1, 
2021,24,TUMBES,01,TUMBES,05,SAN JACINTO,00039,00076,10,1,1,1,8.28571428571428,1, ,1,1,0,1,24,TUMBES,01,TUMBES,06,SAN JUAN DE LA VIRGEN,1, 
2021,24,TUMBES,01,TUMBES,05,SAN JACINTO,00040,00014,2,1,1,1,9.21428571428572,1, ,1,0,0,1,24,TUMBES,01,TUMBES,01,TUMBES,1, 
2021,24,TUMBES,01,TUMBES,05,SAN JACINTO,00042,00099,7,1,1,1,15.3076923076923,1, ,1,1,0,1,24,TUMBES,01,TUMBES,04,PAMPAS DE HOSPITAL,1, 
2021,24,TUMBES,01,TUMBES,05,SAN JACINTO,00042,00118,8,1,1,1,15.3076923076923,1, ,1,1,0,1,24,TUMBES,01,TUMBES,01,TUMBES,1, 
2021,24,TUMBES,01,TUMBES,05,SAN JACINTO,00044,00001,1,1,1,1,8.86324786324786,1, ,1,1,0,1,24,TUMBES,01,TUMBES,04,PAMPAS DE HOSPITAL,1, 
2021,24,TUMBES,01,TUMBES,05,SAN JACINTO,00044,00031,4,1,1,1,8.86324786324786,1, ,1,0,0,1,24,TUMBES,01,TUMBES,04,PAMPAS DE HOSPITAL,1, 
2021,24,TUMBES,01,TUMBES,04,PAMPAS DE HOSPITAL,00045,00033,3,1,1,1,10.5384615384615,1, ,1,0,0,1,24,TUMBES,01,TUMBES,01,TUMBES,1, 
2021,24,TUMBES,01,TUMBES,04,PAMPAS DE HOSPITAL,00045,00106,11,1,1,1,10.5384615384615,1, ,1,0,0,1,24,TUMBES,01,TUMBES,05,SAN JACINTO,1, 
2021,24,TUMBES,01,TUMBES,04,PAMPAS DE HOSPITAL,00050,00037,6,1,1,1,9.60185185185185,1, ,1,0,0,1,24,TUMBES,01,TUMBES,06,SAN JUAN DE LA VIRGEN,1, 
2021,24,TUMBES,01,TUMBES,04,PAMPAS DE HOSPITAL,00050,00070,10,1,1,1,9.60185185185185,1, ,1,1,0,1,24,TUMBES,01,TUMBES,06,SAN JUAN DE LA VIRGEN,1, 
2021,24,TUMBES,01,TUMBES,04,PAMPAS DE HOSPITAL,00053,00076,11,1,1,1,8.23015873015873,1, ,1,0,0,1,24,TUMBES,01,TUMBES,05,SAN JACINTO,1, 
2021,24,TUMBES,01,TUMBES,04,PAMPAS DE HOSPITAL,00054,00101,12,1,1,1,10.2307692307692,1, ,1,0,0,1,24,TUMBES,01,TUMBES,05,SAN JACINTO,1, 
2021,24,TUMBES,03,ZARUMILLA,02,AGUAS VERDES,00056,00028,3,1,1,1,10.5,1, ,1,1,0,1,24,TUMBES,03,ZARUMILLA,01,ZARUMILLA,1, 
2021,24,TUMBES,03,ZARUMILLA,02,AGUAS VERDES,00057,00117,12,1,1,1,10.2857142857143,1, ,1,0,0,1,24,TUMBES,03,ZARUMILLA,04,PAPAYAL,1, 
2021,24,TUMBES,03,ZARUMILLA,02,AGUAS VERDES,00058,00016,3,1,1,1,9.14285714285714,1, ,1,0,0,1,24,TUMBES,03,ZARUMILLA,04,PAPAYAL,1, 
2021,24,TUMBES,03,ZARUMILLA,02,AGUAS VERDES,00058,00030,4,1,1,1,9.14285714285714,1, ,1,0,0,1,24,TUMBES,03,ZARUMILLA,04,PAPAYAL,1, 
2021,24,TUMBES,03,ZARUMILLA,02,AGUAS VERDES,00060,00066,9,1,1,1,8.86324786324786,1, ,1,1,0,1,24,TUMBES,03,ZARUMILLA,03,MATAPALO,1, 
2021,24,TUMBES,03,ZARUMILLA,02,AGUAS VERDES,00060,00085,12,1,1,1,8.86324786324786,1, ,1,1,0,1,24,TUMBES,01,TUMBES,01,TUMBES,1, 
2021,24,TUMBES,03,ZARUMILLA,04,PAPAYAL,00065,00024,2,1,1,1,11.3636363636364,1, ,1,0,0,1,24,TUMBES,01,TUMBES,03,LA CRUZ,1, 
2021,24,TUMBES,03,ZARUMILLA,04,PAPAYAL,00065,00106,13,1,1,1,11.3636363636364,1, ,1,0,0,1,24,TUMBES,01,TUMBES,02,CORRALES,1, 
2021,24,TUMBES,03,ZARUMILLA,03,MATAPALO,00070,00129,13,1,1,1,11.1428571428571,1, ,1,1,0,1,24,TUMBES,03,ZARUMILLA,04,PAPAYAL,1, 
2021,20,PIURA,05,PAITA,06,TAMARINDO,00083,00075,9,1,1,1,138.076923076923,1, ,1,0,0,1,20,PIURA,06,SULLANA,03,IGNACIO ESCUDERO,1, 
2021,20,PIURA,05,PAITA,05,LA HUACA,00088,00005,2,1,1,1,128.214285714286,1, ,1,1,0,1,20,PIURA,06,SULLANA,06,MIGUEL CHECA,1, 
2021,20,PIURA,05,PAITA,05,LA HUACA,00092,00003,1,1,1,1,138.076923076923,1, ,1,0,0,1,20,PIURA,05,PAITA,02,AMOTAPE,1, 
2021,20,PIURA,06,SULLANA,05,MARCAVELICA,00130,00147,8,1,1,1,199.444444444444,1, ,1,1,0,1,20,PIURA,06,SULLANA,01,SULLANA,1, 
2021,20,PIURA,06,SULLANA,05,MARCAVELICA,00143,00033,4,1,1,1,128.214285714286,1, ,1,1,0,1,20,PIURA,06,SULLANA,05,MARCAVELICA,1, 
2021,20,PIURA,06,SULLANA,05,MARCAVELICA,00143,00070,8,1,1,1,128.214285714286,1, ,1,1,0,1,20,PIURA,02,AYABACA,01,AYABACA,1, 
2021,20,PIURA,06,SULLANA,04,LANCONES,00161,00055,7,1,1,1,128.214285714286,1, ,1,1,0,1,20,PIURA,06,SULLANA,01,SULLANA,1, 
2021,20,PIURA,06,SULLANA,01,SULLANA,00237,00103,8,1,1,1,138.076923076923,1, ,1,1,0,1,20,PIURA,06,SULLANA,04,LANCONES,1, 
2021,20,PIURA,02,AYABACA,01,AYABACA,00286,00076,7,1,2,4,74.6071428571429,1, ,1,1,0,1,20,PIURA,02,AYABACA,09,SICCHEZ,1, 
2021,20,PIURA,02,AYABACA,01,AYABACA,00340,00015,2,1,2,4,80.3461538461539,1, ,1,1,0,1,20,PIURA,02,AYABACA,06,PACAIPAMPA,1, 
2021,20,PIURA,02,AYABACA,07,PAIMAS,00372,00108,9,1,1,1,128.214285714286,1, ,1,1,0,1,20,PIURA,01,PIURA,11,LAS LOMAS,1, 
2021,20,PIURA,02,AYABACA,07,PAIMAS,00372,00169,14,1,1,1,128.214285714286,1, ,1,1,0,1,20,PIURA,02,AYABACA,05,MONTERO,1, 
2021,20,PIURA,02,AYABACA,04,LAGUNAS,00408,00009,2,1,2,4,80.3461538461538,1, ,1,1,0,1,20,PIURA,02,AYABACA,06,PACAIPAMPA,1, 
2021,20,PIURA,03,HUANCABAMBA,01,HUANCABAMBA,00519,00002,1,1,2,4,74.6071428571429,1, ,1,1,0,1,20,PIURA,03,HUANCABAMBA,07,SONDOR,1, 
2021,20,PIURA,03,HUANCABAMBA,01,HUANCABAMBA,00519,00005,2,1,2,4,74.6071428571429,1, ,1,1,0,1,20,PIURA,03,HUANCABAMBA,07,SONDOR,1, 
2021,20,PIURA,03,HUANCABAMBA,01,HUANCABAMBA,00519,00026,5,1,2,4,74.6071428571429,1, ,1,1,0,1,20,PIURA,03,HUANCABAMBA,07,SONDOR,2, 
2021,20,PIURA,03,HUANCABAMBA,01,HUANCABAMBA,00519,00101,12,1,2,4,74.6071428571429,1, ,1,1,0,1,20,PIURA,03,HUANCABAMBA,07,SONDOR,1, 
2021,20,PIURA,03,HUANCABAMBA,03,EL CARMEN DE LA FRONTERA,00544,00009,2,1,2,4,74.6071428571429,1, ,1,1,0,1,20,PIURA,03,HUANCABAMBA,01,HUANCABAMBA,1, 
2021,20,PIURA,03,HUANCABAMBA,03,EL CARMEN DE LA FRONTERA,00545,00041,6,1,2,4,74.6071428571428,1, ,1,1,0,1,20,PIURA,02,AYABACA,01,AYABACA,1, 
2021,20,PIURA,03,HUANCABAMBA,03,EL CARMEN DE LA FRONTERA,00545,00049,7,1,2,4,74.6071428571428,1, ,1,1,0,1,20,PIURA,03,HUANCABAMBA,01,HUANCABAMBA,1, 
2021,20,PIURA,03,HUANCABAMBA,08,SONDORILLO,00580,00017,4,1,2,4,74.6071428571429,1, ,1,1,0,1,20,PIURA,03,HUANCABAMBA,06,SAN MIGUEL DE EL FAIQUE,1, 
2021,20,PIURA,03,HUANCABAMBA,08,SONDORILLO,00596,00016,2,1,2,4,74.6071428571429,1, ,1,1,0,1,20,PIURA,03,HUANCABAMBA,06,SAN MIGUEL DE EL FAIQUE,1, 
2021,20,PIURA,03,HUANCABAMBA,08,SONDORILLO,00596,00049,6,1,2,4,74.6071428571429,1, ,1,1,0,1,20,PIURA,03,HUANCABAMBA,06,SAN MIGUEL DE EL FAIQUE,1, 
2021,20,PIURA,03,HUANCABAMBA,08,SONDORILLO,00596,00094,11,1,2,4,74.6071428571429,1, ,1,1,0,1,20,PIURA,03,HUANCABAMBA,06,SAN MIGUEL DE EL FAIQUE,1, 
2021,20,PIURA,04,MORROPON,01,CHULUCANAS,00749,00067,8,1,1,1,128.214285714286,1, ,1,0,0,1,20,PIURA,04,MORROPON,06,SALITRAL,1, 
2021,20,PIURA,04,MORROPON,01,CHULUCANAS,00749,00089,10,1,1,1,128.214285714286,1, ,1,1,0,1,20,PIURA,01,PIURA,01,PIURA,1, 
2021,20,PIURA,04,MORROPON,03,CHALACO,00830,00035,4,1,2,4,74.6071428571429,1, ,1,1,0,1,20,PIURA,04,MORROPON,09,SANTO DOMINGO,2, 
2021,20,PIURA,04,MORROPON,02,BUENOS AIRES,00910,00057,9,1,1,1,128.214285714286,1, ,1,1,0,1,20,PIURA,04,MORROPON,06,SALITRAL,1, 
2021,20,PIURA,04,MORROPON,02,BUENOS AIRES,00910,00072,12,1,1,1,128.214285714286,1, ,1,0,0,1,20,PIURA,04,MORROPON,06,SALITRAL,1, 
2021,20,PIURA,04,MORROPON,06,SALITRAL,00924,00042,4,1,1,1,138.076923076923,1, ,1,1,0,1,20,PIURA,03,HUANCABAMBA,04,HUARMACA,3, 
2021,20,PIURA,04,MORROPON,06,SALITRAL,00924,00112,14,1,1,1,138.076923076923,1, ,1,1,0,1,20,PIURA,04,MORROPON,07,SAN JUAN DE BIGOTE,2, 
2021,20,PIURA,01,PIURA,14,TAMBO GRANDE,00972,00094,10,1,1,1,128.214285714286,1, ,1,0,0,1,20,PIURA,06,SULLANA,03,IGNACIO ESCUDERO,3, 
2021,20,PIURA,01,PIURA,05,CATACAOS,01079,00044,5,1,1,1,128.214285714286,1, ,1,1,0,1,20,PIURA,01,PIURA,01,PIURA,1, 
2021,20,PIURA,01,PIURA,05,CATACAOS,01079,00098,11,1,1,1,128.214285714286,1, ,1,1,0,1,20,PIURA,01,PIURA,05,CATACAOS,1, 
2021,20,PIURA,01,PIURA,09,LA ARENA,01126,00058,6,1,1,1,128.214285714286,1, ,1,1,0,1,20,PIURA,01,PIURA,09,LA ARENA,1, 
2021,20,PIURA,01,PIURA,08,EL TALLAN,01184,00068,9,1,1,1,128.214285714286,1, ,1,1,0,1,20,PIURA,01,PIURA,10,LA UNION,1, 
2021,20,PIURA,01,PIURA,08,EL TALLAN,01184,00090,12,1,1,1,128.214285714286,1, ,1,1,0,1,20,PIURA,01,PIURA,14,TAMBO GRANDE,1, 
2021,20,PIURA,01,PIURA,10,LA UNION,01193,00023,4,1,1,1,128.214285714286,1, ,1,0,0,1,20,PIURA,01,PIURA,08,EL TALLAN,1, 
2021,20,PIURA,01,PIURA,10,LA UNION,01221,00012,1,1,1,1,138.076923076923,1, ,1,1,0,1,20,PIURA,01,PIURA,08,EL TALLAN,1, 
2021,20,PIURA,01,PIURA,10,LA UNION,01221,00021,3,1,1,1,138.076923076923,1, ,1,1,0,1,20,PIURA,01,PIURA,08,EL TALLAN,1, 
2021,20,PIURA,01,PIURA,10,LA UNION,01221,00041,5,1,1,1,138.076923076923,1, ,1,1,0,1,20,PIURA,01,PIURA,08,EL TALLAN,1, 
2021,20,PIURA,01,PIURA,10,LA UNION,01221,00049,6,1,1,1,138.076923076923,1, ,1,1,0,1,20,PIURA,01,PIURA,01,PIURA,1, 
2021,20,PIURA,01,PIURA,10,LA UNION,01221,00054,7,1,1,1,138.076923076923,1, ,1,1,0,1,20,PIURA,01,PIURA,09,LA ARENA,1, 
2021,20,PIURA,08,SECHURA,03,BERNAL,01270,00091,9,1,1,1,138.076923076923,1, ,1,0,0,1,20,PIURA,08,SECHURA,02,BELLAVISTA DE LA UNION,1, 
2021,20,PIURA,08,SECHURA,06,RINCONADA LLICUAR,01286,00002,1,1,1,1,128.214285714286,1, ,1,1,0,1,20,PIURA,08,SECHURA,03,BERNAL,3, 
2021,20,PIURA,08,SECHURA,06,RINCONADA LLICUAR,01286,00013,2,1,1,1,128.214285714286,1, ,1,1,0,1,20,PIURA,08,SECHURA,04,CRISTO NOS VALGA,1, 
2021,20,PIURA,08,SECHURA,06,RINCONADA LLICUAR,01286,00037,5,1,1,1,128.214285714286,1, ,1,1,0,1,20,PIURA,08,SECHURA,03,BERNAL,1, 
2021,20,PIURA,08,SECHURA,06,RINCONADA LLICUAR,01286,00122,12,1,1,1,128.214285714286,1, ,1,1,0,1,20,PIURA,08,SECHURA,03,BERNAL,2, 
2021,14,LAMBAYEQUE,03,LAMBAYEQUE,08,OLMOS,01306,00125,13,1,1,1,58.8658008658009,1, ,1,1,0,1,14,LAMBAYEQUE,03,LAMBAYEQUE,04,JAYANCA,1, 
2021,14,LAMBAYEQUE,03,LAMBAYEQUE,10,SALAS,01346,00051,6,1,1,1,58.8658008658009,1, ,1,0,0,1,14,LAMBAYEQUE,03,LAMBAYEQUE,07,MOTUPE,1, 
2021,14,LAMBAYEQUE,03,LAMBAYEQUE,04,JAYANCA,01367,00013,1,1,1,1,63.3939393939394,1, ,1,1,0,2,14,LAMBAYEQUE,03,LAMBAYEQUE,04,JAYANCA,1, 
2021,14,LAMBAYEQUE,03,LAMBAYEQUE,04,JAYANCA,01367,00013,1,1,1,1,63.3939393939394,1, ,1,1,0,1,14,LAMBAYEQUE,03,LAMBAYEQUE,10,SALAS,1, 
2021,14,LAMBAYEQUE,03,LAMBAYEQUE,03,ILLIMO,01402,00052,7,1,1,1,58.8658008658009,1, ,1,0,0,1,14,LAMBAYEQUE,03,LAMBAYEQUE,12,TUCUME,1, 
2021,14,LAMBAYEQUE,03,LAMBAYEQUE,03,ILLIMO,01402,00070,9,1,1,1,58.8658008658009,1, ,1,1,0,1,14,LAMBAYEQUE,03,LAMBAYEQUE,09,PACORA,1, 
2021,14,LAMBAYEQUE,03,LAMBAYEQUE,03,ILLIMO,01402,00072,10,1,1,1,58.8658008658009,1, ,1,1,0,1,14,LAMBAYEQUE,03,LAMBAYEQUE,05,MOCHUMI,1, 
2021,14,LAMBAYEQUE,03,LAMBAYEQUE,03,ILLIMO,01402,00080,11,1,1,1,58.8658008658009,1, ,1,0,0,1,14,LAMBAYEQUE,03,LAMBAYEQUE,01,LAMBAYEQUE,1, 
2021,14,LAMBAYEQUE,03,LAMBAYEQUE,03,ILLIMO,01411,00069,14,1,1,1,58.8658008658009,1, ,1,1,0,1,14,LAMBAYEQUE,03,LAMBAYEQUE,12,TUCUME,1, 
2021,14,LAMBAYEQUE,03,LAMBAYEQUE,12,TUCUME,01420,00090,10,1,1,1,58.8658008658009,1, ,1,1,0,1,14,LAMBAYEQUE,03,LAMBAYEQUE,06,MORROPE,1, 
2021,14,LAMBAYEQUE,03,LAMBAYEQUE,12,TUCUME,01431,00019,4,1,1,1,58.8658008658009,1, ,1,0,0,1,14,LAMBAYEQUE,03,LAMBAYEQUE,05,MOCHUMI,1, 
2021,14,LAMBAYEQUE,03,LAMBAYEQUE,12,TUCUME,01431,00041,7,1,1,1,58.8658008658009,1, ,1,0,0,1,14,LAMBAYEQUE,03,LAMBAYEQUE,05,MOCHUMI,1, 
2021,14,LAMBAYEQUE,03,LAMBAYEQUE,12,TUCUME,01431,00073,13,1,1,1,58.8658008658009,1, ,1,0,0,1,14,LAMBAYEQUE,03,LAMBAYEQUE,09,PACORA,2, 
2021,14,LAMBAYEQUE,03,LAMBAYEQUE,12,TUCUME,01441,00033,5,1,1,1,58.8658008658009,1, ,1,1,0,1,14,LAMBAYEQUE,03,LAMBAYEQUE,05,MOCHUMI,1, 
2021,14,LAMBAYEQUE,03,LAMBAYEQUE,06,MORROPE,01485,00066,9,1,1,1,58.8658008658009,1, ,1,0,0,1,14,LAMBAYEQUE,03,LAMBAYEQUE,12,TUCUME,1, 
2021,14,LAMBAYEQUE,03,LAMBAYEQUE,06,MORROPE,01502,00092,9,1,1,1,63.3939393939394,1, ,1,1,0,1,14,LAMBAYEQUE,03,LAMBAYEQUE,05,MOCHUMI,1, 
2021,14,LAMBAYEQUE,03,LAMBAYEQUE,06,MORROPE,01505,00013,2,1,1,1,68.6767676767677,1, ,1,1,0,1,14,LAMBAYEQUE,03,LAMBAYEQUE,05,MOCHUMI,3, 
2021,14,LAMBAYEQUE,03,LAMBAYEQUE,05,MOCHUMI,01525,00062,8,1,1,1,63.3939393939394,1, ,1,0,0,1,14,LAMBAYEQUE,03,LAMBAYEQUE,12,TUCUME,1, 
2021,14,LAMBAYEQUE,03,LAMBAYEQUE,01,LAMBAYEQUE,01547,00007,1,1,1,1,58.8658008658009,1, ,1,1,0,1,14,LAMBAYEQUE,03,LAMBAYEQUE,05,MOCHUMI,1, 
2021,14,LAMBAYEQUE,03,LAMBAYEQUE,01,LAMBAYEQUE,01548,00015,2,1,1,1,58.8658008658009,1, ,1,1,0,1,14,LAMBAYEQUE,03,LAMBAYEQUE,05,MOCHUMI,1, 
2021,14,LAMBAYEQUE,03,LAMBAYEQUE,01,LAMBAYEQUE,01572,00047,5,1,1,1,82.4121212121212,1, ,1,1,0,1,14,LAMBAYEQUE,03,LAMBAYEQUE,12,TUCUME,1, 
2021,14,LAMBAYEQUE,02,FERREÑAFE,02,CAÑARIS,01591,00022,2,1,2,4,27.1309523809524,1, ,1,1,0,1,14,LAMBAYEQUE,03,LAMBAYEQUE,10,SALAS,1, 
2021,14,LAMBAYEQUE,02,FERREÑAFE,02,CAÑARIS,01591,00041,5,1,2,4,27.1309523809524,1, ,1,1,0,1,14,LAMBAYEQUE,02,FERREÑAFE,01,FERREÑAFE,1, 
2021,14,LAMBAYEQUE,02,FERREÑAFE,02,CAÑARIS,01599,00070,10,1,2,4,29.2179487179487,1, ,1,1,0,1,14,LAMBAYEQUE,02,FERREÑAFE,03,INCAHUASI,1, 
2021,14,LAMBAYEQUE,02,FERREÑAFE,02,CAÑARIS,01602,00084,10,1,2,4,27.1309523809524,1, ,1,0,0,1,14,LAMBAYEQUE,02,FERREÑAFE,02,CAÑARIS,1, 
2021,14,LAMBAYEQUE,02,FERREÑAFE,03,INCAHUASI,01623,00037,3,1,2,4,27.1309523809524,1, ,1,0,0,1,14,LAMBAYEQUE,02,FERREÑAFE,05,PITIPO,1, 
2021,14,LAMBAYEQUE,02,FERREÑAFE,05,PITIPO,01648,00084,10,1,1,1,58.8658008658009,1, ,1,1,0,1,14,LAMBAYEQUE,03,LAMBAYEQUE,04,JAYANCA,1, 
2021,14,LAMBAYEQUE,02,FERREÑAFE,05,PITIPO,01653,00073,10,1,1,1,58.8658008658009,1, ,1,1,0,1,14,LAMBAYEQUE,03,LAMBAYEQUE,04,JAYANCA,1, 
2021,14,LAMBAYEQUE,02,FERREÑAFE,04,MANUEL ANTONIO MESONES MURO,01676,00025,3,1,1,1,58.8658008658009,1, ,1,0,0,1,14,LAMBAYEQUE,02,FERREÑAFE,06,PUEBLO NUEVO,1, 
2021,14,LAMBAYEQUE,02,FERREÑAFE,04,MANUEL ANTONIO MESONES MURO,01676,00048,5,1,1,1,58.8658008658009,1, ,1,0,0,1,14,LAMBAYEQUE,02,FERREÑAFE,01,FERREÑAFE,3, 
2021,14,LAMBAYEQUE,02,FERREÑAFE,04,MANUEL ANTONIO MESONES MURO,01677,00086,13,1,1,1,68.6767676767677,1, ,1,0,0,2,14,LAMBAYEQUE,03,LAMBAYEQUE,01,LAMBAYEQUE,1, 
2021,14,LAMBAYEQUE,02,FERREÑAFE,04,MANUEL ANTONIO MESONES MURO,01677,00086,13,1,1,1,68.6767676767677,1, ,1,0,0,1,14,LAMBAYEQUE,03,LAMBAYEQUE,01,LAMBAYEQUE,1, 
2021,14,LAMBAYEQUE,02,FERREÑAFE,06,PUEBLO NUEVO,01690,00057,6,1,1,1,63.3939393939394,1, ,1,1,0,1,14,LAMBAYEQUE,02,FERREÑAFE,04,MANUEL ANTONIO MESONES MURO,1, 
2021,14,LAMBAYEQUE,01,CHICLAYO,10,OYOTUN,01719,00035,5,1,1,1,58.8658008658009,1, ,1,0,0,1,14,LAMBAYEQUE,01,CHICLAYO,09,NUEVA ARICA,1, 
2021,14,LAMBAYEQUE,01,CHICLAYO,01,CHICLAYO,01761,00099,12,1,1,1,63.3939393939394,1, ,1,0,0,1,14,LAMBAYEQUE,01,CHICLAYO,10,OYOTUN,1, 
2021,14,LAMBAYEQUE,01,CHICLAYO,01,CHICLAYO,01761,00116,13,1,1,1,63.3939393939394,1, ,0,0,1,1,14,LAMBAYEQUE,02,FERREÑAFE,04,MANUEL ANTONIO MESONES MURO,2, 
2021,14,LAMBAYEQUE,01,CHICLAYO,01,CHICLAYO,01761,00130,14,1,1,1,63.3939393939394,1, ,1,1,0,1,14,LAMBAYEQUE,01,CHICLAYO,17,PATAPO,1, 
2021,14,LAMBAYEQUE,01,CHICLAYO,08,MONSEFU,01784,00004,1,1,1,1,58.8658008658009,1, ,1,1,0,1,14,LAMBAYEQUE,01,CHICLAYO,06,LA VICTORIA,1, 
2021,14,LAMBAYEQUE,01,CHICLAYO,08,MONSEFU,01784,00015,3,1,1,1,58.8658008658009,1, ,1,0,0,1,14,LAMBAYEQUE,01,CHICLAYO,06,LA VICTORIA,1, 
2021,06,CAJAMARCA,09,SAN IGNACIO,06,SAN JOSÉ DE LOURDES,01889,00135,14,1,3,7,291.658163265306,1, ,1,1,0,1,06,CAJAMARCA,09,SAN IGNACIO,03,HUARANGO,1, 
2021,06,CAJAMARCA,08,JAEN,02,BELLAVISTA,02144,00111,14,1,3,7,314.093406593407,1, ,1,1,0,1,06,CAJAMARCA,09,SAN IGNACIO,03,HUARANGO,1, 
2021,06,CAJAMARCA,06,CUTERVO,07,QUEROCOTILLO,02264,00131,13,1,2,4,254.065178571429,1, ,1,1,0,1,06,CAJAMARCA,06,CUTERVO,01,CUTERVO,1, 
2021,06,CAJAMARCA,06,CUTERVO,11,SANTA CRUZ,02310,00048,5,1,2,4,273.608653846154,1, ,1,1,0,1,06,CAJAMARCA,06,CUTERVO,02,CALLAYUC,1, 
2021,06,CAJAMARCA,06,CUTERVO,11,SANTA CRUZ,02310,00129,14,1,2,4,273.608653846154,1, ,1,1,0,1,06,CAJAMARCA,06,CUTERVO,08,SAN ANDRES DE CUTERVO,1, 
2021,06,CAJAMARCA,06,CUTERVO,01,CUTERVO,02436,00062,5,1,2,4,254.065178571429,1, ,1,0,0,1,06,CAJAMARCA,08,JAEN,01,JAEN,1, 
2021,06,CAJAMARCA,06,CUTERVO,01,CUTERVO,02463,00054,7,1,2,4,296.409375,1, ,1,1,0,1,06,CAJAMARCA,04,CHOTA,09,HUAMBOS,1, 
2021,06,CAJAMARCA,04,CHOTA,09,HUAMBOS,02671,00004,1,1,2,4,254.065178571429,1, ,1,1,0,1,06,CAJAMARCA,13,SANTA CRUZ,04,CHANCAYBAÑOS,3, 
2021,06,CAJAMARCA,04,CHOTA,09,HUAMBOS,02671,00014,2,1,2,4,254.065178571429,1, ,1,1,0,1,06,CAJAMARCA,13,SANTA CRUZ,04,CHANCAYBAÑOS,1, 
2021,06,CAJAMARCA,04,CHOTA,09,HUAMBOS,02671,00017,3,1,2,4,254.065178571429,1, ,1,1,0,1,06,CAJAMARCA,13,SANTA CRUZ,04,CHANCAYBAÑOS,3, 
2021,06,CAJAMARCA,04,CHOTA,09,HUAMBOS,02671,00042,6,1,2,4,254.065178571429,1, ,1,1,0,1,06,CAJAMARCA,13,SANTA CRUZ,04,CHANCAYBAÑOS,1, 
2021,06,CAJAMARCA,04,CHOTA,09,HUAMBOS,02671,00055,7,1,2,4,254.065178571429,1, ,1,1,0,1,06,CAJAMARCA,13,SANTA CRUZ,04,CHANCAYBAÑOS,3, 
2021,06,CAJAMARCA,04,CHOTA,09,HUAMBOS,02671,00059,8,1,2,4,254.065178571429,1, ,1,1,0,1,06,CAJAMARCA,13,SANTA CRUZ,04,CHANCAYBAÑOS,1, 
2021,06,CAJAMARCA,04,CHOTA,09,HUAMBOS,02671,00063,9,1,2,4,254.065178571429,1, ,1,1,0,1,06,CAJAMARCA,13,SANTA CRUZ,04,CHANCAYBAÑOS,1, 
2021,06,CAJAMARCA,04,CHOTA,09,HUAMBOS,02671,00077,11,1,2,4,254.065178571429,1, ,1,1,0,1,06,CAJAMARCA,13,SANTA CRUZ,04,CHANCAYBAÑOS,1, 
2021,06,CAJAMARCA,04,CHOTA,09,HUAMBOS,02671,00084,13,1,2,4,254.065178571429,1, ,1,1,0,1,06,CAJAMARCA,13,SANTA CRUZ,04,CHANCAYBAÑOS,1, 
2021,06,CAJAMARCA,04,CHOTA,09,HUAMBOS,02671,00091,14,1,2,4,254.065178571429,1, ,1,1,0,1,06,CAJAMARCA,13,SANTA CRUZ,04,CHANCAYBAÑOS,1, 
2021,06,CAJAMARCA,04,CHOTA,01,CHOTA,02756,00042,4,1,2,4,254.065178571429,1, ,1,1,0,1,06,CAJAMARCA,04,CHOTA,08,CONCHAN,4, 
2021,06,CAJAMARCA,04,CHOTA,01,CHOTA,02756,00088,9,1,2,4,254.065178571429,1, ,1,1,0,1,06,CAJAMARCA,04,CHOTA,01,CHOTA,2, 
2021,06,CAJAMARCA,04,CHOTA,01,CHOTA,02756,00096,10,1,2,4,254.065178571429,1, ,1,1,0,1,06,CAJAMARCA,04,CHOTA,08,CONCHAN,1, 
2021,06,CAJAMARCA,04,CHOTA,04,CHIGUIRIP,02918,00060,8,1,2,4,254.065178571429,1, ,1,1,0,1,06,CAJAMARCA,04,CHOTA,01,CHOTA,1, 
2021,06,CAJAMARCA,04,CHOTA,04,CHIGUIRIP,02918,00075,11,1,2,4,254.065178571429,1, ,1,1,0,1,06,CAJAMARCA,04,CHOTA,01,CHOTA,1, 
2021,06,CAJAMARCA,04,CHOTA,04,CHIGUIRIP,02918,00080,12,1,2,4,254.065178571429,1, ,1,1,0,1,06,CAJAMARCA,04,CHOTA,08,CONCHAN,1, 
2021,06,CAJAMARCA,04,CHOTA,13,PACCHA,03058,00040,4,1,2,4,254.065178571429,1, ,1,1,0,1,06,CAJAMARCA,04,CHOTA,19,CHALAMARCA,1, 
2021,06,CAJAMARCA,07,HUALGAYOC,02,CHUGUR,03067,00001,1,1,2,4,254.065178571429,1, ,1,1,0,1,06,CAJAMARCA,13,SANTA CRUZ,09,SEXI,2, 
2021,06,CAJAMARCA,07,HUALGAYOC,02,CHUGUR,03067,00053,6,1,2,4,254.065178571429,1, ,1,1,0,1,06,CAJAMARCA,04,CHOTA,10,LAJAS,1, 
2021,06,CAJAMARCA,07,HUALGAYOC,02,CHUGUR,03067,00097,11,1,2,4,254.065178571429,1, ,1,1,0,1,06,CAJAMARCA,13,SANTA CRUZ,06,NINABAMBA,1, 
2021,06,CAJAMARCA,07,HUALGAYOC,02,CHUGUR,03074,00028,4,1,2,4,254.065178571429,1, ,1,1,0,1,06,CAJAMARCA,04,CHOTA,01,CHOTA,1, 
2021,06,CAJAMARCA,07,HUALGAYOC,02,CHUGUR,03074,00103,14,1,2,4,254.065178571429,1, ,1,1,0,1,06,CAJAMARCA,04,CHOTA,10,LAJAS,1, 
2021,06,CAJAMARCA,13,SANTA CRUZ,04,CHANCAYBAÑOS,03481,00101,10,1,2,4,296.409375,1, ,1,1,0,1,06,CAJAMARCA,04,CHOTA,07,COCHABAMBA,1, 
2021,06,CAJAMARCA,13,SANTA CRUZ,04,CHANCAYBAÑOS,03481,00108,11,1,2,4,296.409375,1, ,1,1,0,1,06,CAJAMARCA,04,CHOTA,07,COCHABAMBA,1, 
2021,06,CAJAMARCA,13,SANTA CRUZ,04,CHANCAYBAÑOS,03481,00140,14,1,2,4,296.409375,1, ,1,1,0,1,06,CAJAMARCA,04,CHOTA,07,COCHABAMBA,1, 
2021,06,CAJAMARCA,11,SAN MIGUEL,06,LA FLORIDA,03608,00107,10,1,1,1,90.375,1, ,1,1,0,1,06,CAJAMARCA,13,SANTA CRUZ,03,CATACHE,1, 
2021,06,CAJAMARCA,11,SAN MIGUEL,07,LLAPA,03650,00058,7,1,2,4,254.065178571429,1, ,1,1,0,1,06,CAJAMARCA,11,SAN MIGUEL,12,TONGOD,1, 
2021,06,CAJAMARCA,11,SAN MIGUEL,07,LLAPA,03650,00097,12,1,2,4,254.065178571429,1, ,1,0,0,1,06,CAJAMARCA,11,SAN MIGUEL,03,CALQUIS,1, 
2021,06,CAJAMARCA,11,SAN MIGUEL,11,SAN SILVESTRE DE COCHAN,03669,00023,4,1,2,4,296.409375,1, ,1,1,0,1,06,CAJAMARCA,12,SAN PABLO,04,TUMBADEN,1, 
2021,06,CAJAMARCA,11,SAN MIGUEL,01,SAN MIGUEL,03672,00027,3,1,2,4,254.065178571429,1, ,1,1,0,1,06,CAJAMARCA,11,SAN MIGUEL,01,SAN MIGUEL,1, 
2021,06,CAJAMARCA,11,SAN MIGUEL,08,NANCHOC,03732,00130,12,1,1,1,90.375,1, ,1,0,0,1,06,CAJAMARCA,11,SAN MIGUEL,09,NIEPOS,2, 
2021,06,CAJAMARCA,01,CAJAMARCA,01,CAJAMARCA,03919,00048,4,1,2,4,296.409375,1, ,1,0,0,1,06,CAJAMARCA,01,CAJAMARCA,05,ENCAÑADA,2, 
2021,06,CAJAMARCA,01,CAJAMARCA,01,CAJAMARCA,03919,00060,6,1,2,4,296.409375,1, ,1,1,0,1,06,CAJAMARCA,12,SAN PABLO,04,TUMBADEN,1, 
2021,06,CAJAMARCA,01,CAJAMARCA,01,CAJAMARCA,03919,00092,8,1,2,4,296.409375,1, ,1,1,0,1,06,CAJAMARCA,01,CAJAMARCA,03,CHETILLA,5, 
2021,06,CAJAMARCA,01,CAJAMARCA,01,CAJAMARCA,03930,00036,4,1,2,4,254.065178571429,1, ,0,0,1,1,06,CAJAMARCA,01,CAJAMARCA,06,JESUS,1, 
2021,06,CAJAMARCA,01,CAJAMARCA,01,CAJAMARCA,03930,00042,6,1,2,4,254.065178571429,1, ,1,0,0,1,06,CAJAMARCA,01,CAJAMARCA,09,MAGDALENA,1, 
2021,06,CAJAMARCA,01,CAJAMARCA,01,CAJAMARCA,03930,00068,8,1,2,4,254.065178571429,1, ,1,1,0,1,06,CAJAMARCA,01,CAJAMARCA,06,JESUS,1, 
2021,06,CAJAMARCA,01,CAJAMARCA,01,CAJAMARCA,03930,00073,9,1,2,4,254.065178571429,1, ,0,0,1,1, , ,01,CAJAMARCA,09,MAGDALENA,2, 
2021,06,CAJAMARCA,01,CAJAMARCA,05,ENCAÑADA,04047,00039,3,1,2,4,254.065178571429,1, ,1,1,0,1,06,CAJAMARCA,03,CELENDIN,03,CORTEGANA,1, 
2021,06,CAJAMARCA,01,CAJAMARCA,05,ENCAÑADA,04051,00069,10,1,2,4,273.608653846154,1, ,1,1,0,1,06,CAJAMARCA,01,CAJAMARCA,08,LOS BAÑOS DEL INCA,1, 
2021,06,CAJAMARCA,01,CAJAMARCA,05,ENCAÑADA,04072,00044,5,1,2,4,273.608653846154,1, ,1,1,0,1,06,CAJAMARCA,03,CELENDIN,09,SOROCHUCO,1, 
2021,06,CAJAMARCA,01,CAJAMARCA,05,ENCAÑADA,04072,00078,7,1,2,4,273.608653846154,1, ,1,1,0,1,06,CAJAMARCA,01,CAJAMARCA,08,LOS BAÑOS DEL INCA,1, 
2021,06,CAJAMARCA,01,CAJAMARCA,05,ENCAÑADA,04072,00110,10,1,2,4,273.608653846154,1, ,0,0,1,1,06,CAJAMARCA,01,CAJAMARCA,08,LOS BAÑOS DEL INCA,1, 
2021,06,CAJAMARCA,01,CAJAMARCA,05,ENCAÑADA,04072,00110,10,1,2,4,273.608653846154,1, ,0,0,1,2,06,CAJAMARCA,01,CAJAMARCA,01,CAJAMARCA,1, 
2021,06,CAJAMARCA,01,CAJAMARCA,05,ENCAÑADA,04072,00128,12,1,2,4,273.608653846154,1, ,1,1,0,1,06,CAJAMARCA,01,CAJAMARCA,01,CAJAMARCA,1, 
2021,06,CAJAMARCA,01,CAJAMARCA,05,ENCAÑADA,04138,00055,7,1,2,4,254.065178571429,1, ,1,1,0,1,06,CAJAMARCA,01,CAJAMARCA,11,NAMORA,1, 
2021,06,CAJAMARCA,01,CAJAMARCA,05,ENCAÑADA,04138,00105,11,1,2,4,254.065178571429,1, ,1,1,0,1,06,CAJAMARCA,01,CAJAMARCA,11,NAMORA,1, 
2021,06,CAJAMARCA,01,CAJAMARCA,07,LLACANORA,04223,00090,9,1,2,4,254.065178571429,1, ,1,1,0,1,06,CAJAMARCA,01,CAJAMARCA,11,NAMORA,1, 
2021,06,CAJAMARCA,01,CAJAMARCA,09,MAGDALENA,04243,00054,11,1,2,4,254.065178571429,1, ,1,1,0,1,06,CAJAMARCA,01,CAJAMARCA,09,MAGDALENA,2, 
2021,06,CAJAMARCA,01,CAJAMARCA,09,MAGDALENA,04243,00060,12,1,2,4,254.065178571429,1, ,1,1,0,1,06,CAJAMARCA,12,SAN PABLO,02,SAN BERNARDINO,5, 
2021,06,CAJAMARCA,01,CAJAMARCA,09,MAGDALENA,04257,00016,2,1,2,4,254.065178571429,1, ,1,1,0,1,06,CAJAMARCA,01,CAJAMARCA,02,ASUNCION,5, 
2021,06,CAJAMARCA,01,CAJAMARCA,09,MAGDALENA,04257,00036,4,1,2,4,254.065178571429,1, ,0,1,0,1,06,CAJAMARCA,01,CAJAMARCA,12,SAN JUAN,2, 
2021,06,CAJAMARCA,01,CAJAMARCA,09,MAGDALENA,04257,00056,7,1,2,4,254.065178571429,1, ,1,1,0,1,06,CAJAMARCA,01,CAJAMARCA,02,ASUNCION,2, 
2021,06,CAJAMARCA,01,CAJAMARCA,09,MAGDALENA,04257,00063,8,1,2,4,254.065178571429,1, ,0,0,1,1,06,CAJAMARCA,05,CONTUMAZA,01,CONTUMAZA,1, 
2021,06,CAJAMARCA,03,CELENDIN,07,MIGUEL IGLESIAS,04321,00007,1,1,2,4,254.065178571429,1, ,1,1,0,1,06,CAJAMARCA,03,CELENDIN,12,LA LIBERTAD DE PALLAN,1, 
2021,06,CAJAMARCA,03,CELENDIN,07,MIGUEL IGLESIAS,04321,00058,5,1,2,4,254.065178571429,1, ,1,1,0,1,06,CAJAMARCA,03,CELENDIN,12,LA LIBERTAD DE PALLAN,1, 
2021,06,CAJAMARCA,03,CELENDIN,07,MIGUEL IGLESIAS,04321,00082,8,1,2,4,254.065178571429,1, ,1,1,0,1,06,CAJAMARCA,03,CELENDIN,02,CHUMUCH,2, 
2021,06,CAJAMARCA,03,CELENDIN,07,MIGUEL IGLESIAS,04321,00088,9,1,2,4,254.065178571429,1, ,1,1,0,1,06,CAJAMARCA,12,SAN PABLO,01,SAN PABLO,1, 
2021,06,CAJAMARCA,03,CELENDIN,07,MIGUEL IGLESIAS,04321,00115,11,1,2,4,254.065178571429,1, ,1,1,0,1,06,CAJAMARCA,03,CELENDIN,01,CELENDIN,1, 
2021,06,CAJAMARCA,03,CELENDIN,12,LA LIBERTAD DE PALLAN,04332,00059,7,1,2,4,254.065178571429,1, ,1,1,0,1,06,CAJAMARCA,03,CELENDIN,07,MIGUEL IGLESIAS,1, 
2021,06,CAJAMARCA,03,CELENDIN,01,CELENDIN,04362,00017,4,1,2,4,254.065178571429,1, ,1,1,0,1,06,CAJAMARCA,03,CELENDIN,02,CHUMUCH,3, 
2021,06,CAJAMARCA,03,CELENDIN,09,SOROCHUCO,04568,00055,10,1,2,4,254.065178571429,1, ,1,1,0,1,06,CAJAMARCA,01,CAJAMARCA,05,ENCAÑADA,3, 
2021,06,CAJAMARCA,10,SAN MARCOS,04,GREGORIO PITA,04691,00053,3,1,2,4,254.065178571429,1, ,1,1,0,1,06,CAJAMARCA,10,SAN MARCOS,07,JOSE SABOGAL,1, 
2021,06,CAJAMARCA,10,SAN MARCOS,04,GREGORIO PITA,04691,00091,7,1,2,4,254.065178571429,1, ,1,1,0,1,06,CAJAMARCA,10,SAN MARCOS,07,JOSE SABOGAL,1, 
2021,06,CAJAMARCA,10,SAN MARCOS,04,GREGORIO PITA,04694,00026,5,1,2,4,254.065178571429,1, ,1,0,0,1,06,CAJAMARCA,10,SAN MARCOS,01,PEDRO GALVEZ,4, 
2021,06,CAJAMARCA,10,SAN MARCOS,04,GREGORIO PITA,04694,00101,13,1,2,4,254.065178571429,1, ,1,1,0,1,06,CAJAMARCA,10,SAN MARCOS,07,JOSE SABOGAL,1, 
2021,06,CAJAMARCA,10,SAN MARCOS,01,PEDRO GALVEZ,04780,00103,8,1,2,4,273.608653846154,1, ,1,1,0,1,06,CAJAMARCA,10,SAN MARCOS,04,GREGORIO PITA,2, 
2021,06,CAJAMARCA,10,SAN MARCOS,01,PEDRO GALVEZ,04799,00067,8,1,2,4,296.409375,1, ,1,1,0,1,06,CAJAMARCA,10,SAN MARCOS,07,JOSE SABOGAL,1, 
2021,06,CAJAMARCA,02,CAJABAMBA,02,CACHACHI,04883,00055,9,1,2,4,273.608653846154,1, ,1,1,0,1,06,CAJAMARCA,02,CAJABAMBA,04,SITACOCHA,1, 
2021,01,AMAZONAS,02,BAGUA,05,IMAZA,05136,00124,8,1,3,7,89.8303571428571,1, ,1,1,0,1,01,AMAZONAS,04,CONDORCANQUI,02,EL CENEPA,1, 
2021,01,AMAZONAS,02,BAGUA,05,IMAZA,05136,00225,13,1,3,7,89.8303571428571,1, ,1,0,0,1,01,AMAZONAS,04,CONDORCANQUI,01,NIEVA,1, 
2021,01,AMAZONAS,02,BAGUA,02,ARAMANGO,05162,00029,4,1,3,7,89.8303571428572,1, ,1,1,0,1,01,AMAZONAS,02,BAGUA,06,LA PECA,1, 
2021,01,AMAZONAS,07,UTCUBAMBA,02,CAJARURO,05303,00095,11,1,3,7,89.8303571428571,1, ,1,1,0,1,01,AMAZONAS,07,UTCUBAMBA,01,BAGUA GRANDE,1, 
2021,01,AMAZONAS,07,UTCUBAMBA,06,LONYA GRANDE,05334,00005,1,1,3,7,89.8303571428571,1, ,0,0,1,1,01,AMAZONAS,07,UTCUBAMBA,07,YAMON,1, 
2021,01,AMAZONAS,07,UTCUBAMBA,06,LONYA GRANDE,05334,00008,2,1,3,7,89.8303571428571,1, ,1,0,0,1,01,AMAZONAS,07,UTCUBAMBA,07,YAMON,1, 
2021,01,AMAZONAS,07,UTCUBAMBA,06,LONYA GRANDE,05334,00027,4,1,3,7,89.8303571428571,1, ,1,1,0,1,01,AMAZONAS,07,UTCUBAMBA,07,YAMON,2, 
2021,01,AMAZONAS,07,UTCUBAMBA,06,LONYA GRANDE,05334,00036,6,1,3,7,89.8303571428571,1, ,1,1,0,1,01,AMAZONAS,07,UTCUBAMBA,07,YAMON,1, 
2021,01,AMAZONAS,07,UTCUBAMBA,06,LONYA GRANDE,05334,00042,7,1,3,7,89.8303571428571,1, ,1,1,0,1,01,AMAZONAS,07,UTCUBAMBA,07,YAMON,1, 
2021,01,AMAZONAS,03,BONGARA,01,JUMBILLA,05382,00018,3,1,2,4,27.8657142857143,1, ,1,1,0,1,01,AMAZONAS,03,BONGARA,08,RECTA,1, 
2021,01,AMAZONAS,05,LUYA,05,CONILA,05413,00003,2,1,2,4,27.8657142857143,1, ,1,1,0,1,01,AMAZONAS,05,LUYA,09,LUYA,1, 
2021,01,AMAZONAS,05,LUYA,05,CONILA,05413,00012,3,1,2,4,27.8657142857143,1, ,1,1,0,1,01,AMAZONAS,05,LUYA,09,LUYA,1, 
2021,01,AMAZONAS,05,LUYA,18,SAN JERÓNIMO,05421,00078,8,1,2,4,27.8657142857143,1, ,1,0,0,1,01,AMAZONAS,03,BONGARA,05,CUISPES,1, 
2021,01,AMAZONAS,05,LUYA,18,SAN JERÓNIMO,05421,00104,11,1,2,4,27.8657142857143,1, ,0,0,1,1,01,AMAZONAS,05,LUYA,20,SANTA CATALINA,2, 
2021,01,AMAZONAS,05,LUYA,18,SAN JERÓNIMO,05421,00104,11,1,2,4,27.8657142857143,1, ,0,0,1,2,01,AMAZONAS,05,LUYA,16,SAN CRISTOBAL,2, 
2021,01,AMAZONAS,05,LUYA,18,SAN JERÓNIMO,05421,00114,12,1,2,4,27.8657142857143,1, ,1,1,0,1,01,AMAZONAS,05,LUYA,20,SANTA CATALINA,3, 
2021,01,AMAZONAS,05,LUYA,18,SAN JERÓNIMO,05421,00122,14,1,2,4,27.8657142857143,1, ,1,0,0,1,01,AMAZONAS,05,LUYA,20,SANTA CATALINA,1, 
2021,01,AMAZONAS,05,LUYA,18,SAN JERÓNIMO,05422,00048,5,1,2,4,27.8657142857143,1, ,1,1,0,1,01,AMAZONAS,05,LUYA,16,SAN CRISTOBAL,1, 
2021,01,AMAZONAS,05,LUYA,18,SAN JERÓNIMO,05422,00076,9,1,2,4,27.8657142857143,1, ,1,0,0,1,01,AMAZONAS,05,LUYA,16,SAN CRISTOBAL,1, 
2021,01,AMAZONAS,05,LUYA,01,LAMUD,05425,00052,7,1,2,4,27.8657142857143,1, ,1,0,0,1,01,AMAZONAS,03,BONGARA,03,CHURUJA,1, 
2021,01,AMAZONAS,05,LUYA,01,LAMUD,05426,00041,7,1,2,4,27.8657142857143,1, ,1,1,0,1,01,AMAZONAS,05,LUYA,09,LUYA,2, 
2021,01,AMAZONAS,05,LUYA,09,LUYA,05430,00104,10,1,2,4,27.8657142857143,1, ,1,1,0,1,01,AMAZONAS,05,LUYA,05,CONILA,2, 
2021,01,AMAZONAS,05,LUYA,09,LUYA,05430,00139,13,1,2,4,27.8657142857143,1, ,1,1,0,1,01,AMAZONAS,05,LUYA,05,CONILA,1, 
2021,01,AMAZONAS,05,LUYA,09,LUYA,05430,00142,14,1,2,4,27.8657142857143,1, ,1,1,0,1,01,AMAZONAS,05,LUYA,05,CONILA,1, 
2021,01,AMAZONAS,05,LUYA,12,OCALLI,05439,00041,4,1,2,4,27.8657142857143,1, ,1,1,0,1,01,AMAZONAS,05,LUYA,15,PROVIDENCIA,1, 
2021,01,AMAZONAS,05,LUYA,15,PROVIDENCIA,05446,00031,3,1,2,4,27.8657142857143,1, ,1,0,0,1,01,AMAZONAS,05,LUYA,13,OCUMAL,1, 
2021,01,AMAZONAS,05,LUYA,13,OCUMAL,05447,00217,13,1,2,4,27.8657142857143,1, ,1,0,0,1,01,AMAZONAS,05,LUYA,15,PROVIDENCIA,2, 
2021,01,AMAZONAS,05,LUYA,13,OCUMAL,05450,00025,5,1,2,4,27.8657142857143,1, ,1,1,0,1,01,AMAZONAS,05,LUYA,12,OCALLI,1, 
2021,01,AMAZONAS,05,LUYA,13,OCUMAL,05450,00042,8,1,2,4,27.8657142857143,1, ,1,1,0,1,01,AMAZONAS,05,LUYA,12,OCALLI,1, 
2021,01,AMAZONAS,05,LUYA,04,COLCAMAR,05453,00068,5,1,2,4,27.8657142857143,1, ,1,1,0,1,01,AMAZONAS,05,LUYA,06,INGUILPATA,1, 
2021,01,AMAZONAS,05,LUYA,14,PISUQUIA,05466,00048,7,1,2,4,32.51,1, ,1,1,0,1,01,AMAZONAS,05,LUYA,13,OCUMAL,1, 
2021,01,AMAZONAS,05,LUYA,14,PISUQUIA,05467,00061,5,1,2,4,27.8657142857143,1, ,1,0,0,1,01,AMAZONAS,05,LUYA,13,OCUMAL,1, 
2021,01,AMAZONAS,05,LUYA,14,PISUQUIA,05467,00089,8,1,2,4,27.8657142857143,1, ,1,1,0,1,01,AMAZONAS,05,LUYA,04,COLCAMAR,1, 
2021,01,AMAZONAS,05,LUYA,03,COCABAMBA,05471,00087,8,1,2,4,30.0092307692308,1, ,1,1,0,1,01,AMAZONAS,05,LUYA,21,SANTO TOMAS,2, 
2021,01,AMAZONAS,05,LUYA,03,COCABAMBA,05471,00141,11,1,2,4,30.0092307692308,1, ,1,1,0,1,01,AMAZONAS,01,CHACHAPOYAS,11,LEVANTO,1, 
2021,01,AMAZONAS,05,LUYA,19,SAN JUAN DE LOPECANCHA,05477,00066,7,1,2,4,27.8657142857143,1, ,1,0,0,1,01,AMAZONAS,01,CHACHAPOYAS,09,LA JALCA,2, 
2021,01,AMAZONAS,05,LUYA,19,SAN JUAN DE LOPECANCHA,05477,00101,10,1,2,4,27.8657142857143,1, ,1,0,0,1,01,AMAZONAS,01,CHACHAPOYAS,09,LA JALCA,1, 
2021,01,AMAZONAS,05,LUYA,19,SAN JUAN DE LOPECANCHA,05477,00138,14,1,2,4,27.8657142857143,1, ,1,1,0,1,01,AMAZONAS,01,CHACHAPOYAS,09,LA JALCA,1, 
2021,01,AMAZONAS,05,LUYA,21,SANTO TOMAS,05482,00099,13,1,2,4,27.8657142857143,1, ,1,1,0,1,01,AMAZONAS,05,LUYA,09,LUYA,1, 
2021,01,AMAZONAS,05,LUYA,21,SANTO TOMAS,05482,00113,14,1,2,4,27.8657142857143,1, ,1,0,0,1,01,AMAZONAS,05,LUYA,03,COCABAMBA,2, 
2021,01,AMAZONAS,01,CHACHAPOYAS,17,QUINJALCA,05489,00122,11,1,2,4,27.8657142857143,1, ,1,1,0,1,01,AMAZONAS,01,CHACHAPOYAS,14,MOLINOPAMPA,1, 
2021,01,AMAZONAS,01,CHACHAPOYAS,01,CHACHAPOYAS,05494,00002,1,1,2,4,27.8657142857143,1, ,1,1,0,1,01,AMAZONAS,05,LUYA,01,LAMUD,1, 
2021,01,AMAZONAS,01,CHACHAPOYAS,01,CHACHAPOYAS,05494,00132,13,1,2,4,27.8657142857143,1, ,1,1,0,1,01,AMAZONAS,05,LUYA,08,LONYA CHICO,2, 
2021,01,AMAZONAS,01,CHACHAPOYAS,20,SOLOCO,05506,00131,14,1,2,4,27.8657142857143,1, ,1,1,0,1,01,AMAZONAS,06,RODRIGUEZ DE MENDOZA,03,COCHAMAL,1, 
2021,01,AMAZONAS,01,CHACHAPOYAS,10,LEIMEBAMBA,05524,00021,3,1,2,4,27.8657142857143,1, ,1,1,0,1,01,AMAZONAS,05,LUYA,17,SAN FRANCISCO DEL YESO,1, 
2021,01,AMAZONAS,01,CHACHAPOYAS,10,LEIMEBAMBA,05524,00093,11,1,2,4,27.8657142857143,1, ,1,0,0,2,01,AMAZONAS,06,RODRIGUEZ DE MENDOZA,09,OMIA,1, 
2021,01,AMAZONAS,01,CHACHAPOYAS,10,LEIMEBAMBA,05524,00093,11,1,2,4,27.8657142857143,1, ,1,0,0,1,01,AMAZONAS,06,RODRIGUEZ DE MENDOZA,01,SAN NICOLAS,1, 
2021,01,AMAZONAS,01,CHACHAPOYAS,10,LEIMEBAMBA,05525,00035,4,1,2,4,27.8657142857143,1, ,1,1,0,1,01,AMAZONAS,01,CHACHAPOYAS,03,BALSAS,1, 
2021,01,AMAZONAS,01,CHACHAPOYAS,10,LEIMEBAMBA,05525,00165,14,1,2,4,27.8657142857143,1, ,1,1,0,1,01,AMAZONAS,01,CHACHAPOYAS,03,BALSAS,1, 
2021,01,AMAZONAS,01,CHACHAPOYAS,06,CHUQUIBAMBA,05534,00077,14,1,2,4,27.8657142857143,1, ,1,1,0,1,01,AMAZONAS,06,RODRIGUEZ DE MENDOZA,02,CHIRIMOTO,1, 
2021,01,AMAZONAS,06,RODRIGUEZ DE MENDOZA,01,SAN NICOLAS,05551,00014,2,1,3,7,89.8303571428571,1, ,1,1,0,2,01,AMAZONAS,06,RODRIGUEZ DE MENDOZA,07,MARISCAL BENAVIDES,1, 
2021,01,AMAZONAS,06,RODRIGUEZ DE MENDOZA,01,SAN NICOLAS,05551,00033,5,1,3,7,89.8303571428571,1, ,0,0,1,1,01,AMAZONAS,06,RODRIGUEZ DE MENDOZA,07,MARISCAL BENAVIDES,11, 
2021,01,AMAZONAS,06,RODRIGUEZ DE MENDOZA,01,SAN NICOLAS,05551,00075,10,1,3,7,89.8303571428571,1, ,1,1,0,1,01,AMAZONAS,06,RODRIGUEZ DE MENDOZA,07,MARISCAL BENAVIDES,1, 
2021,01,AMAZONAS,06,RODRIGUEZ DE MENDOZA,01,SAN NICOLAS,05551,00078,11,1,3,7,89.8303571428571,1, ,1,1,0,1,01,AMAZONAS,06,RODRIGUEZ DE MENDOZA,09,OMIA,1, 
2021,01,AMAZONAS,06,RODRIGUEZ DE MENDOZA,09,OMIA,05573,00149,13,1,3,7,89.8303571428571,1, ,1,1,0,1,01,AMAZONAS,06,RODRIGUEZ DE MENDOZA,12,VISTA ALEGRE,2, 
2021,01,AMAZONAS,06,RODRIGUEZ DE MENDOZA,09,OMIA,05588,00094,11,1,3,7,96.7403846153846,1, ,1,1,0,1,01,AMAZONAS,01,CHACHAPOYAS,06,CHUQUIBAMBA,1, 
2021,01,AMAZONAS,06,RODRIGUEZ DE MENDOZA,02,CHIRIMOTO,05600,00082,9,1,3,7,89.8303571428572,1, ,0,0,1,1,01,AMAZONAS,06,RODRIGUEZ DE MENDOZA,11,TOTORA,3, 
2021,16,LORETO,02,ALTO AMAZONAS,02,BALSAPUERTO,05684,00025,5,1,3,7,68.4942307692308,1, ,1,1,0,1,16,LORETO,02,ALTO AMAZONAS,02,BALSAPUERTO,1, 
2021,16,LORETO,02,ALTO AMAZONAS,01,YURIMAGUAS,05749,00038,6,1,3,7,68.4942307692308,1, ,1,1,0,1,16,LORETO,02,ALTO AMAZONAS,11,TENIENTE CESAR LOPEZ ROJAS,1, 
2021,16,LORETO,02,ALTO AMAZONAS,01,YURIMAGUAS,05750,00037,4,1,3,7,63.6017857142857,1, ,1,1,0,1,16,LORETO,02,ALTO AMAZONAS,11,TENIENTE CESAR LOPEZ ROJAS,1, 
2021,16,LORETO,02,ALTO AMAZONAS,01,YURIMAGUAS,05750,00067,8,1,3,7,63.6017857142857,1, ,1,1,0,1,16,LORETO,02,ALTO AMAZONAS,11,TENIENTE CESAR LOPEZ ROJAS,2, 
2021,16,LORETO,02,ALTO AMAZONAS,01,YURIMAGUAS,05750,00105,12,1,3,7,63.6017857142857,1, ,1,1,0,1,16,LORETO,02,ALTO AMAZONAS,11,TENIENTE CESAR LOPEZ ROJAS,1, 
2021,16,LORETO,02,ALTO AMAZONAS,11,TENIENTE CÉSAR LÓPEZ ROJAS,05761,00013,2,1,3,7,68.4942307692308,1, ,1,1,0,1,16,LORETO,02,ALTO AMAZONAS,01,YURIMAGUAS,1, 
2021,16,LORETO,01,MAYNAS,13,SAN JUAN BAUTISTA,05943,00018,4,1,3,7,80.9477272727273,1, ,1,1,0,1,16,LORETO,01,MAYNAS,12,BELEN,1, 
2021,16,LORETO,01,MAYNAS,01,IQUITOS,05947,00105,10,1,3,7,63.6017857142857,1, ,1,1,0,1,16,LORETO,01,MAYNAS,13,SAN JUAN BAUTISTA,1, 
2021,16,LORETO,01,MAYNAS,01,IQUITOS,05950,00027,4,1,3,7,63.6017857142857,1, ,1,1,0,1,16,LORETO,01,MAYNAS,13,SAN JUAN BAUTISTA,1, 
2021,16,LORETO,01,MAYNAS,04,INDIANA,05997,00059,8,1,3,7,63.6017857142857,1, ,1,1,0,1,16,LORETO,01,MAYNAS,03,FERNANDO LORES,1, 
2021,16,LORETO,06,UCAYALI,02,INAHUAYA,06192,00059,10,1,3,7,63.6017857142857,1, ,1,1,0,1,16,LORETO,06,UCAYALI,05,SARAYACU,1, 
2021,22,SAN MARTÍN,08,RIOJA,02,AWAJUN,06245,00027,3,1,3,7,79.8010204081633,1, ,1,1,0,1,22,SAN MARTIN,01,MOYOBAMBA,01,MOYOBAMBA,3, 
2021,22,SAN MARTÍN,08,RIOJA,02,AWAJUN,06245,00110,10,1,3,7,79.8010204081633,1, ,1,0,0,1,22,SAN MARTIN,08,RIOJA,05,PARDO MIGUEL,1, 
2021,22,SAN MARTÍN,08,RIOJA,02,AWAJUN,06245,00118,12,1,3,7,79.8010204081633,1, ,1,0,0,1,22,SAN MARTIN,08,RIOJA,04,NUEVA CAJAMARCA,3, 
2021,22,SAN MARTÍN,01,MOYOBAMBA,01,MOYOBAMBA,06312,00019,3,1,3,7,111.721428571429,1, ,1,1,0,1,22,SAN MARTIN,08,RIOJA,02,AWAJUN,1, 
2021,22,SAN MARTÍN,01,MOYOBAMBA,01,MOYOBAMBA,06312,00065,7,1,3,7,111.721428571429,1, ,1,0,0,1,22,SAN MARTIN,08,RIOJA,02,AWAJUN,1, 
2021,22,SAN MARTÍN,01,MOYOBAMBA,01,MOYOBAMBA,06312,00103,11,1,3,7,111.721428571429,1, ,1,0,0,1,22,SAN MARTIN,03,EL DORADO,01,SAN JOSE DE SISA,1, 
2021,22,SAN MARTÍN,01,MOYOBAMBA,01,MOYOBAMBA,06357,00027,3,1,3,7,79.8010204081633,1, ,1,0,0,1,22,SAN MARTIN,01,MOYOBAMBA,01,MOYOBAMBA,1, 
2021,22,SAN MARTÍN,01,MOYOBAMBA,04,JEPELACIO,06410,00005,1,1,3,7,85.9395604395604,1, ,1,0,0,1,22,SAN MARTIN,08,RIOJA,05,PARDO MIGUEL,1, 
2021,22,SAN MARTÍN,01,MOYOBAMBA,05,SORITOR,06420,00349,11,1,3,7,159.602040816327,1, ,1,1,0,1,22,SAN MARTIN,07,PICOTA,09,TINGO DE PONASA,1, 
2021,22,SAN MARTÍN,01,MOYOBAMBA,05,SORITOR,06420,00496,14,1,3,7,159.602040816327,1, ,1,0,0,1,22,SAN MARTIN,01,MOYOBAMBA,02,CALZADA,1, 
2021,22,SAN MARTÍN,01,MOYOBAMBA,05,SORITOR,06437,00120,11,1,3,7,79.8010204081633,1, ,0,0,1,1,22,SAN MARTIN,07,PICOTA,09,TINGO DE PONASA,1, 
2021,22,SAN MARTÍN,01,MOYOBAMBA,05,SORITOR,06437,00125,12,1,3,7,79.8010204081633,1, ,1,1,0,1,22,SAN MARTIN,08,RIOJA,08,YORONGOS,2, 
2021,22,SAN MARTÍN,05,LAMAS,03,BARRANQUITA,06498,00050,7,1,3,7,79.8010204081633,1, ,1,1,0,1,22,SAN MARTIN,01,MOYOBAMBA,04,JEPELACIO,1, 
2021,22,SAN MARTÍN,05,LAMAS,07,RUMISAPA,06509,00023,4,1,3,7,79.8010204081633,1, ,1,1,0,1,22,SAN MARTIN,05,LAMAS,05,CUÑUMBUQUI,1, 
2021,22,SAN MARTÍN,05,LAMAS,07,RUMISAPA,06509,00031,6,1,3,7,79.8010204081633,1, ,1,0,0,1,22,SAN MARTIN,05,LAMAS,05,CUÑUMBUQUI,1, 
2021,22,SAN MARTÍN,09,SAN MARTIN,11,PAPAPLAYA,06569,00006,1,1,3,7,79.8010204081633,1, ,1,0,0,1,22,SAN MARTIN,09,SAN MARTIN,04,CHAZUTA,1, 
2021,22,SAN MARTÍN,09,SAN MARTIN,11,PAPAPLAYA,06569,00062,11,1,3,7,79.8010204081633,1, ,1,1,0,1,22,SAN MARTIN,09,SAN MARTIN,06,EL PORVENIR,1, 
2021,22,SAN MARTÍN,09,SAN MARTIN,02,ALBERTO LEVEAU,06593,00066,4,1,3,7,79.8010204081633,1, ,1,1,0,1,22,SAN MARTIN,09,SAN MARTIN,08,JUAN GUERRA,1, 
2021,22,SAN MARTÍN,09,SAN MARTIN,02,ALBERTO LEVEAU,06593,00084,5,1,3,7,79.8010204081633,1, ,1,1,0,1,22,SAN MARTIN,09,SAN MARTIN,08,JUAN GUERRA,1, 
2021,22,SAN MARTÍN,09,SAN MARTIN,02,ALBERTO LEVEAU,06593,00101,6,1,3,7,79.8010204081633,1, ,1,1,0,1,22,SAN MARTIN,09,SAN MARTIN,08,JUAN GUERRA,1, 
2021,22,SAN MARTÍN,09,SAN MARTIN,02,ALBERTO LEVEAU,06593,00158,11,1,3,7,79.8010204081633,1, ,1,1,0,1,22,SAN MARTIN,09,SAN MARTIN,14,SHAPAJA,1, 
2021,22,SAN MARTÍN,07,PICOTA,01,PICOTA,06616,00066,5,1,3,7,79.8010204081633,1, ,1,1,0,1,22,SAN MARTIN,07,PICOTA,03,CASPISAPA,1, 
2021,22,SAN MARTÍN,07,PICOTA,01,PICOTA,06616,00096,8,1,3,7,79.8010204081633,1, ,1,1,0,1,22,SAN MARTIN,07,PICOTA,03,CASPISAPA,1, 
2021,22,SAN MARTÍN,07,PICOTA,01,PICOTA,06616,00097,9,1,3,7,79.8010204081633,1, ,1,0,0,1,22,SAN MARTIN,07,PICOTA,03,CASPISAPA,1, 
2021,22,SAN MARTÍN,07,PICOTA,01,PICOTA,06616,00132,11,1,3,7,79.8010204081633,1, ,1,1,0,1,22,SAN MARTIN,08,RIOJA,09,YURACYACU,1, 
2021,22,SAN MARTÍN,07,PICOTA,08,SHAMBOYACU,06633,00112,12,1,3,7,79.8010204081633,1, ,1,1,0,1,22,SAN MARTIN,09,SAN MARTIN,07,HUIMBAYOC,1, 
2021,22,SAN MARTÍN,04,HUALLAGA,01,SAPOSOA,06702,00167,7,1,3,7,79.8010204081633,1, ,1,1,0,1,22,SAN MARTIN,01,MOYOBAMBA,02,CALZADA,3, 
2021,22,SAN MARTÍN,04,HUALLAGA,04,PISCOYACU,06716,00018,2,1,3,7,85.9395604395604,1, ,1,1,0,1,22,SAN MARTIN,04,HUALLAGA,03,EL ESLABON,1, 
2021,22,SAN MARTÍN,04,HUALLAGA,04,PISCOYACU,06718,00002,2,1,3,7,79.8010204081633,1, ,1,0,0,1,22,SAN MARTIN,04,HUALLAGA,03,EL ESLABON,1, 
2021,22,SAN MARTÍN,06,MARISCAL CACERES,03,HUICUNGO,06731,00021,2,1,3,7,79.8010204081633,1, ,1,1,0,1,22,SAN MARTIN,05,LAMAS,07,RUMISAPA,1, 
2021,22,SAN MARTÍN,02,BELLAVISTA,03,BAJO BIAVO,06811,00103,12,1,3,7,93.1011904761905,1, ,1,1,0,1,22,SAN MARTIN,02,BELLAVISTA,02,ALTO BIAVO,1, 
2021,22,SAN MARTÍN,10,TOCACHE,01,TOCACHE,06884,00013,1,1,3,7,85.9395604395604,1, ,0,0,1,1,22,SAN MARTIN,10,TOCACHE,05,UCHIZA,1, 
2021,22,SAN MARTÍN,10,TOCACHE,01,TOCACHE,06885,00011,1,1,3,7,85.9395604395604,1, ,1,1,0,1,22,SAN MARTIN,10,TOCACHE,05,UCHIZA,1, 
2021,22,SAN MARTÍN,10,TOCACHE,01,TOCACHE,06885,00103,12,1,3,7,85.9395604395604,1, ,1,0,0,1,22,SAN MARTIN,10,TOCACHE,03,POLVORA,1, 
2021,22,SAN MARTÍN,10,TOCACHE,01,TOCACHE,06909,00014,2,1,3,7,79.8010204081633,1, ,1,1,0,1,22,SAN MARTIN,10,TOCACHE,05,UCHIZA,1, 
2021,22,SAN MARTÍN,10,TOCACHE,01,TOCACHE,06909,00056,9,1,3,7,79.8010204081633,1, ,1,1,0,1,22,SAN MARTIN,05,LAMAS,03,BARRANQUITA,1, 
2021,13,LA LIBERTAD,04,CHEPEN,02,PACANGA,06975,00107,12,1,1,1,97.2392857142857,1, ,1,0,0,1,13,LA LIBERTAD,07,PACASMAYO,05,SAN JOSE,3, 
2021,13,LA LIBERTAD,04,CHEPEN,02,PACANGA,06975,00113,13,1,1,1,97.2392857142857,1, ,1,0,0,1,13,LA LIBERTAD,04,CHEPEN,03,PUEBLO NUEVO,1, 
2021,13,LA LIBERTAD,07,PACASMAYO,02,GUADALUPE,07032,00001,1,1,1,1,97.2392857142857,1, ,1,0,0,1,13,LA LIBERTAD,04,CHEPEN,01,CHEPEN,1, 
2021,13,LA LIBERTAD,07,PACASMAYO,05,SAN JOSE,07036,00068,13,1,1,1,97.2392857142857,1, ,1,0,0,1,13,LA LIBERTAD,07,PACASMAYO,03,JEQUETEPEQUE,1, 
2021,13,LA LIBERTAD,11,GRAN CHIMU,02,LUCMA,07142,00058,7,1,2,4,94.2802197802198,1, ,1,0,0,1,13,LA LIBERTAD,11,GRAN CHIMU,02,LUCMA,1, 
2021,13,LA LIBERTAD,06,OTUZCO,10,PARANDAY,07191,00039,5,1,2,4,94.2802197802198,1, ,1,1,0,1,13,LA LIBERTAD,06,OTUZCO,13,SINSICAP,1, 
2021,13,LA LIBERTAD,06,OTUZCO,10,PARANDAY,07191,00058,8,1,2,4,94.2802197802198,1, ,1,1,0,1,13,LA LIBERTAD,06,OTUZCO,13,SINSICAP,1, 
2021,13,LA LIBERTAD,06,OTUZCO,10,PARANDAY,07191,00073,11,1,2,4,94.2802197802198,1, ,1,1,0,1,13,LA LIBERTAD,06,OTUZCO,13,SINSICAP,3, 
2021,13,LA LIBERTAD,06,OTUZCO,01,OTUZCO,07202,00028,5,1,2,4,94.2802197802198,1, ,1,1,0,1,13,LA LIBERTAD,11,GRAN CHIMU,02,LUCMA,1, 
2021,13,LA LIBERTAD,06,OTUZCO,01,OTUZCO,07218,00042,5,1,2,4,94.2802197802198,1, ,1,1,0,1,13,LA LIBERTAD,06,OTUZCO,02,AGALLPAMPA,2, 
2021,13,LA LIBERTAD,06,OTUZCO,01,OTUZCO,07229,00017,3,1,2,4,94.2802197802198,1, ,1,1,0,1,13,LA LIBERTAD,06,OTUZCO,14,USQUIL,1, 
2021,13,LA LIBERTAD,06,OTUZCO,01,OTUZCO,07245,00122,12,1,2,4,94.2802197802198,1, ,1,1,0,1,13,LA LIBERTAD,06,OTUZCO,02,AGALLPAMPA,2, 
2021,13,LA LIBERTAD,06,OTUZCO,01,OTUZCO,07254,00127,13,1,2,4,94.2802197802198,1, ,1,1,0,1,13,LA LIBERTAD,06,OTUZCO,06,LA CUESTA,1, 
2021,13,LA LIBERTAD,06,OTUZCO,04,CHARAT,07262,00009,2,1,2,4,94.2802197802198,1, ,1,0,0,1,13,LA LIBERTAD,06,OTUZCO,14,USQUIL,10, 
2021,13,LA LIBERTAD,06,OTUZCO,04,CHARAT,07262,00046,7,1,2,4,94.2802197802198,1, ,1,1,0,1,13,LA LIBERTAD,06,OTUZCO,14,USQUIL,1, 
2021,13,LA LIBERTAD,06,OTUZCO,14,USQUIL,07318,00051,8,1,2,4,109.99358974359,1, ,1,1,0,1,13,LA LIBERTAD,06,OTUZCO,14,USQUIL,1, 
2021,13,LA LIBERTAD,06,OTUZCO,14,USQUIL,07328,00012,2,1,2,4,94.2802197802198,1, ,1,1,0,1,13,LA LIBERTAD,06,OTUZCO,01,OTUZCO,1, 
2021,13,LA LIBERTAD,06,OTUZCO,11,SALPO,07402,00064,11,1,2,4,94.2802197802198,1, ,1,1,0,1,13,LA LIBERTAD,05,JULCAN,01,JULCAN,4, 
2021,13,LA LIBERTAD,01,TRUJILLO,08,POROTO,07432,00095,13,1,1,1,97.2392857142857,1, ,1,1,0,1,13,LA LIBERTAD,09,SANCHEZ CARRION,06,SANAGORAN,1, 
2021,13,LA LIBERTAD,01,TRUJILLO,06,LAREDO,07436,00091,7,1,1,1,97.2392857142857,1, ,1,0,0,1,13,LA LIBERTAD,12,VIRU,02,CHAO,2, 
2021,13,LA LIBERTAD,01,TRUJILLO,06,LAREDO,07436,00094,8,1,1,1,97.2392857142857,1, ,1,1,0,1,13,LA LIBERTAD,05,JULCAN,01,JULCAN,1, 
2021,13,LA LIBERTAD,01,TRUJILLO,07,MOCHE,07455,00021,1,1,1,1,97.2392857142857,1, ,1,1,0,1,13,LA LIBERTAD,06,OTUZCO,01,OTUZCO,1, 
2021,13,LA LIBERTAD,01,TRUJILLO,07,MOCHE,07455,00021,1,1,1,1,97.2392857142857,1, ,1,1,0,2,13,LA LIBERTAD,01,TRUJILLO,01,TRUJILLO,1, 
2021,13,LA LIBERTAD,01,TRUJILLO,07,MOCHE,07455,00119,12,1,1,1,97.2392857142857,1, ,1,0,0,1,13,LA LIBERTAD,12,VIRU,02,CHAO,1, 
2021,13,LA LIBERTAD,12,VIRU,02,CHAO,07495,00031,5,1,1,1,97.2392857142857,1, ,1,1,0,1,13,LA LIBERTAD,09,SANCHEZ CARRION,01,HUAMACHUCO,1, 
2021,13,LA LIBERTAD,12,VIRU,02,CHAO,07495,00032,6,1,1,1,97.2392857142857,1, ,1,0,0,1,13,LA LIBERTAD,12,VIRU,01,VIRU,1, 
2021,13,LA LIBERTAD,12,VIRU,02,CHAO,07495,00078,12,1,1,1,97.2392857142857,1, ,1,1,0,1,13,LA LIBERTAD,12,VIRU,02,CHAO,1, 
2021,13,LA LIBERTAD,05,JULCAN,01,JULCAN,07544,00008,2,1,2,4,94.2802197802198,1, ,1,0,0,1,13,LA LIBERTAD,05,JULCAN,03,CARABAMBA,1, 
2021,13,LA LIBERTAD,10,SANTIAGO DE CHUCO,06,QUIRUVILCA,07582,00081,11,1,2,4,94.2802197802198,1, ,1,1,0,1,13,LA LIBERTAD,06,OTUZCO,14,USQUIL,1, 
2021,13,LA LIBERTAD,10,SANTIAGO DE CHUCO,03,CACHICADAN,07599,00047,5,1,2,4,94.2802197802198,1, ,1,1,0,1,13,LA LIBERTAD,09,SANCHEZ CARRION,01,HUAMACHUCO,1, 
2021,13,LA LIBERTAD,10,SANTIAGO DE CHUCO,02,ANGASMARCA,07639,00068,12,1,2,4,94.2802197802198,1, ,1,1,0,1,13,LA LIBERTAD,10,SANTIAGO DE CHUCO,07,SANTA CRUZ DE CHUCA,2, 
2021,13,LA LIBERTAD,10,SANTIAGO DE CHUCO,07,SANTA CRUZ DE CHUCA,07643,00010,3,1,2,4,109.99358974359,1, ,1,1,0,1,13,LA LIBERTAD,10,SANTIAGO DE CHUCO,01,SANTIAGO DE CHUCO,1, 
2021,13,LA LIBERTAD,10,SANTIAGO DE CHUCO,01,SANTIAGO DE CHUCO,07652,00059,7,1,2,4,94.2802197802198,1, ,1,1,0,1,13,LA LIBERTAD,05,JULCAN,01,JULCAN,2, 
2021,13,LA LIBERTAD,10,SANTIAGO DE CHUCO,01,SANTIAGO DE CHUCO,07652,00096,12,1,2,4,94.2802197802198,1, ,1,0,0,1,13,LA LIBERTAD,10,SANTIAGO DE CHUCO,07,SANTA CRUZ DE CHUCA,1, 
2021,13,LA LIBERTAD,09,SANCHEZ CARRION,06,SANAGORAN,07704,00017,3,1,2,4,94.2802197802198,1, ,1,1,0,1,13,LA LIBERTAD,06,OTUZCO,14,USQUIL,1, 
2021,13,LA LIBERTAD,09,SANCHEZ CARRION,06,SANAGORAN,07704,00047,8,1,2,4,94.2802197802198,1, ,1,0,0,1,13,LA LIBERTAD,06,OTUZCO,14,USQUIL,1, 
2021,13,LA LIBERTAD,09,SANCHEZ CARRION,06,SANAGORAN,07706,00061,6,1,2,4,94.2802197802198,1, ,1,1,0,1,13,LA LIBERTAD,06,OTUZCO,14,USQUIL,1, 
2021,13,LA LIBERTAD,09,SANCHEZ CARRION,06,SANAGORAN,07706,00112,11,1,2,4,94.2802197802198,1, ,1,1,0,1,13,LA LIBERTAD,06,OTUZCO,14,USQUIL,1, 
2021,13,LA LIBERTAD,09,SANCHEZ CARRION,05,MARCABAL,07718,00059,7,1,2,4,94.2802197802198,1, ,0,0,1,1,13,LA LIBERTAD,09,SANCHEZ CARRION,01,HUAMACHUCO,2, 
2021,13,LA LIBERTAD,09,SANCHEZ CARRION,08,SARTIMBAMBA,07755,00059,8,1,2,4,94.2802197802198,1, ,1,1,0,1,13,LA LIBERTAD,09,SANCHEZ CARRION,06,SANAGORAN,1, 
2021,13,LA LIBERTAD,09,SANCHEZ CARRION,03,COCHORCO,07763,00004,1,1,2,4,109.99358974359,1, ,1,1,0,1,13,LA LIBERTAD,09,SANCHEZ CARRION,08,SARTIMBAMBA,5, 
2021,13,LA LIBERTAD,09,SANCHEZ CARRION,03,COCHORCO,07763,00026,4,1,2,4,109.99358974359,1, ,1,0,0,1,13,LA LIBERTAD,09,SANCHEZ CARRION,02,CHUGAY,3, 
2021,13,LA LIBERTAD,09,SANCHEZ CARRION,03,COCHORCO,07763,00041,5,1,2,4,109.99358974359,1, ,1,0,0,1,13,LA LIBERTAD,09,SANCHEZ CARRION,08,SARTIMBAMBA,1, 
2021,13,LA LIBERTAD,09,SANCHEZ CARRION,03,COCHORCO,07763,00045,6,1,2,4,109.99358974359,1, ,1,1,0,1,13,LA LIBERTAD,09,SANCHEZ CARRION,08,SARTIMBAMBA,1, 
2021,13,LA LIBERTAD,09,SANCHEZ CARRION,03,COCHORCO,07763,00084,12,1,2,4,109.99358974359,1, ,1,0,0,1,13,LA LIBERTAD,09,SANCHEZ CARRION,08,SARTIMBAMBA,3, 
2021,13,LA LIBERTAD,09,SANCHEZ CARRION,03,COCHORCO,07763,00093,13,1,2,4,109.99358974359,1, ,1,0,0,1,13,LA LIBERTAD,09,SANCHEZ CARRION,08,SARTIMBAMBA,3, 
2021,13,LA LIBERTAD,09,SANCHEZ CARRION,04,CURGOS,07847,00006,1,1,2,4,94.2802197802198,1, ,1,1,0,1,13,LA LIBERTAD,09,SANCHEZ CARRION,01,HUAMACHUCO,1, 
2021,13,LA LIBERTAD,09,SANCHEZ CARRION,01,HUAMACHUCO,07890,00021,4,1,2,4,101.532544378698,1, ,1,1,0,1,13,LA LIBERTAD,09,SANCHEZ CARRION,07,SARIN,3, 
2021,13,LA LIBERTAD,09,SANCHEZ CARRION,01,HUAMACHUCO,07913,00046,8,1,2,4,94.2802197802198,1, ,1,1,0,1,13,LA LIBERTAD,10,SANTIAGO DE CHUCO,06,QUIRUVILCA,1, 
2021,13,LA LIBERTAD,09,SANCHEZ CARRION,01,HUAMACHUCO,07913,00055,9,1,2,4,94.2802197802198,1, ,1,0,0,1,13,LA LIBERTAD,10,SANTIAGO DE CHUCO,03,CACHICADAN,1, 
2021,13,LA LIBERTAD,09,SANCHEZ CARRION,01,HUAMACHUCO,07913,00076,11,1,2,4,94.2802197802198,1, ,1,1,0,1,13,LA LIBERTAD,10,SANTIAGO DE CHUCO,03,CACHICADAN,1, 
2021,13,LA LIBERTAD,09,SANCHEZ CARRION,01,HUAMACHUCO,07923,00001,1,1,2,4,94.2802197802198,1, ,1,1,0,1,13,LA LIBERTAD,09,SANCHEZ CARRION,05,MARCABAL,1, 
2021,13,LA LIBERTAD,09,SANCHEZ CARRION,01,HUAMACHUCO,07923,00007,2,1,2,4,94.2802197802198,1, ,1,1,0,1,13,LA LIBERTAD,10,SANTIAGO DE CHUCO,03,CACHICADAN,1, 
2021,13,LA LIBERTAD,09,SANCHEZ CARRION,01,HUAMACHUCO,07923,00064,10,1,2,4,94.2802197802198,1, ,1,1,0,1,13,LA LIBERTAD,09,SANCHEZ CARRION,06,SANAGORAN,1, 
2021,13,LA LIBERTAD,09,SANCHEZ CARRION,01,HUAMACHUCO,07923,00090,14,1,2,4,94.2802197802198,1, ,1,1,0,1,13,LA LIBERTAD,09,SANCHEZ CARRION,06,SANAGORAN,1, 
2021,13,LA LIBERTAD,09,SANCHEZ CARRION,01,HUAMACHUCO,07925,00037,4,1,2,4,94.2802197802198,1, ,1,1,0,1,13,LA LIBERTAD,10,SANTIAGO DE CHUCO,06,QUIRUVILCA,1, 
2021,13,LA LIBERTAD,09,SANCHEZ CARRION,01,HUAMACHUCO,07925,00065,8,1,2,4,94.2802197802198,1, ,1,1,0,1,13,LA LIBERTAD,10,SANTIAGO DE CHUCO,06,QUIRUVILCA,1, 
2021,13,LA LIBERTAD,09,SANCHEZ CARRION,07,SARIN,07936,00037,7,1,2,4,94.2802197802198,1, ,1,1,0,1,13,LA LIBERTAD,09,SANCHEZ CARRION,04,CURGOS,1, 
2021,13,LA LIBERTAD,08,PATAZ,02,BULDIBUYO,08025,00018,4,1,2,4,101.532544378698,1, ,1,1,0,1,13,LA LIBERTAD,08,PATAZ,03,CHILLIA,1, 
2021,13,LA LIBERTAD,08,PATAZ,02,BULDIBUYO,08025,00057,8,1,2,4,101.532544378698,1, ,1,0,0,1,13,LA LIBERTAD,08,PATAZ,02,BULDIBUYO,1, 
2021,13,LA LIBERTAD,08,PATAZ,02,BULDIBUYO,08025,00075,10,1,2,4,101.532544378698,1, ,1,1,0,1,13,LA LIBERTAD,08,PATAZ,03,CHILLIA,1, 
2021,02,ANCASH,15,PALLASCA,01,CABANA,08127,00002,1,1,2,5,141.126748251748,1, ,1,0,0,1,02,ANCASH,15,PALLASCA,11,TAUCA,1, 
2021,02,ANCASH,15,PALLASCA,01,CABANA,08127,00052,8,1,2,5,141.126748251748,1, ,1,0,0,1,02,ANCASH,15,PALLASCA,11,TAUCA,3, 
2021,02,ANCASH,09,CORONGO,01,CORONGO,08215,00116,14,1,2,5,131.046266233766,1, ,1,0,0,1,02,ANCASH,09,CORONGO,02,ACO,4, 
2021,02,ANCASH,18,SANTA,01,CHIMBOTE,08241,00025,4,1,1,2,60.8080357142857,1, ,1,0,0,1,02,ANCASH,18,SANTA,09,NUEVO CHIMBOTE,1, 
2021,02,ANCASH,18,SANTA,01,CHIMBOTE,08249,00043,5,1,1,2,60.8080357142857,1, ,1,0,0,1,02,ANCASH,18,SANTA,08,SANTA,2, 
2021,02,ANCASH,18,SANTA,01,CHIMBOTE,08258,00005,1,1,1,2,60.8080357142857,1, ,1,0,0,1,02,ANCASH,08,CASMA,01,CASMA,1, 
2021,02,ANCASH,18,SANTA,01,CHIMBOTE,08258,00147,14,1,1,2,60.8080357142857,1, ,1,1,0,1,02,ANCASH,18,SANTA,08,SANTA,2, 
2021,02,ANCASH,18,SANTA,01,CHIMBOTE,08263,00057,7,1,1,2,60.8080357142857,1, ,1,0,0,1,02,ANCASH,18,SANTA,09,NUEVO CHIMBOTE,1, 
2021,02,ANCASH,18,SANTA,01,CHIMBOTE,08266,00057,10,1,1,2,70.9427083333333,1, ,1,1,0,1,02,ANCASH,18,SANTA,08,SANTA,2, 
2021,02,ANCASH,12,HUAYLAS,02,HUALLANCA,08327,00089,14,1,2,5,141.126748251748,1, ,0,0,1,1,02,ANCASH,12,HUAYLAS,01,CARAZ,2, 
2021,02,ANCASH,12,HUAYLAS,01,CARAZ,08400,00039,8,1,2,5,131.046266233766,1, ,1,1,0,1,02,ANCASH,12,HUAYLAS,07,PUEBLO LIBRE,5, 
2021,02,ANCASH,12,HUAYLAS,07,PUEBLO LIBRE,08425,00062,11,1,2,5,131.046266233766,1, ,1,0,0,1,02,ANCASH,12,HUAYLAS,01,CARAZ,1, 
2021,02,ANCASH,16,POMABAMBA,01,POMABAMBA,08475,00074,8,1,2,5,131.046266233766,1, ,1,0,0,1,02,ANCASH,16,POMABAMBA,02,HUAYLLAN,3, 
2021,02,ANCASH,16,POMABAMBA,01,POMABAMBA,08475,00113,12,1,2,5,131.046266233766,1, ,1,1,0,1,02,ANCASH,16,POMABAMBA,02,HUAYLLAN,2, 
2021,02,ANCASH,16,POMABAMBA,01,POMABAMBA,08475,00120,14,1,2,5,131.046266233766,1, ,1,1,0,1,02,ANCASH,16,POMABAMBA,01,POMABAMBA,3, 
2021,02,ANCASH,13,MARISCAL LUZURIAGA,08,MUSGA,08528,00037,5,1,2,5,141.126748251748,1, ,1,1,0,1,02,ANCASH,13,MARISCAL LUZURIAGA,04,FIDEL OLIVAS ESCUDERO,1, 
2021,02,ANCASH,13,MARISCAL LUZURIAGA,08,MUSGA,08528,00070,8,1,2,5,141.126748251748,1, ,1,1,0,1,02,ANCASH,13,MARISCAL LUZURIAGA,02,CASCA,1, 
2021,02,ANCASH,13,MARISCAL LUZURIAGA,08,MUSGA,08528,00076,9,1,2,5,141.126748251748,1, ,1,1,0,1,02,ANCASH,13,MARISCAL LUZURIAGA,05,LLAMA,1, 
2021,02,ANCASH,13,MARISCAL LUZURIAGA,06,LLUMPA,08540,00026,4,1,2,5,141.126748251748,1, ,1,1,0,1,02,ANCASH,13,MARISCAL LUZURIAGA,07,LUCMA,1, 
2021,02,ANCASH,13,MARISCAL LUZURIAGA,06,LLUMPA,08540,00076,11,1,2,5,141.126748251748,1, ,1,1,0,1,02,ANCASH,13,MARISCAL LUZURIAGA,07,LUCMA,2, 
2021,02,ANCASH,13,MARISCAL LUZURIAGA,06,LLUMPA,08540,00098,14,1,2,5,141.126748251748,1, ,1,1,0,1,02,ANCASH,13,MARISCAL LUZURIAGA,07,LUCMA,2, 
2021,02,ANCASH,20,YUNGAY,01,YUNGAY,08581,00007,1,1,2,5,131.046266233766,1, ,1,1,0,1,02,ANCASH,12,HUAYLAS,01,CARAZ,5, 
2021,02,ANCASH,20,YUNGAY,01,YUNGAY,08581,00007,1,1,2,5,131.046266233766,1, ,1,1,0,2,02,ANCASH,12,HUAYLAS,07,PUEBLO LIBRE,6, 
2021,02,ANCASH,20,YUNGAY,01,YUNGAY,08594,00036,6,1,2,5,131.046266233766,1, ,1,1,0,1,02,ANCASH,20,YUNGAY,06,RANRAHIRCA,2, 
2021,02,ANCASH,20,YUNGAY,07,SHUPLUY,08669,00122,12,1,2,5,152.887310606061,1, ,1,1,0,1,02,ANCASH,20,YUNGAY,02,CASCAPARA,1, 
2021,02,ANCASH,08,CASMA,01,CASMA,08700,00146,13,1,1,2,65.4855769230769,1, ,1,0,0,1,02,ANCASH,08,CASMA,02,BUENA VISTA ALTA,1, 
2021,02,ANCASH,08,CASMA,04,YAUTAN,08720,00040,5,1,1,2,60.8080357142857,1, ,1,1,0,1,02,ANCASH,08,CASMA,02,BUENA VISTA ALTA,3, 
2021,02,ANCASH,01,HUARAZ,02,COCHABAMBA,08727,00078,7,1,2,5,131.046266233766,1, ,1,1,0,1,02,ANCASH,08,CASMA,04,YAUTAN,1, 
2021,02,ANCASH,01,HUARAZ,02,COCHABAMBA,08727,00102,9,1,2,5,131.046266233766,1, ,1,1,0,1,02,ANCASH,01,HUARAZ,10,PARIACOTO,2, 
2021,02,ANCASH,01,HUARAZ,10,PARIACOTO,08735,00008,1,1,2,5,152.887310606061,1, ,1,1,0,1,02,ANCASH,08,CASMA,04,YAUTAN,1, 
2021,02,ANCASH,01,HUARAZ,10,PARIACOTO,08735,00094,10,1,2,5,152.887310606061,1, ,1,1,0,1,02,ANCASH,01,HUARAZ,09,PAMPAS,1, 
2021,02,ANCASH,01,HUARAZ,06,JANGAS,08738,00083,13,1,2,5,141.126748251748,1, ,1,1,0,1,02,ANCASH,06,CARHUAZ,04,ANTA,11, 
2021,02,ANCASH,01,HUARAZ,06,JANGAS,08756,00002,1,1,2,5,141.126748251748,1, ,1,1,0,1,02,ANCASH,01,HUARAZ,05,INDEPENDENCIA,1, 
2021,02,ANCASH,01,HUARAZ,06,JANGAS,08756,00057,8,1,2,5,141.126748251748,1, ,1,1,0,1,02,ANCASH,06,CARHUAZ,11,YUNGAR,3, 
2021,02,ANCASH,01,HUARAZ,05,INDEPENDENCIA,08809,00045,7,1,2,5,141.126748251748,1, ,1,1,0,1,02,ANCASH,01,HUARAZ,01,HUARAZ,2, 
2021,02,ANCASH,01,HUARAZ,05,INDEPENDENCIA,08809,00099,13,1,2,5,141.126748251748,1, ,1,0,0,1,02,ANCASH,01,HUARAZ,06,JANGAS,1, 
2021,02,ANCASH,01,HUARAZ,05,INDEPENDENCIA,08861,00029,5,1,2,5,131.046266233766,1, ,1,0,0,1,02,ANCASH,11,HUARMEY,01,HUARMEY,2, 
2021,02,ANCASH,01,HUARAZ,09,PAMPAS,08883,00039,6,1,2,5,141.126748251748,1, ,1,0,0,1,02,ANCASH,01,HUARAZ,10,PARIACOTO,1, 
2021,02,ANCASH,01,HUARAZ,09,PAMPAS,08883,00045,7,1,2,5,141.126748251748,1, ,1,0,0,1,02,ANCASH,01,HUARAZ,10,PARIACOTO,1, 
2021,02,ANCASH,01,HUARAZ,09,PAMPAS,08883,00087,13,1,2,5,141.126748251748,1, ,1,0,0,1,02,ANCASH,01,HUARAZ,10,PARIACOTO,1, 
2021,02,ANCASH,01,HUARAZ,01,HUARAZ,08918,00017,3,1,2,5,141.126748251748,1, ,1,0,0,1,02,ANCASH,01,HUARAZ,05,INDEPENDENCIA,1, 
2021,02,ANCASH,01,HUARAZ,01,HUARAZ,08918,00051,7,1,2,5,141.126748251748,1, ,1,1,0,1,02,ANCASH,06,CARHUAZ,06,MARCARA,6, 
2021,02,ANCASH,01,HUARAZ,08,OLLEROS,08960,00061,8,1,2,5,131.046266233766,1, ,1,1,0,1,02,ANCASH,06,CARHUAZ,01,CARHUAZ,2, 
2021,02,ANCASH,06,CARHUAZ,10,TINCO,08989,00022,4,1,2,5,131.046266233766,1, ,1,1,0,1,02,ANCASH,12,HUAYLAS,01,CARAZ,3, 
2021,02,ANCASH,06,CARHUAZ,03,AMASHCA,08995,00004,1,1,2,5,152.887310606061,1, ,1,1,0,1,02,ANCASH,20,YUNGAY,03,MANCOS,2, 
2021,02,ANCASH,06,CARHUAZ,03,AMASHCA,08995,00019,3,1,2,5,152.887310606061,1, ,1,1,0,1,02,ANCASH,20,YUNGAY,03,MANCOS,2, 
2021,02,ANCASH,06,CARHUAZ,09,SHILLA,09007,00007,1,1,2,5,141.126748251748,1, ,1,1,0,1,02,ANCASH,06,CARHUAZ,03,AMASHCA,1, 
2021,02,ANCASH,06,CARHUAZ,09,SHILLA,09007,00077,9,1,2,5,141.126748251748,1, ,1,1,0,1,02,ANCASH,20,YUNGAY,03,MANCOS,3, 
2021,02,ANCASH,06,CARHUAZ,09,SHILLA,09007,00095,11,1,2,5,141.126748251748,1, ,1,0,0,1,02,ANCASH,20,YUNGAY,02,CASCAPARA,1, 
2021,02,ANCASH,06,CARHUAZ,09,SHILLA,09007,00123,14,1,2,5,141.126748251748,1, ,1,1,0,1,02,ANCASH,20,YUNGAY,03,MANCOS,3, 
2021,02,ANCASH,06,CARHUAZ,09,SHILLA,09013,00071,10,1,2,5,141.126748251748,1, ,1,1,0,1,02,ANCASH,06,CARHUAZ,03,AMASHCA,2, 
2021,02,ANCASH,06,CARHUAZ,02,ACOPAMPA,09070,00020,4,1,2,5,141.126748251748,1, ,1,1,0,1,02,ANCASH,06,CARHUAZ,10,TINCO,2, 
2021,02,ANCASH,06,CARHUAZ,02,ACOPAMPA,09070,00034,5,1,2,5,141.126748251748,1, ,1,1,0,1,02,ANCASH,06,CARHUAZ,01,CARHUAZ,2, 
2021,02,ANCASH,06,CARHUAZ,02,ACOPAMPA,09070,00080,12,1,2,5,141.126748251748,1, ,1,0,0,1,02,ANCASH,06,CARHUAZ,06,MARCARA,1, 
2021,02,ANCASH,06,CARHUAZ,02,ACOPAMPA,09070,00088,14,1,2,5,141.126748251748,1, ,1,0,0,1,02,ANCASH,06,CARHUAZ,01,CARHUAZ,5, 
2021,02,ANCASH,06,CARHUAZ,11,YUNGAR,09107,00055,6,1,2,5,141.126748251748,1, ,1,1,0,1,02,ANCASH,01,HUARAZ,01,HUARAZ,5, 
2021,02,ANCASH,06,CARHUAZ,11,YUNGAR,09107,00079,8,1,2,5,141.126748251748,1, ,0,1,0,1,02,ANCASH,01,HUARAZ,06,JANGAS,2, 
2021,02,ANCASH,06,CARHUAZ,11,YUNGAR,09107,00086,9,1,2,5,141.126748251748,1, ,1,1,0,1,02,ANCASH,01,HUARAZ,06,JANGAS,1, 
2021,02,ANCASH,06,CARHUAZ,08,SAN MIGUEL DE ACO,09131,00034,5,1,2,5,131.046266233766,1, ,1,1,0,1,02,ANCASH,06,CARHUAZ,07,PARIAHUANCA,3, 
2021,02,ANCASH,06,CARHUAZ,08,SAN MIGUEL DE ACO,09131,00056,8,1,2,5,131.046266233766,1, ,1,1,0,1,02,ANCASH,06,CARHUAZ,07,PARIAHUANCA,1, 
2021,02,ANCASH,03,ANTONIO RAYMONDI,01,LLAMELLIN,09227,00028,3,1,2,5,131.046266233766,1, ,1,1,0,1,02,ANCASH,03,ANTONIO RAYMONDI,03,CHACCHO,3, 
2021,02,ANCASH,03,ANTONIO RAYMONDI,01,LLAMELLIN,09227,00069,7,1,2,5,131.046266233766,1, ,1,1,0,1,02,ANCASH,03,ANTONIO RAYMONDI,03,CHACCHO,2, 
2021,02,ANCASH,03,ANTONIO RAYMONDI,01,LLAMELLIN,09227,00086,11,1,2,5,131.046266233766,1, ,1,1,0,1,02,ANCASH,03,ANTONIO RAYMONDI,04,CHINGAS,1, 
2021,02,ANCASH,10,HUARI,01,HUARI,09273,00079,13,1,2,5,131.046266233766,1, ,1,1,0,1,02,ANCASH,10,HUARI,03,CAJAY,2, 
2021,02,ANCASH,10,HUARI,01,HUARI,09274,00035,8,1,2,5,131.046266233766,1, ,1,0,0,1,02,ANCASH,10,HUARI,12,RAHUAPAMPA,3, 
2021,02,ANCASH,10,HUARI,01,HUARI,09274,00038,9,1,2,5,131.046266233766,1, ,1,1,0,1,02,ANCASH,10,HUARI,03,CAJAY,10, 
2021,02,ANCASH,10,HUARI,07,HUACHIS,09304,00047,5,1,2,5,152.887310606061,1, ,1,1,0,1,02,ANCASH,10,HUARI,01,HUARI,1, 
2021,02,ANCASH,10,HUARI,04,CHAVIN DE HUANTAR,09342,00054,9,1,2,5,141.126748251748,1, ,1,1,0,1,02,ANCASH,10,HUARI,08,HUANTAR,4, 
2021,02,ANCASH,10,HUARI,04,CHAVIN DE HUANTAR,09342,00064,10,1,2,5,141.126748251748,1, ,1,1,0,1,02,ANCASH,10,HUARI,14,SAN MARCOS,4, 
2021,02,ANCASH,10,HUARI,04,CHAVIN DE HUANTAR,09342,00067,11,1,2,5,141.126748251748,1, ,1,1,0,1,02,ANCASH,10,HUARI,14,SAN MARCOS,3, 
2021,02,ANCASH,10,HUARI,04,CHAVIN DE HUANTAR,09342,00075,13,1,2,5,141.126748251748,1, ,1,1,0,1,02,ANCASH,10,HUARI,14,SAN MARCOS,8, 
2021,02,ANCASH,10,HUARI,04,CHAVIN DE HUANTAR,09343,00036,6,1,2,5,131.046266233766,1, ,1,1,0,1,02,ANCASH,10,HUARI,14,SAN MARCOS,5, 
2021,02,ANCASH,10,HUARI,04,CHAVIN DE HUANTAR,09343,00082,12,1,2,5,131.046266233766,1, ,1,1,0,1,02,ANCASH,10,HUARI,14,SAN MARCOS,2, 
2021,02,ANCASH,10,HUARI,14,SAN MARCOS,09385,00022,3,1,2,5,152.887310606061,1, ,1,1,0,1,02,ANCASH,10,HUARI,04,CHAVIN DE HUANTAR,1, 
2021,02,ANCASH,10,HUARI,14,SAN MARCOS,09385,00065,7,1,2,5,152.887310606061,1, ,1,0,0,1,02,ANCASH,10,HUARI,04,CHAVIN DE HUANTAR,4, 
2021,02,ANCASH,10,HUARI,14,SAN MARCOS,09385,00103,11,1,2,5,152.887310606061,1, ,1,0,0,1,02,ANCASH,10,HUARI,04,CHAVIN DE HUANTAR,2, 
2021,02,ANCASH,10,HUARI,14,SAN MARCOS,09385,00124,14,1,2,5,152.887310606061,1, ,1,1,0,1,02,ANCASH,10,HUARI,04,CHAVIN DE HUANTAR,2, 
2021,02,ANCASH,10,HUARI,05,HUACACHI,09410,00059,6,1,2,5,141.126748251748,1, ,1,0,0,1,02,ANCASH,18,SANTA,09,NUEVO CHIMBOTE,1, 
2021,02,ANCASH,11,HUARMEY,01,HUARMEY,09491,00077,11,1,1,2,60.8080357142857,1, ,1,0,0,1,02,ANCASH,11,HUARMEY,03,CULEBRAS,1, 
2021,10,HUÁNUCO,04,HUACAYBAMBA,04,PINRA,09619,00060,3,1,2,5,76.7151675485009,1, ,1,1,0,1,10,HUANUCO,07,MARAÑON,02,CHOLON,1, 
2021,10,HUÁNUCO,04,HUACAYBAMBA,04,PINRA,09623,00034,3,1,2,5,76.7151675485009,1, ,1,1,0,1,10,HUANUCO,07,MARAÑON,02,CHOLON,1, 
2021,10,HUÁNUCO,04,HUACAYBAMBA,01,HUACAYBAMBA,09637,00088,10,1,2,5,76.7151675485009,1, ,1,1,0,1,10,HUANUCO,04,HUACAYBAMBA,03,COCHABAMBA,1, 
2021,10,HUÁNUCO,04,HUACAYBAMBA,01,HUACAYBAMBA,09637,00109,12,1,2,5,76.7151675485009,1, ,1,1,0,1,10,HUANUCO,04,HUACAYBAMBA,03,COCHABAMBA,2, 
2021,10,HUÁNUCO,04,HUACAYBAMBA,01,HUACAYBAMBA,09637,00125,14,1,2,5,76.7151675485009,1, ,1,1,0,1,10,HUANUCO,04,HUACAYBAMBA,03,COCHABAMBA,1, 
2021,10,HUÁNUCO,05,HUAMALIES,07,MONZON,09650,00123,10,1,2,5,76.7151675485009,1, ,1,1,0,1,10,HUANUCO,05,HUAMALIES,06,MIRAFLORES,5, 
2021,10,HUÁNUCO,05,HUAMALIES,10,SINGA,09695,00046,8,1,2,5,76.7151675485009,1, ,1,1,0,1,10,HUANUCO,05,HUAMALIES,08,PUNCHAO,3, 
2021,10,HUÁNUCO,05,HUAMALIES,10,SINGA,09696,00051,7,1,2,5,76.7151675485009,1, ,1,1,0,2,10,HUANUCO,05,HUAMALIES,07,MONZON,1, 
2021,10,HUÁNUCO,05,HUAMALIES,10,SINGA,09696,00051,7,1,2,5,76.7151675485009,1, ,1,1,0,1,10,HUANUCO,05,HUAMALIES,03,CHAVIN DE PARIARCA,1, 
2021,10,HUÁNUCO,05,HUAMALIES,01,LLATA,09722,00040,6,1,2,5,76.7151675485009,1, ,1,1,0,1,10,HUANUCO,05,HUAMALIES,10,SINGA,2, 
2021,10,HUÁNUCO,05,HUAMALIES,01,LLATA,09722,00083,14,1,2,5,76.7151675485009,1, ,1,1,0,1,10,HUANUCO,05,HUAMALIES,05,JIRCAN,1, 
2021,10,HUÁNUCO,05,HUAMALIES,01,LLATA,09728,00006,2,1,2,5,76.7151675485009,1, ,1,1,0,1,10,HUANUCO,05,HUAMALIES,09,PUÑOS,1, 
2021,10,HUÁNUCO,06,LEONCIO PRADO,04,JOSE CRESPO Y CASTILLO,09780,00046,3,1,3,7,163.793650793651,1, ,1,1,0,1,10,HUANUCO,01,HUANUCO,05,MARGOS,5, 
2021,10,HUÁNUCO,06,LEONCIO PRADO,06,MARIANO DAMASO BERAUN,09842,00012,3,1,3,7,163.793650793651,1, ,1,1,0,1,10,HUANUCO,06,LEONCIO PRADO,05,LUYANDO,1, 
2021,10,HUÁNUCO,06,LEONCIO PRADO,06,MARIANO DAMASO BERAUN,09842,00012,3,1,3,7,163.793650793651,1, ,1,1,0,2,10,HUANUCO,06,LEONCIO PRADO,08,CASTILLO GRANDE,1, 
2021,10,HUÁNUCO,09,PUERTO INCA,04,TOURNAVISTA,09871,00039,4,1,3,7,163.793650793651,1, ,1,1,0,1,10,HUANUCO,08,PACHITEA,03,MOLINO,1, 
2021,10,HUÁNUCO,08,PACHITEA,04,UMARI,09919,00067,6,1,2,5,82.616334283001,1, ,1,1,0,1,10,HUANUCO,06,LEONCIO PRADO,04,JOSE CRESPO Y CASTILLO,1, 
2021,10,HUÁNUCO,08,PACHITEA,04,UMARI,09919,00092,8,1,2,5,82.616334283001,1, ,1,1,0,1,10,HUANUCO,08,PACHITEA,01,PANAO,1, 
2021,10,HUÁNUCO,08,PACHITEA,04,UMARI,09919,00135,13,1,2,5,82.616334283001,1, ,1,1,0,1,10,HUANUCO,06,LEONCIO PRADO,04,JOSE CRESPO Y CASTILLO,1, 
2021,10,HUÁNUCO,08,PACHITEA,01,PANAO,09975,00006,1,1,2,5,76.7151675485009,1, ,1,0,0,1,10,HUANUCO,08,PACHITEA,04,UMARI,1, 
2021,10,HUÁNUCO,01,HUANUCO,03,CHINCHAO,10007,00052,9,1,2,5,76.7151675485009,1, ,1,1,0,1,10,HUANUCO,01,HUANUCO,09,SANTA MARIA DEL VALLE,1, 
2021,10,HUÁNUCO,01,HUANUCO,09,SANTA MARIA DEL VALLE,10079,00046,9,1,2,5,82.616334283001,1, ,1,1,0,1,10,HUANUCO,05,HUAMALIES,07,MONZON,1, 
2021,10,HUÁNUCO,01,HUANUCO,01,HUANUCO,10109,00030,3,1,2,5,82.616334283001,1, ,1,1,0,1,10,HUANUCO,10,LAURICOCHA,05,RONDOS,3, 
2021,10,HUÁNUCO,01,HUANUCO,01,HUANUCO,10109,00122,11,1,2,5,82.616334283001,1, ,1,1,0,1,10,HUANUCO,01,HUANUCO,11,PILLCO MARCA,1, 
2021,10,HUÁNUCO,01,HUANUCO,01,HUANUCO,10110,00008,2,1,2,5,76.7151675485009,1, ,1,0,0,1,10,HUANUCO,01,HUANUCO,02,AMARILIS,1, 
2021,10,HUÁNUCO,01,HUANUCO,01,HUANUCO,10110,00015,3,1,2,5,76.7151675485009,1, ,1,1,0,1,10,HUANUCO,01,HUANUCO,02,AMARILIS,2, 
2021,10,HUÁNUCO,01,HUANUCO,01,HUANUCO,10115,00040,6,1,2,5,82.616334283001,1, ,1,0,0,1,10,HUANUCO,02,AMBO,08,TOMAY KICHWA,1, 
2021,10,HUÁNUCO,01,HUANUCO,01,HUANUCO,10115,00060,10,1,2,5,82.616334283001,1, ,1,1,0,1,10,HUANUCO,01,HUANUCO,09,SANTA MARIA DEL VALLE,1, 
2021,10,HUÁNUCO,01,HUANUCO,01,HUANUCO,10115,00066,12,1,2,5,82.616334283001,1, ,1,1,0,1,10,HUANUCO,01,HUANUCO,09,SANTA MARIA DEL VALLE,1, 
2021,10,HUÁNUCO,01,HUANUCO,01,HUANUCO,10115,00079,14,1,2,5,82.616334283001,1, ,1,1,0,1,10,HUANUCO,01,HUANUCO,09,SANTA MARIA DEL VALLE,4, 
2021,10,HUÁNUCO,01,HUANUCO,02,AMARILIS,10116,00102,11,1,2,5,89.5010288065844,1, ,1,1,0,1,10,HUANUCO,01,HUANUCO,09,SANTA MARIA DEL VALLE,1, 
2021,10,HUÁNUCO,01,HUANUCO,11,PILLCO MARCA,10133,00065,8,1,2,5,82.6163342830009,1, ,1,1,0,1,10,HUANUCO,02,AMBO,04,CONCHAMARCA,1, 
2021,10,HUÁNUCO,01,HUANUCO,11,PILLCO MARCA,10134,00031,4,1,2,5,76.7151675485009,1, ,1,1,0,1,10,HUANUCO,02,AMBO,04,CONCHAMARCA,1, 
2021,10,HUÁNUCO,01,HUANUCO,11,PILLCO MARCA,10134,00114,13,1,2,5,76.7151675485009,1, ,1,1,0,1,10,HUANUCO,02,AMBO,04,CONCHAMARCA,1, 
2021,10,HUÁNUCO,01,HUANUCO,08,SAN PEDRO DE CHAULAN,10166,00060,6,1,2,5,76.7151675485009,1, ,1,1,0,1,10,HUANUCO,01,HUANUCO,10,YARUMAYO,1, 
2021,10,HUÁNUCO,03,DOS DE MAYO,13,PACHAS,10171,00105,12,1,2,5,82.6163342830009,1, ,1,1,0,1,10,HUANUCO,03,DOS DE MAYO,17,RIPAN,2, 
2021,10,HUÁNUCO,03,DOS DE MAYO,13,PACHAS,10171,00115,14,1,2,5,82.6163342830009,1, ,1,1,0,1,10,HUANUCO,05,HUAMALIES,01,LLATA,1, 
2021,10,HUÁNUCO,03,DOS DE MAYO,13,PACHAS,10178,00014,1,1,2,5,76.7151675485009,1, ,1,1,0,1,10,HUANUCO,03,DOS DE MAYO,22,SILLAPATA,1, 
2021,10,HUÁNUCO,03,DOS DE MAYO,13,PACHAS,10178,00121,7,1,2,5,76.7151675485009,1, ,1,1,0,1,10,HUANUCO,01,HUANUCO,11,PILLCO MARCA,1, 
2021,10,HUÁNUCO,03,DOS DE MAYO,21,SHUNQUI,10215,00029,5,1,2,5,76.7151675485009,1, ,1,1,0,1,10,HUANUCO,03,DOS DE MAYO,13,PACHAS,1, 
2021,10,HUÁNUCO,11,YAROWILCA,01,CHAVINILLO,10248,00020,2,1,2,5,76.7151675485009,1, ,1,1,0,1,10,HUANUCO,01,HUANUCO,08,SAN PEDRO DE CHAULAN,2, 
2021,10,HUÁNUCO,10,LAURICOCHA,06,SAN FRANCISCO DE ASIS,10302,00002,1,1,2,5,76.7151675485009,1, ,1,1,0,1,10,HUANUCO,02,AMBO,04,CONCHAMARCA,1, 
2021,10,HUÁNUCO,10,LAURICOCHA,06,SAN FRANCISCO DE ASIS,10302,00036,8,1,2,5,76.7151675485009,1, ,1,1,0,1,10,HUANUCO,11,YAROWILCA,08,CHORAS,1, 
2021,10,HUÁNUCO,10,LAURICOCHA,06,SAN FRANCISCO DE ASIS,10302,00059,12,1,2,5,76.7151675485009,1, ,1,1,0,1,10,HUANUCO,02,AMBO,04,CONCHAMARCA,1, 
2021,10,HUÁNUCO,10,LAURICOCHA,03,JIVIA,10307,00055,4,1,2,5,76.7151675485009,1, ,1,1,0,1,10,HUANUCO,10,LAURICOCHA,01,JESUS,1, 
2021,10,HUÁNUCO,10,LAURICOCHA,02,BAÑOS,10310,00035,4,1,2,5,76.7151675485009,1, ,1,1,0,1,10,HUANUCO,10,LAURICOCHA,05,RONDOS,1, 
2021,10,HUÁNUCO,10,LAURICOCHA,02,BAÑOS,10310,00058,7,1,2,5,76.7151675485009,1, ,1,0,0,1,10,HUANUCO,10,LAURICOCHA,01,JESUS,1, 
2021,10,HUÁNUCO,10,LAURICOCHA,02,BAÑOS,10311,00083,12,1,2,5,76.7151675485009,1, ,1,1,0,1,10,HUANUCO,10,LAURICOCHA,01,JESUS,2, 
2021,10,HUÁNUCO,10,LAURICOCHA,07,SAN MIGUEL DE CAURI,10331,00023,1,1,2,5,89.5010288065844,1, ,1,1,0,1,10,HUANUCO,10,LAURICOCHA,07,SAN MIGUEL DE CAURI,1, 
2021,10,HUÁNUCO,10,LAURICOCHA,07,SAN MIGUEL DE CAURI,10331,00111,8,1,2,5,89.5010288065844,1, ,1,1,0,1,10,HUANUCO,10,LAURICOCHA,01,JESUS,2, 
2021,10,HUÁNUCO,02,AMBO,01,AMBO,10353,00074,8,1,2,5,82.616334283001,1, ,1,1,0,1,10,HUANUCO,02,AMBO,01,AMBO,1, 
2021,10,HUÁNUCO,02,AMBO,05,HUACAR,10359,00034,6,1,2,5,76.7151675485009,1, ,1,0,0,1,10,HUANUCO,02,AMBO,04,CONCHAMARCA,2, 
2021,10,HUÁNUCO,02,AMBO,05,HUACAR,10359,00053,8,1,2,5,76.7151675485009,1, ,1,1,0,1,10,HUANUCO,02,AMBO,01,AMBO,2, 
2021,10,HUÁNUCO,02,AMBO,06,SAN FRANCISCO,10382,00024,3,1,2,5,76.7151675485009,1, ,1,1,0,1,10,HUANUCO,02,AMBO,02,CAYNA,2, 
2021,25,UCAYALI,03,PADRE ABAD,01,PADRE ABAD,10413,00010,2,1,3,7,23.7893772893773,1, ,1,1,0,1,25,UCAYALI,03,PADRE ABAD,01,PADRE ABAD,1, 
2021,25,UCAYALI,03,PADRE ABAD,01,PADRE ABAD,10428,00109,10,1,3,7,23.7893772893773,1, ,0,0,1,1,25,UCAYALI,03,PADRE ABAD,05,ALEXANDER VON HUMBOLDT,1, 
2021,25,UCAYALI,03,PADRE ABAD,03,CURIMANA,10431,00039,3,1,3,7,25.6193293885602,1, ,1,0,0,1,25,UCAYALI,01,CORONEL PORTILLO,06,NUEVA REQUENA,1, 
2021,25,UCAYALI,03,PADRE ABAD,03,CURIMANA,10441,00013,2,1,3,7,23.7893772893773,1, ,1,1,0,1,25,UCAYALI,03,PADRE ABAD,02,IRAZOLA,1, 
2021,25,UCAYALI,03,PADRE ABAD,02,IRAZOLA,10445,00070,7,1,3,7,23.7893772893773,1, ,1,1,0,1,25,UCAYALI,03,PADRE ABAD,03,CURIMANA,2, 
2021,25,UCAYALI,03,PADRE ABAD,02,IRAZOLA,10451,00084,9,1,3,7,23.7893772893773,1, ,1,1,0,1,25,UCAYALI,01,CORONEL PORTILLO,07,MANANTAY,1, 
2021,25,UCAYALI,01,CORONEL PORTILLO,05,YARINACOCHA,10482,00024,2,1,3,7,23.7893772893773,1, ,1,1,0,1,25,UCAYALI,01,CORONEL PORTILLO,07,MANANTAY,1, 
2021,25,UCAYALI,01,CORONEL PORTILLO,05,YARINACOCHA,10482,00058,5,1,3,7,23.7893772893773,1, ,1,1,0,1,25,UCAYALI,03,PADRE ABAD,01,PADRE ABAD,4, 
2021,25,UCAYALI,01,CORONEL PORTILLO,01,CALLERIA,10500,00007,2,1,3,7,23.7893772893773,1, ,0,0,1,1,25,UCAYALI,01,CORONEL PORTILLO,01,CALLERIA,1, 
2021,25,UCAYALI,01,CORONEL PORTILLO,02,CAMPOVERDE,10511,00024,2,1,3,7,27.7542735042735,1, ,1,1,0,1,25,UCAYALI,01,CORONEL PORTILLO,06,NUEVA REQUENA,1, 
2021,25,UCAYALI,01,CORONEL PORTILLO,02,CAMPOVERDE,10518,00114,11,1,3,7,23.7893772893773,1, ,1,1,0,1,25,UCAYALI,03,PADRE ABAD,04,NESHUYA,1, 
2021,25,UCAYALI,01,CORONEL PORTILLO,03,IPARIA,10549,00022,3,1,3,7,23.7893772893773,1, ,1,0,0,1,25,UCAYALI,01,CORONEL PORTILLO,04,MASISEA,1, 
2021,25,UCAYALI,01,CORONEL PORTILLO,03,IPARIA,10552,00018,2,1,3,7,23.7893772893773,1, ,1,0,0,1,25,UCAYALI,01,CORONEL PORTILLO,02,CAMPOVERDE,1, 
2021,25,UCAYALI,02,ATALAYA,03,TAHUANÍA,10561,00055,7,1,3,7,23.7893772893773,1, ,1,0,0,1,25,UCAYALI,01,CORONEL PORTILLO,03,IPARIA,2, 
2021,25,UCAYALI,02,ATALAYA,03,TAHUANÍA,10562,00153,14,1,3,7,23.7893772893773,1, ,1,1,0,1,25,UCAYALI,01,CORONEL PORTILLO,04,MASISEA,1, 
2021,19,PASCO,01,PASCO,06,PALLANCHACRA,10658,00093,9,1,2,5,23.3119047619048,1, ,1,1,0,1,19,PASCO,01,PASCO,03,HUARIACA,1, 
2021,19,PASCO,01,PASCO,06,PALLANCHACRA,10659,00013,2,1,2,5,23.3119047619048,1, ,1,1,0,1,19,PASCO,01,PASCO,08,SAN FRANCISCO DE ASIS DE YARUSYACAN,1, 
2021,19,PASCO,01,PASCO,06,PALLANCHACRA,10659,00068,9,1,2,5,23.3119047619048,1, ,1,1,0,1,19,PASCO,01,PASCO,08,SAN FRANCISCO DE ASIS DE YARUSYACAN,1, 
2021,19,PASCO,01,PASCO,10,TICLACAYAN,10664,00197,14,1,2,5,23.3119047619048,1, ,1,1,0,1,19,PASCO,01,PASCO,03,HUARIACA,2, 
2021,19,PASCO,01,PASCO,02,HUACHON,10672,00001,1,1,2,5,23.3119047619048,1, ,1,1,0,1,19,PASCO,01,PASCO,07,PAUCARTAMBO,1, 
2021,19,PASCO,01,PASCO,02,HUACHON,10678,00059,4,1,2,5,23.3119047619048,1, ,1,1,0,1,19,PASCO,01,PASCO,10,TICLACAYAN,6, 
2021,19,PASCO,01,PASCO,05,NINACACA,10712,00018,4,1,2,5,23.3119047619048,1, ,1,1,0,1,19,PASCO,01,PASCO,07,PAUCARTAMBO,1, 
2021,19,PASCO,01,PASCO,08,SAN FRANCISCO DE ASIS DE YARUSYACAN,10728,00119,14,1,2,5,23.3119047619048,1, ,1,0,0,1,19,PASCO,02,DANIEL ALCIDES CARRION,06,SANTA ANA DE TUSI,3, 
2021,19,PASCO,01,PASCO,08,SAN FRANCISCO DE ASIS DE YARUSYACAN,10731,00085,8,1,2,5,23.3119047619048,1, ,1,1,0,1,19,PASCO,01,PASCO,13,YANACANCHA,5, 
2021,19,PASCO,01,PASCO,08,SAN FRANCISCO DE ASIS DE YARUSYACAN,10732,00020,2,1,2,5,23.3119047619048,1, ,1,1,0,1,19,PASCO,01,PASCO,13,YANACANCHA,1, 
2021,19,PASCO,03,OXAPAMPA,07,VILLA RICA,10829,00032,4,1,3,7,47.9642857142857,1, ,1,0,0,1,19,PASCO,03,OXAPAMPA,08,CONSTITUCION,1, 
2021,12,JUNÍN,03,CHANCHAMAYO,01,CHANCHAMAYO,11069,00108,14,1,3,7,214.369047619048,1, ,1,1,0,1,12,JUNIN,04,JAUJA,12,JULCAN,3, 
2021,12,JUNÍN,03,CHANCHAMAYO,02,PERENÉ,11105,00043,6,1,3,7,214.369047619048,1, ,1,1,0,1,12,JUNIN,03,CHANCHAMAYO,03,PICHANAQUI,3, 
2021,12,JUNÍN,03,CHANCHAMAYO,03,PICHANAQUI,11207,00068,11,1,3,7,272.833333333333,1, ,1,1,0,1,12,JUNIN,03,CHANCHAMAYO,05,SAN RAMON,1, 
2021,12,JUNÍN,03,CHANCHAMAYO,03,PICHANAQUI,11210,00110,7,1,3,7,250.097222222222,1, ,1,1,0,1,12,JUNIN,03,CHANCHAMAYO,05,SAN RAMON,1, 
2021,12,JUNÍN,06,SATIPO,07,RÍO NEGRO,11248,00120,11,1,3,7,230.858974358974,1, ,1,1,0,1,12,JUNIN,06,SATIPO,08,RIO TAMBO,1, 
2021,12,JUNÍN,06,SATIPO,07,RÍO NEGRO,11265,00083,13,1,3,7,214.369047619048,1, ,1,1,0,1,12,JUNIN,06,SATIPO,08,RIO TAMBO,1, 
2021,12,JUNÍN,06,SATIPO,08,RÍO TAMBO,11305,00079,8,1,3,7,214.369047619048,1, ,1,1,0,1,12,JUNIN,06,SATIPO,04,MAZAMARI,3, 
2021,12,JUNÍN,04,JAUJA,03,APATA,11489,00020,3,1,2,5,85.0867346938776,1, ,1,1,0,2,12,JUNIN,04,JAUJA,06,CURICACA,7, 
2021,12,JUNÍN,04,JAUJA,03,APATA,11489,00020,3,1,2,5,85.0867346938776,1, ,1,1,0,1,12,JUNIN,04,JAUJA,03,APATA,1, 
2021,12,JUNÍN,04,JAUJA,03,APATA,11489,00028,6,1,2,5,85.0867346938776,1, ,1,1,0,1,12,JUNIN,02,CONCEPCION,10,MATAHUASI,1, 
2021,12,JUNÍN,04,JAUJA,03,APATA,11492,00025,6,1,2,5,85.0867346938775,1, ,1,0,0,1,12,JUNIN,04,JAUJA,07,EL MANTARO,4, 
2021,12,JUNÍN,04,JAUJA,03,APATA,11492,00079,14,1,2,5,85.0867346938775,1, ,1,1,0,1,12,JUNIN,04,JAUJA,04,ATAURA,10, 
2021,12,JUNÍN,04,JAUJA,07,EL MANTARO,11509,00016,2,1,2,5,85.0867346938775,1, ,1,1,0,1,12,JUNIN,04,JAUJA,08,HUAMALI,2, 
2021,12,JUNÍN,04,JAUJA,07,EL MANTARO,11509,00089,9,1,2,5,85.0867346938775,1, ,1,0,0,1,12,JUNIN,04,JAUJA,08,HUAMALI,1, 
2021,12,JUNÍN,04,JAUJA,07,EL MANTARO,11509,00099,12,1,2,5,85.0867346938775,1, ,1,1,0,1,12,JUNIN,04,JAUJA,03,APATA,1, 
2021,12,JUNÍN,04,JAUJA,07,EL MANTARO,11509,00117,13,1,2,5,85.0867346938775,1, ,1,1,0,1,12,JUNIN,04,JAUJA,28,SAN LORENZO,1, 
2021,12,JUNÍN,04,JAUJA,16,MASMA,11526,00025,3,1,2,5,85.0867346938776,1, ,1,0,0,2,12,JUNIN,04,JAUJA,08,HUAMALI,2, 
2021,12,JUNÍN,04,JAUJA,16,MASMA,11526,00025,3,1,2,5,85.0867346938776,1, ,1,0,0,1,12,JUNIN,04,JAUJA,04,ATAURA,1, 
2021,12,JUNÍN,04,JAUJA,10,HUERTAS,11532,00022,4,1,2,5,85.0867346938775,1, ,1,0,0,1,12,JUNIN,04,JAUJA,16,MASMA,4, 
2021,12,JUNÍN,04,JAUJA,10,HUERTAS,11532,00062,7,1,2,5,85.0867346938775,1, ,1,1,0,1,12,JUNIN,04,JAUJA,18,MOLINOS,1, 
2021,12,JUNÍN,04,JAUJA,10,HUERTAS,11532,00089,10,1,2,5,85.0867346938775,1, ,1,1,0,1,12,JUNIN,04,JAUJA,24,PANCAN,3, 
2021,12,JUNÍN,04,JAUJA,10,HUERTAS,11532,00138,14,1,2,5,85.0867346938775,1, ,1,1,0,2,12,JUNIN,04,JAUJA,12,JULCAN,2, 
2021,12,JUNÍN,04,JAUJA,10,HUERTAS,11532,00138,14,1,2,5,85.0867346938775,1, ,1,1,0,1,12,JUNIN,04,JAUJA,18,MOLINOS,3, 
2021,12,JUNÍN,04,JAUJA,10,HUERTAS,11532,00138,14,1,2,5,85.0867346938775,1, ,1,1,0,3,12,JUNIN,04,JAUJA,24,PANCAN,3, 
2021,12,JUNÍN,04,JAUJA,10,HUERTAS,11532,00138,14,1,2,5,85.0867346938775,1, ,1,1,0,4,12,JUNIN,04,JAUJA,30,SAUSA,1, 
2021,12,JUNÍN,04,JAUJA,02,ACOLLA,11560,00090,13,1,2,5,85.0867346938776,1, ,1,1,0,1,12,JUNIN,04,JAUJA,15,MARCO,1, 
2021,12,JUNÍN,04,JAUJA,02,ACOLLA,11566,00004,1,1,2,5,85.0867346938775,1, ,1,1,0,1,12,JUNIN,04,JAUJA,01,JAUJA,2, 
2021,12,JUNÍN,04,JAUJA,02,ACOLLA,11566,00075,9,1,2,5,85.0867346938775,1, ,1,1,0,1,12,JUNIN,04,JAUJA,01,JAUJA,1, 
2021,12,JUNÍN,04,JAUJA,06,CURICACA,11635,00064,9,1,2,5,85.0867346938776,1, ,1,1,0,1,12,JUNIN,04,JAUJA,11,JANJAILLO,12, 
2021,12,JUNÍN,02,CONCEPCION,07,HEROINAS TOLEDO,11671,00005,1,1,2,5,85.0867346938776,1, ,1,1,0,1,12,JUNIN,04,JAUJA,17,MASMA CHICCHE,3, 
2021,12,JUNÍN,02,CONCEPCION,07,HEROINAS TOLEDO,11671,00016,2,1,2,5,85.0867346938776,1, ,1,0,0,1,12,JUNIN,06,SATIPO,05,PAMPA HERMOSA,1, 
2021,12,JUNÍN,02,CONCEPCION,07,HEROINAS TOLEDO,11671,00023,3,1,2,5,85.0867346938776,1, ,1,1,0,1,12,JUNIN,04,JAUJA,17,MASMA CHICCHE,4, 
2021,12,JUNÍN,02,CONCEPCION,07,HEROINAS TOLEDO,11671,00104,13,1,2,5,85.0867346938776,1, ,1,1,0,1,12,JUNIN,04,JAUJA,17,MASMA CHICCHE,2, 
2021,12,JUNÍN,02,CONCEPCION,07,HEROINAS TOLEDO,11673,00001,1,1,2,5,85.0867346938776,1, ,1,1,0,1,12,JUNIN,02,CONCEPCION,15,SANTA ROSA DE OCOPA,1, 
2021,12,JUNÍN,02,CONCEPCION,07,HEROINAS TOLEDO,11673,00010,2,1,2,5,85.0867346938776,1, ,1,1,0,1,12,JUNIN,04,JAUJA,03,APATA,1, 
2021,12,JUNÍN,02,CONCEPCION,07,HEROINAS TOLEDO,11673,00020,3,1,2,5,85.0867346938776,1, ,0,0,1,1,12,JUNIN,02,CONCEPCION,15,SANTA ROSA DE OCOPA,2, 
2021,12,JUNÍN,02,CONCEPCION,07,HEROINAS TOLEDO,11673,00033,5,1,2,5,85.0867346938776,1, ,1,1,0,1,12,JUNIN,02,CONCEPCION,07,HEROINAS TOLEDO,1, 
2021,12,JUNÍN,02,CONCEPCION,07,HEROINAS TOLEDO,11673,00062,9,1,2,5,85.0867346938776,1, ,1,1,0,1,12,JUNIN,02,CONCEPCION,15,SANTA ROSA DE OCOPA,1, 
2021,12,JUNÍN,02,CONCEPCION,07,HEROINAS TOLEDO,11673,00066,10,1,2,5,85.0867346938776,1, ,0,0,1,1,12,JUNIN,04,JAUJA,03,APATA,1, 
2021,12,JUNÍN,02,CONCEPCION,07,HEROINAS TOLEDO,11673,00086,12,1,2,5,85.0867346938776,1, ,1,1,0,1,12,JUNIN,02,CONCEPCION,12,NUEVE DE JULIO,2, 
2021,12,JUNÍN,02,CONCEPCION,07,HEROINAS TOLEDO,11673,00091,13,1,2,5,85.0867346938776,1, ,1,1,0,1,12,JUNIN,02,CONCEPCION,15,SANTA ROSA DE OCOPA,1, 
2021,12,JUNÍN,02,CONCEPCION,08,MANZANARES,11714,00011,2,1,2,5,85.0867346938775,1, ,1,1,0,1,12,JUNIN,09,CHUPACA,04,HUACHAC,1, 
2021,12,JUNÍN,02,CONCEPCION,08,MANZANARES,11714,00011,2,1,2,5,85.0867346938775,1, ,1,1,0,2,12,JUNIN,02,CONCEPCION,13,ORCOTUNA,4, 
2021,12,JUNÍN,02,CONCEPCION,08,MANZANARES,11714,00022,4,1,2,5,85.0867346938775,1, ,1,1,0,1,12,JUNIN,09,CHUPACA,04,HUACHAC,18, 
2021,12,JUNÍN,02,CONCEPCION,14,SAN JOSE DE QUERO,11728,00122,12,1,2,5,85.0867346938775,1, ,1,1,0,1,12,JUNIN,09,CHUPACA,04,HUACHAC,7, 
2021,12,JUNÍN,09,CHUPACA,01,CHUPACA,11777,00016,2,1,2,5,85.0867346938776,1, ,1,1,0,1,12,JUNIN,09,CHUPACA,02,AHUAC,2, 
2021,12,JUNÍN,09,CHUPACA,01,CHUPACA,11777,00036,5,1,2,5,85.0867346938776,1, ,1,1,0,1,12,JUNIN,09,CHUPACA,06,SAN JUAN DE ISCOS,2, 
2021,12,JUNÍN,09,CHUPACA,01,CHUPACA,11777,00044,6,1,2,5,85.0867346938776,1, ,1,1,0,1,12,JUNIN,09,CHUPACA,04,HUACHAC,1, 
2021,12,JUNÍN,09,CHUPACA,01,CHUPACA,11777,00060,8,1,2,5,85.0867346938776,1, ,1,0,0,1,12,JUNIN,09,CHUPACA,02,AHUAC,5, 
2021,12,JUNÍN,09,CHUPACA,01,CHUPACA,11777,00069,9,1,2,5,85.0867346938776,1, ,1,1,0,1,12,JUNIN,09,CHUPACA,04,HUACHAC,2, 
2021,12,JUNÍN,09,CHUPACA,01,CHUPACA,11777,00095,14,1,2,5,85.0867346938776,1, ,1,0,0,1,12,JUNIN,09,CHUPACA,02,AHUAC,3, 
2021,12,JUNÍN,09,CHUPACA,01,CHUPACA,11779,00012,2,1,2,5,91.6318681318681,1, ,1,0,0,1,12,JUNIN,09,CHUPACA,04,HUACHAC,1, 
2021,12,JUNÍN,09,CHUPACA,01,CHUPACA,11779,00012,2,1,2,5,91.6318681318681,1, ,1,0,0,2,12,JUNIN,01,HUANCAYO,34,SICAYA,2, 
2021,12,JUNÍN,09,CHUPACA,01,CHUPACA,11779,00021,3,1,2,5,91.6318681318681,1, ,1,0,0,1,12,JUNIN,01,HUANCAYO,34,SICAYA,1, 
2021,12,JUNÍN,09,CHUPACA,01,CHUPACA,11779,00050,8,1,2,5,91.6318681318681,1, ,1,1,0,1,12,JUNIN,01,HUANCAYO,34,SICAYA,1, 
2021,12,JUNÍN,09,CHUPACA,01,CHUPACA,11779,00059,9,1,2,5,91.6318681318681,1, ,1,1,0,1,12,JUNIN,01,HUANCAYO,34,SICAYA,2, 
2021,12,JUNÍN,09,CHUPACA,01,CHUPACA,11780,00001,1,1,2,5,148.901785714286,1, ,1,0,0,1,12,JUNIN,01,HUANCAYO,34,SICAYA,1, 
2021,12,JUNÍN,09,CHUPACA,01,CHUPACA,11780,00027,5,1,2,5,148.901785714286,1, ,1,1,0,1,12,JUNIN,01,HUANCAYO,34,SICAYA,2, 
2021,12,JUNÍN,09,CHUPACA,01,CHUPACA,11780,00064,12,1,2,5,148.901785714286,1, ,1,0,0,1,12,JUNIN,01,HUANCAYO,34,SICAYA,2, 
2021,12,JUNÍN,09,CHUPACA,01,CHUPACA,11787,00051,9,1,2,5,91.6318681318681,1, ,1,0,0,1,12,JUNIN,09,CHUPACA,02,AHUAC,4, 
2021,12,JUNÍN,09,CHUPACA,01,CHUPACA,11787,00054,10,1,2,5,91.6318681318681,1, ,1,0,0,1,12,JUNIN,01,HUANCAYO,14,EL TAMBO,2, 
2021,12,JUNÍN,09,CHUPACA,01,CHUPACA,11787,00057,11,1,2,5,91.6318681318681,1, ,1,1,0,1,12,JUNIN,09,CHUPACA,02,AHUAC,1, 
2021,12,JUNÍN,09,CHUPACA,06,SAN JUAN DE YSCOS,11819,00041,7,1,2,5,85.0867346938776,1, ,1,1,0,1,12,JUNIN,09,CHUPACA,02,AHUAC,1, 
2021,12,JUNÍN,09,CHUPACA,06,SAN JUAN DE YSCOS,11819,00049,9,1,2,5,85.0867346938776,1, ,1,1,0,1,12,JUNIN,09,CHUPACA,01,CHUPACA,2, 
2021,12,JUNÍN,09,CHUPACA,06,SAN JUAN DE YSCOS,11819,00051,10,1,2,5,85.0867346938776,1, ,1,0,0,1,12,JUNIN,09,CHUPACA,02,AHUAC,3, 
2021,12,JUNÍN,01,HUANCAYO,28,QUILCAS,11852,00006,2,1,2,5,85.0867346938775,1, ,1,1,0,1,12,JUNIN,01,HUANCAYO,30,SAN JERONIMO DE TUNAN,1, 
2021,12,JUNÍN,01,HUANCAYO,28,QUILCAS,11852,00088,11,1,2,5,85.0867346938775,1, ,1,1,0,1,12,JUNIN,02,CONCEPCION,07,HEROINAS TOLEDO,8, 
2021,12,JUNÍN,01,HUANCAYO,28,QUILCAS,11852,00092,12,1,2,5,85.0867346938775,1, ,1,0,0,1,12,JUNIN,01,HUANCAYO,32,SAÑO,2, 
2021,12,JUNÍN,01,HUANCAYO,28,QUILCAS,11852,00092,12,1,2,5,85.0867346938775,1, ,1,0,0,2,12,JUNIN,01,HUANCAYO,30,SAN JERONIMO DE TUNAN,1, 
2021,12,JUNÍN,01,HUANCAYO,35,SANTO DOMINGO DE ACOBAMBA,11853,00060,10,1,2,5,85.0867346938775,1, ,1,1,0,1,12,JUNIN,06,SATIPO,01,SATIPO,2, 
2021,12,JUNÍN,01,HUANCAYO,35,SANTO DOMINGO DE ACOBAMBA,11853,00084,14,1,2,5,85.0867346938775,1, ,1,0,0,1,12,JUNIN,02,CONCEPCION,03,ANDAMARCA,1, 
2021,12,JUNÍN,01,HUANCAYO,14,EL TAMBO,11896,00068,9,1,2,5,85.0867346938775,1, ,1,1,0,1,12,JUNIN,06,SATIPO,99,MAZAMARI - PANGOA,1, 
2021,12,JUNÍN,01,HUANCAYO,14,EL TAMBO,11897,00015,1,1,2,5,85.0867346938775,1, ,1,1,0,1,12,JUNIN,06,SATIPO,99,MAZAMARI - PANGOA,1, 
2021,12,JUNÍN,01,HUANCAYO,14,EL TAMBO,11897,00128,13,1,2,5,85.0867346938775,1, ,1,1,0,1,12,JUNIN,01,HUANCAYO,32,SAÑO,1, 
2021,12,JUNÍN,01,HUANCAYO,25,PILCOMAYO,11921,00005,2,1,2,5,85.0867346938776,1, ,1,1,0,1,12,JUNIN,09,CHUPACA,01,CHUPACA,3, 
2021,12,JUNÍN,01,HUANCAYO,25,PILCOMAYO,11921,00122,13,1,2,5,85.0867346938776,1, ,1,0,0,1,12,JUNIN,01,HUANCAYO,34,SICAYA,2, 
2021,12,JUNÍN,01,HUANCAYO,19,HUANCAN,11927,00084,8,1,2,5,85.0867346938776,1, ,1,1,0,1,12,JUNIN,01,HUANCAYO,33,SAPALLANGA,1, 
2021,12,JUNÍN,01,HUANCAYO,19,HUANCAN,11927,00084,8,1,2,5,85.0867346938776,1, ,1,1,0,2,12,JUNIN,01,HUANCAYO,26,PUCARA,5, 
2021,12,JUNÍN,01,HUANCAYO,21,HUAYUCACHI,11934,00038,5,1,2,5,91.6318681318681,1, ,1,1,0,1,12,JUNIN,09,CHUPACA,01,CHUPACA,2, 
2021,12,JUNÍN,01,HUANCAYO,16,HUACRAPUQUIO,11974,00009,1,1,2,5,85.0867346938775,1, ,1,1,0,1,12,JUNIN,01,HUANCAYO,36,VIQUES,1, 
2021,12,JUNÍN,01,HUANCAYO,16,HUACRAPUQUIO,11974,00042,5,1,2,5,85.0867346938775,1, ,1,1,0,1,12,JUNIN,01,HUANCAYO,13,CULLHUAS,3, 
2021,12,JUNÍN,01,HUANCAYO,16,HUACRAPUQUIO,11974,00060,9,1,2,5,85.0867346938775,1, ,1,1,0,1,12,JUNIN,01,HUANCAYO,13,CULLHUAS,3, 
2021,12,JUNÍN,01,HUANCAYO,16,HUACRAPUQUIO,11974,00070,10,1,2,5,85.0867346938775,1, ,1,1,0,1,12,JUNIN,01,HUANCAYO,13,CULLHUAS,4, 
2021,12,JUNÍN,01,HUANCAYO,16,HUACRAPUQUIO,11974,00082,12,1,2,5,85.0867346938775,1, ,1,1,0,1,12,JUNIN,01,HUANCAYO,36,VIQUES,5, 
2021,12,JUNÍN,01,HUANCAYO,16,HUACRAPUQUIO,11974,00097,13,1,2,5,85.0867346938775,1, ,1,1,0,1,12,JUNIN,01,HUANCAYO,13,CULLHUAS,4, 
2021,12,JUNÍN,01,HUANCAYO,16,HUACRAPUQUIO,11974,00100,14,1,2,5,85.0867346938775,1, ,1,1,0,1,12,JUNIN,01,HUANCAYO,36,VIQUES,3, 
2021,15,LIMA,02,BARRANCA,03,PATIVILCA,12005,00149,13,1,1,2,67.0607142857143,1, ,1,0,0,1,15,LIMA,02,BARRANCA,01,BARRANCA,1, 
2021,15,LIMA,02,BARRANCA,03,PATIVILCA,12005,00158,14,1,1,2,67.0607142857143,1, ,1,1,0,1,15,LIMA,02,BARRANCA,01,BARRANCA,2, 
2021,15,LIMA,02,BARRANCA,01,BARRANCA,12023,00018,2,1,1,2,78.2375,1, ,1,0,0,1,15,LIMA,08,HUAURA,05,HUALMAY,2, 
2021,15,LIMA,02,BARRANCA,01,BARRANCA,12023,00020,3,1,1,2,78.2375,1, ,1,0,0,1,15,LIMA,08,HUAURA,12,VEGUETA,2, 
2021,15,LIMA,02,BARRANCA,01,BARRANCA,12023,00028,4,1,1,2,78.2375,1, ,1,0,0,1,15,LIMA,08,HUAURA,06,HUAURA,3, 
2021,15,LIMA,02,BARRANCA,01,BARRANCA,12023,00098,10,1,1,2,78.2375,1, ,1,1,0,1,15,LIMA,02,BARRANCA,04,SUPE,3, 
2021,15,LIMA,02,BARRANCA,05,SUPE PUERTO,12026,00113,14,1,1,2,67.0607142857143,1, ,1,0,0,1,15,LIMA,08,HUAURA,12,VEGUETA,2, 
2021,15,LIMA,08,HUAURA,06,HUAURA,12106,00001,1,1,1,2,78.2375,1, ,1,1,0,1,15,LIMA,08,HUAURA,11,SAYAN,1, 
2021,15,LIMA,08,HUAURA,06,HUAURA,12109,00086,12,1,1,2,67.0607142857143,1, ,1,0,0,1,15,LIMA,02,BARRANCA,04,SUPE,5, 
2021,15,LIMA,08,HUAURA,01,HUACHO,12131,00036,5,1,1,2,78.2375,1, ,1,0,0,1,15,LIMA,08,HUAURA,10,SANTA MARIA,1, 
2021,15,LIMA,08,HUAURA,01,HUACHO,12131,00083,12,1,1,2,78.2375,1, ,1,0,0,1,15,LIMA,08,HUAURA,06,HUAURA,1, 
2021,15,LIMA,08,HUAURA,11,SAYAN,12144,00097,10,1,1,2,67.0607142857143,1, ,1,1,0,1,15,LIMA,08,HUAURA,10,SANTA MARIA,1, 
2021,15,LIMA,08,HUAURA,11,SAYAN,12147,00096,9,1,1,2,78.2375,1, ,1,0,0,1,15,LIMA,08,HUAURA,01,HUACHO,2, 
2021,15,LIMA,06,HUARAL,07,LAMPIAN,12170,00069,5,1,2,5,65.9224489795918,1, ,1,0,0,1,15,LIMA,06,HUARAL,01,HUARAL,1, 
2021,15,LIMA,06,HUARAL,07,LAMPIAN,12170,00072,6,1,2,5,65.9224489795918,1, ,1,0,0,1,15,LIMA,06,HUARAL,06,IHUARI,1, 
2021,15,LIMA,04,CANTA,02,ARAHUAY,12262,00070,9,1,2,5,65.9224489795918,1, ,1,0,0,1,15,LIMA,07,HUAROCHIRI,16,SAN ANTONIO,3, 
2021,15,LIMA,01,LIMA,06,CARABAYLLO,12273,00092,11,1,1,2,130.722222222222,1, ,0,0,1,1,15,LIMA,01,LIMA,19,LURIN,1, 
2021,15,LIMA,01,LIMA,23,PACHACAMAC,12317,00055,9,1,1,2,104.577777777778,1, ,0,1,0,1,15,LIMA,10,YAUYOS,22,OMAS,1, 
2021,15,LIMA,01,LIMA,19,LURIN,12324,00075,10,1,1,2,174.296296296296,1, ,1,1,0,1,15,LIMA,05,CAÑETE,07,IMPERIAL,1, 
2021,15,LIMA,01,LIMA,19,LURIN,12327,00076,8,1,1,2,104.577777777778,1, ,1,1,0,1,15,LIMA,05,CAÑETE,14,SAN LUIS,1, 
2021,15,LIMA,07,HUAROCHIRI,28,SANTA EULALIA,12357,00061,7,1,2,5,65.9224489795918,1, ,1,0,0,1,15,LIMA,07,HUAROCHIRI,03,CALLAHUANCA,1, 
2021,15,LIMA,07,HUAROCHIRI,09,HUAROCHIRI,12398,00006,1,1,2,5,65.9224489795918,1, ,1,1,0,1,15,LIMA,07,HUAROCHIRI,29,SANTIAGO DE ANCHUCAYA,8, 
2021,15,LIMA,07,HUAROCHIRI,09,HUAROCHIRI,12398,00030,4,1,2,5,65.9224489795918,1, ,1,1,0,1,15,LIMA,07,HUAROCHIRI,29,SANTIAGO DE ANCHUCAYA,8, 
2021,15,LIMA,07,HUAROCHIRI,09,HUAROCHIRI,12399,00010,3,1,2,5,102.546031746032,1, ,1,0,0,1,15,LIMA,07,HUAROCHIRI,09,HUAROCHIRI,1, 
2021,15,LIMA,05,CAÑETE,03,CALANGO,12492,00047,8,1,1,2,67.0607142857143,1, ,1,0,0,1,15,LIMA,05,CAÑETE,15,SANTA CRUZ DE FLORES,1, 
2021,15,LIMA,05,CAÑETE,09,MALA,12516,00041,8,1,1,2,67.0607142857143,1, ,1,0,0,1,15,LIMA,05,CAÑETE,15,SANTA CRUZ DE FLORES,1, 
2021,15,LIMA,05,CAÑETE,09,MALA,12516,00064,12,1,1,2,67.0607142857143,1, ,1,0,0,2,15,LIMA,05,CAÑETE,15,SANTA CRUZ DE FLORES,3, 
2021,15,LIMA,05,CAÑETE,09,MALA,12516,00064,12,1,1,2,67.0607142857143,1, ,1,0,0,1,15,LIMA,05,CAÑETE,13,SAN ANTONIO,2, 
2021,15,LIMA,05,CAÑETE,10,NUEVO IMPERIAL,12562,00028,5,1,1,2,85.35,1, ,1,0,0,1,15,LIMA,05,CAÑETE,14,SAN LUIS,1, 
2021,15,LIMA,05,CAÑETE,01,SAN VICENTE DE CAÑETE,12579,00023,3,1,1,2,72.2192307692308,1, ,1,1,0,1,15,LIMA,05,CAÑETE,10,NUEVO IMPERIAL,1, 
2021,15,LIMA,05,CAÑETE,16,ZUÑIGA,12625,00038,5,1,1,2,72.2192307692308,1, ,1,0,0,1,15,LIMA,10,YAUYOS,03,ALLAUCA,1, 
2021,15,LIMA,05,CAÑETE,16,ZUÑIGA,12625,00091,10,1,1,2,72.2192307692308,1, ,1,0,0,1,15,LIMA,05,CAÑETE,11,PACARAN,2, 
2021,15,LIMA,05,CAÑETE,16,ZUÑIGA,12625,00093,11,1,1,2,72.2192307692308,1, ,1,0,0,1,15,LIMA,05,CAÑETE,11,PACARAN,1, 
2021,11,ICA,02,CHINCHA,06,GROCIO PRADO,12642,00028,4,1,1,2,28.5741758241758,1, ,1,0,0,1,11,ICA,02,CHINCHA,02,ALTO LARAN,1, 
2021,11,ICA,02,CHINCHA,10,SUNAMPE,12665,00099,8,1,1,2,44.4487179487179,1, ,1,0,0,1,11,ICA,02,CHINCHA,01,CHINCHA ALTA,1, 
2021,11,ICA,02,CHINCHA,05,EL CARMEN,12699,00052,7,1,1,2,40.0038461538462,1, ,1,0,0,1,11,ICA,05,PISCO,07,SAN CLEMENTE,3, 
2021,11,ICA,05,PISCO,07,SAN CLEMENTE,12703,00067,6,1,1,2,28.5741758241758,1, ,1,1,0,1,11,ICA,05,PISCO,04,INDEPENDENCIA,1, 
2021,11,ICA,05,PISCO,04,INDEPENDENCIA,12714,00070,8,1,1,2,30.7721893491124,1, ,1,0,0,1,11,ICA,05,PISCO,03,HUMAY,1, 
2021,11,ICA,05,PISCO,02,HUANCANO,12716,00126,10,1,2,5,13.9795918367347,1, ,0,0,1,1,11,ICA,05,PISCO,04,INDEPENDENCIA,1, 
2021,11,ICA,05,PISCO,03,HUMAY,12719,00007,2,1,1,2,28.5741758241758,1, ,1,0,0,1,11,ICA,05,PISCO,04,INDEPENDENCIA,1, 
2021,11,ICA,05,PISCO,03,HUMAY,12719,00119,10,1,1,2,28.5741758241758,1, ,1,0,0,1,11,ICA,05,PISCO,04,INDEPENDENCIA,3, 
2021,11,ICA,05,PISCO,01,PISCO,12728,00025,3,1,1,2,30.7721893491124,1, ,1,1,0,1,11,ICA,05,PISCO,07,SAN CLEMENTE,1, 
2021,11,ICA,05,PISCO,01,PISCO,12728,00074,11,1,1,2,30.7721893491124,1, ,1,1,0,1,11,ICA,05,PISCO,03,HUMAY,1, 
2021,11,ICA,01,ICA,12,SUBTANJALLA,12777,00045,4,1,1,2,30.7721893491124,1, ,1,0,0,1,11,ICA,01,ICA,08,SALAS,1, 
2021,11,ICA,01,ICA,12,SUBTANJALLA,12777,00058,5,1,1,2,30.7721893491124,1, ,1,1,0,1,11,ICA,01,ICA,08,SALAS,1, 
2021,11,ICA,01,ICA,12,SUBTANJALLA,12780,00065,8,1,1,2,30.7721893491124,1, ,1,1,0,1,11,ICA,01,ICA,11,SANTIAGO,1, 
2021,11,ICA,01,ICA,12,SUBTANJALLA,12780,00108,13,1,1,2,30.7721893491124,1, ,1,0,0,1,11,ICA,01,ICA,10,SAN JUAN BAUTISTA,1, 
2021,11,ICA,01,ICA,03,LOS AQUIJES,12808,00092,10,1,1,2,36.3671328671329,1, ,1,0,0,2,11,ICA,01,ICA,07,PUEBLO NUEVO,1, 
2021,11,ICA,01,ICA,03,LOS AQUIJES,12808,00092,10,1,1,2,36.3671328671329,1, ,1,0,0,1,11,ICA,01,ICA,03,LOS AQUIJES,1, 
2021,11,ICA,01,ICA,07,PUEBLO NUEVO,12812,00047,5,1,1,2,28.5741758241758,1, ,1,0,0,1,11,ICA,01,ICA,11,SANTIAGO,1, 
2021,11,ICA,01,ICA,07,PUEBLO NUEVO,12812,00130,13,1,1,2,28.5741758241758,1, ,1,0,0,1,11,ICA,01,ICA,11,SANTIAGO,1, 
2021,11,ICA,01,ICA,13,TATE,12831,00090,9,1,1,2,28.5741758241758,1, ,1,0,0,1,11,ICA,01,ICA,08,SALAS,1, 
2021,11,ICA,01,ICA,05,PACHACUTEC,12840,00017,4,1,1,2,28.5741758241758,1, ,1,0,0,1,11,ICA,01,ICA,11,SANTIAGO,1, 
2021,11,ICA,01,ICA,11,SANTIAGO,12848,00040,5,1,1,2,28.5741758241758,1, ,1,1,0,1,11,ICA,01,ICA,05,PACHACUTEC,1, 
2021,11,ICA,01,ICA,11,SANTIAGO,12855,00006,2,1,1,2,36.3671328671329,1, ,1,1,0,1,11,ICA,01,ICA,07,PUEBLO NUEVO,1, 
2021,11,ICA,01,ICA,11,SANTIAGO,12862,00084,6,1,1,2,30.7721893491124,1, ,1,0,0,1,11,ICA,01,ICA,11,SANTIAGO,1, 
2021,11,ICA,03,NAZCA,01,NAZCA,12899,00081,7,1,1,2,33.3365384615385,1, ,1,1,0,1,11,ICA,03,NAZCA,02,CHANGUILLO,1, 
2021,09,HUANCAVELICA,07,TAYACAJA,15,SALCAHUASI,12924,00050,5,1,2,5,62.7380952380952,1, ,1,1,0,1,09,HUANCAVELICA,07,TAYACAJA,14,SALCABAMBA,4, 
2021,09,HUANCAVELICA,07,TAYACAJA,15,SALCAHUASI,12924,00098,10,1,2,5,62.7380952380952,1, ,0,0,1,1,09,HUANCAVELICA,07,TAYACAJA,14,SALCABAMBA,2, 
2021,09,HUANCAVELICA,07,TAYACAJA,18,TINTAY PUNCU,12942,00056,9,1,2,5,62.7380952380952,1, ,1,1,0,1,09,HUANCAVELICA,07,TAYACAJA,22,PICHOS,3, 
2021,09,HUANCAVELICA,07,TAYACAJA,05,COLCABAMBA,12949,00023,5,1,2,5,67.5641025641026,1, ,1,0,0,1,09,HUANCAVELICA,07,TAYACAJA,01,PAMPAS,1, 
2021,09,HUANCAVELICA,07,TAYACAJA,05,COLCABAMBA,12949,00070,12,1,2,5,67.5641025641026,1, ,1,0,0,1,09,HUANCAVELICA,07,TAYACAJA,05,COLCABAMBA,3, 
2021,09,HUANCAVELICA,07,TAYACAJA,05,COLCABAMBA,12952,00029,4,1,2,5,62.7380952380952,1, ,1,1,0,1,09,HUANCAVELICA,07,TAYACAJA,18,TINTAY PUNCU,2, 
2021,09,HUANCAVELICA,07,TAYACAJA,10,ÑAHUIMPUQUIO,13016,00062,8,1,2,5,62.7380952380952,1, ,1,1,0,1,09,HUANCAVELICA,01,HUANCAVELICA,12,MOYA,1, 
2021,09,HUANCAVELICA,07,TAYACAJA,04,AHUAYCHA,13035,00091,7,1,2,5,73.1944444444444,1, ,1,1,0,1,09,HUANCAVELICA,07,TAYACAJA,03,ACRAQUIA,2, 
2021,09,HUANCAVELICA,07,TAYACAJA,04,AHUAYCHA,13035,00181,13,1,2,5,73.1944444444444,1, ,0,0,1,1,09,HUANCAVELICA,07,TAYACAJA,03,ACRAQUIA,3, 
2021,09,HUANCAVELICA,05,CHURCAMPA,09,SAN PEDRO DE CORIS,13092,00152,8,1,2,5,62.7380952380952,1, ,1,1,0,1,09,HUANCAVELICA,05,CHURCAMPA,10,PACHAMARCA,1, 
2021,09,HUANCAVELICA,05,CHURCAMPA,06,LOCROJA,13101,00056,8,1,2,5,62.7380952380952,1, ,1,1,0,1,09,HUANCAVELICA,05,CHURCAMPA,01,CHURCAMPA,1, 
2021,09,HUANCAVELICA,05,CHURCAMPA,01,CHURCAMPA,13113,00029,3,1,2,5,62.7380952380952,1, ,1,1,0,1,09,HUANCAVELICA,05,CHURCAMPA,08,SAN MIGUEL DE MAYOCC,1, 
2021,09,HUANCAVELICA,05,CHURCAMPA,01,CHURCAMPA,13117,00038,6,1,2,5,73.1944444444444,1, ,1,1,0,1,09,HUANCAVELICA,05,CHURCAMPA,01,CHURCAMPA,9, 
2021,09,HUANCAVELICA,02,ACOBAMBA,01,ACOBAMBA,13177,00093,13,1,2,5,62.7380952380952,1, ,1,1,0,1,09,HUANCAVELICA,02,ACOBAMBA,07,POMACOCHA,1, 
2021,09,HUANCAVELICA,02,ACOBAMBA,01,ACOBAMBA,13190,00106,13,1,2,5,73.1944444444444,1, ,1,1,0,1,09,HUANCAVELICA,02,ACOBAMBA,08,ROSARIO,2, 
2021,09,HUANCAVELICA,01,HUANCAVELICA,07,HUAYLLAHUARA,13297,00073,6,1,2,5,62.7380952380952,1, ,1,1,0,1,09,HUANCAVELICA,01,HUANCAVELICA,12,MOYA,5, 
2021,09,HUANCAVELICA,01,HUANCAVELICA,08,IZCUCHACA,13327,00004,1,1,2,5,62.7380952380952,1, ,0,0,1,1,09,HUANCAVELICA,01,HUANCAVELICA,05,CUENCA,2, 
2021,09,HUANCAVELICA,01,HUANCAVELICA,08,IZCUCHACA,13327,00013,2,1,2,5,62.7380952380952,1, ,1,1,0,1,09,HUANCAVELICA,01,HUANCAVELICA,05,CUENCA,4, 
2021,09,HUANCAVELICA,01,HUANCAVELICA,08,IZCUCHACA,13327,00037,4,1,2,5,62.7380952380952,1, ,1,0,0,1,09,HUANCAVELICA,01,HUANCAVELICA,05,CUENCA,3, 
2021,09,HUANCAVELICA,01,HUANCAVELICA,08,IZCUCHACA,13327,00045,5,1,2,5,62.7380952380952,1, ,1,1,0,1,09,HUANCAVELICA,01,HUANCAVELICA,05,CUENCA,3, 
2021,09,HUANCAVELICA,01,HUANCAVELICA,08,IZCUCHACA,13327,00048,6,1,2,5,62.7380952380952,1, ,1,1,0,1,09,HUANCAVELICA,01,HUANCAVELICA,05,CUENCA,3, 
2021,09,HUANCAVELICA,01,HUANCAVELICA,08,IZCUCHACA,13327,00058,7,1,2,5,62.7380952380952,1, ,0,0,1,1,09,HUANCAVELICA,01,HUANCAVELICA,05,CUENCA,6, 
2021,09,HUANCAVELICA,01,HUANCAVELICA,08,IZCUCHACA,13327,00066,8,1,2,5,62.7380952380952,1, ,1,0,0,1,09,HUANCAVELICA,01,HUANCAVELICA,05,CUENCA,4, 
2021,09,HUANCAVELICA,01,HUANCAVELICA,08,IZCUCHACA,13327,00078,9,1,2,5,62.7380952380952,1, ,1,1,0,1,09,HUANCAVELICA,01,HUANCAVELICA,05,CUENCA,2, 
2021,09,HUANCAVELICA,01,HUANCAVELICA,08,IZCUCHACA,13327,00094,10,1,2,5,62.7380952380952,1, ,0,0,1,1,09,HUANCAVELICA,01,HUANCAVELICA,05,CUENCA,30, 
2021,09,HUANCAVELICA,01,HUANCAVELICA,08,IZCUCHACA,13327,00109,11,1,2,5,62.7380952380952,1, ,0,0,1,1,09,HUANCAVELICA,01,HUANCAVELICA,05,CUENCA,6, 
2021,09,HUANCAVELICA,01,HUANCAVELICA,08,IZCUCHACA,13327,00122,12,1,2,5,62.7380952380952,1, ,1,1,0,1,09,HUANCAVELICA,01,HUANCAVELICA,05,CUENCA,4, 
2021,09,HUANCAVELICA,01,HUANCAVELICA,08,IZCUCHACA,13327,00133,13,1,2,5,62.7380952380952,1, ,1,0,0,1,09,HUANCAVELICA,01,HUANCAVELICA,05,CUENCA,4, 
2021,09,HUANCAVELICA,01,HUANCAVELICA,08,IZCUCHACA,13327,00142,14,1,2,5,62.7380952380952,1, ,0,0,1,1,09,HUANCAVELICA,01,HUANCAVELICA,05,CUENCA,3, 
2021,09,HUANCAVELICA,01,HUANCAVELICA,08,IZCUCHACA,13328,00063,8,1,2,5,73.1944444444444,1, ,1,1,0,1,09,HUANCAVELICA,01,HUANCAVELICA,04,CONAYCA,1, 
2021,09,HUANCAVELICA,01,HUANCAVELICA,09,LARIA,13339,00088,7,1,2,5,67.5641025641026,1, ,1,1,0,1,09,HUANCAVELICA,01,HUANCAVELICA,13,NUEVO OCCORO,2, 
2021,09,HUANCAVELICA,01,HUANCAVELICA,09,LARIA,13339,00133,11,1,2,5,67.5641025641026,1, ,1,1,0,1,09,HUANCAVELICA,01,HUANCAVELICA,13,NUEVO OCCORO,4, 
2021,09,HUANCAVELICA,01,HUANCAVELICA,09,LARIA,13339,00152,13,1,2,5,67.5641025641026,1, ,1,1,0,1,09,HUANCAVELICA,01,HUANCAVELICA,04,CONAYCA,7, 
2021,09,HUANCAVELICA,01,HUANCAVELICA,09,LARIA,13339,00181,14,1,2,5,67.5641025641026,1, ,1,1,0,1,09,HUANCAVELICA,01,HUANCAVELICA,04,CONAYCA,6, 
2021,09,HUANCAVELICA,01,HUANCAVELICA,16,VILCA,13342,00031,4,1,2,5,67.5641025641026,1, ,1,1,0,1,09,HUANCAVELICA,01,HUANCAVELICA,07,HUAYLLAHUARA,2, 
2021,09,HUANCAVELICA,01,HUANCAVELICA,16,VILCA,13342,00037,5,1,2,5,67.5641025641026,1, ,1,1,0,1,09,HUANCAVELICA,01,HUANCAVELICA,07,HUAYLLAHUARA,10, 
2021,09,HUANCAVELICA,01,HUANCAVELICA,16,VILCA,13342,00071,8,1,2,5,67.5641025641026,1, ,1,1,0,1,09,HUANCAVELICA,01,HUANCAVELICA,07,HUAYLLAHUARA,5, 
2021,09,HUANCAVELICA,01,HUANCAVELICA,13,NUEVO OCCORO,13355,00132,13,1,2,5,62.7380952380952,1, ,1,1,0,1,09,HUANCAVELICA,01,HUANCAVELICA,09,LARIA,2, 
2021,09,HUANCAVELICA,01,HUANCAVELICA,19,HUANDO,13361,00022,2,1,2,5,62.7380952380952,1, ,1,0,0,1,09,HUANCAVELICA,01,HUANCAVELICA,04,CONAYCA,6, 
2021,09,HUANCAVELICA,01,HUANCAVELICA,03,ACORIA,13374,00001,1,1,2,5,62.7380952380952,1, ,1,1,0,1,09,HUANCAVELICA,07,TAYACAJA,01,PAMPAS,3, 
2021,09,HUANCAVELICA,01,HUANCAVELICA,01,HUANCAVELICA,13419,00006,1,1,2,5,62.7380952380952,1, ,1,1,0,1,09,HUANCAVELICA,01,HUANCAVELICA,17,YAULI,3, 
2021,09,HUANCAVELICA,01,HUANCAVELICA,01,HUANCAVELICA,13419,00024,3,1,2,5,62.7380952380952,1, ,1,1,0,1,09,HUANCAVELICA,01,HUANCAVELICA,17,YAULI,1, 
2021,09,HUANCAVELICA,01,HUANCAVELICA,01,HUANCAVELICA,13419,00038,4,1,2,5,62.7380952380952,1, ,1,1,0,1,09,HUANCAVELICA,01,HUANCAVELICA,17,YAULI,10, 
2021,09,HUANCAVELICA,01,HUANCAVELICA,01,HUANCAVELICA,13419,00139,12,1,2,5,62.7380952380952,1, ,1,1,0,1,09,HUANCAVELICA,01,HUANCAVELICA,03,ACORIA,1, 
2021,09,HUANCAVELICA,01,HUANCAVELICA,17,YAULI,13428,00087,8,1,2,5,62.7380952380952,1, ,1,1,0,1,09,HUANCAVELICA,01,HUANCAVELICA,03,ACORIA,1, 
2021,09,HUANCAVELICA,04,CASTROVIRREYNA,04,CAPILLAS,13467,00079,12,1,2,5,62.7380952380952,1, ,1,1,0,1,09,HUANCAVELICA,04,CASTROVIRREYNA,07,HUACHOS,1, 
2021,09,HUANCAVELICA,06,HUAYTARA,01,HUAYTARA,13502,00101,9,1,2,5,62.7380952380952,1, ,1,1,0,1,09,HUANCAVELICA,06,HUAYTARA,13,SANTIAGO DE CHOCORVOS,2, 
2021,09,HUANCAVELICA,06,HUAYTARA,12,SAN ISIDRO,13517,00065,7,1,2,5,67.5641025641026,1, ,1,1,0,1,09,HUANCAVELICA,06,HUAYTARA,03,CORDOVA,2, 
2021,09,HUANCAVELICA,06,HUAYTARA,12,SAN ISIDRO,13517,00113,12,1,2,5,67.5641025641026,1, ,1,1,0,1,09,HUANCAVELICA,06,HUAYTARA,03,CORDOVA,2, 
2021,05,AYACUCHO,04,HUANTA,02,AYAHUANCO,13541,00104,9,1,2,5,100.814643188137,1, ,1,1,0,1,05,AYACUCHO,04,HUANTA,11,PUCAPOLCA,1, 
2021,05,AYACUCHO,04,HUANTA,02,AYAHUANCO,13541,00112,10,1,2,5,100.814643188137,1, ,1,1,0,1,05,AYACUCHO,04,HUANTA,08,LLOCHEGUA,1, 
2021,05,AYACUCHO,04,HUANTA,02,AYAHUANCO,13541,00130,11,1,2,5,100.814643188137,1, ,1,1,0,1,05,AYACUCHO,04,HUANTA,08,LLOCHEGUA,1, 
2021,05,AYACUCHO,04,HUANTA,07,SIVIA,13565,00050,7,1,3,7,140.807692307692,1, ,1,0,0,1,05,AYACUCHO,04,HUANTA,06,SANTILLANA,1, 
2021,05,AYACUCHO,04,HUANTA,07,SIVIA,13565,00086,9,1,3,7,140.807692307692,1, ,1,0,0,1,05,AYACUCHO,04,HUANTA,08,LLOCHEGUA,1, 
2021,05,AYACUCHO,04,HUANTA,07,SIVIA,13565,00145,14,1,3,7,140.807692307692,1, ,1,1,0,1,05,AYACUCHO,04,HUANTA,10,UCHURACCAY,4, 
2021,05,AYACUCHO,04,HUANTA,07,SIVIA,13586,00057,9,1,3,7,130.75,1, ,0,0,1,1,05,AYACUCHO,04,HUANTA,10,UCHURACCAY,2, 
2021,05,AYACUCHO,04,HUANTA,07,SIVIA,13586,00075,11,1,3,7,130.75,1, ,1,0,0,1,05,AYACUCHO,04,HUANTA,06,SANTILLANA,2, 
2021,05,AYACUCHO,04,HUANTA,05,LURICOCHA,13616,00052,6,1,2,5,109.215863453815,1, ,1,0,0,1,05,AYACUCHO,04,HUANTA,08,LLOCHEGUA,1, 
2021,05,AYACUCHO,04,HUANTA,05,LURICOCHA,13622,00072,9,1,2,5,100.814643188137,1, ,1,0,0,1,05,AYACUCHO,05,LA MAR,07,SANTA ROSA,1, 
2021,05,AYACUCHO,04,HUANTA,01,HUANTA,13630,00018,2,1,2,5,100.814643188137,1, ,1,1,0,1,05,AYACUCHO,04,HUANTA,09,CANAYRE,1, 
2021,05,AYACUCHO,04,HUANTA,01,HUANTA,13650,00039,5,1,2,5,100.814643188137,1, ,1,1,0,1,05,AYACUCHO,04,HUANTA,08,LLOCHEGUA,1, 
2021,05,AYACUCHO,04,HUANTA,01,HUANTA,13650,00054,6,1,2,5,100.814643188137,1, ,1,0,0,1,05,AYACUCHO,04,HUANTA,07,SIVIA,1, 
2021,05,AYACUCHO,04,HUANTA,01,HUANTA,13650,00107,9,1,2,5,100.814643188137,1, ,1,0,0,1,05,AYACUCHO,05,LA MAR,07,SANTA ROSA,1, 
2021,05,AYACUCHO,04,HUANTA,01,HUANTA,13650,00139,12,1,2,5,100.814643188137,1, ,1,0,0,1,05,AYACUCHO,04,HUANTA,07,SIVIA,1, 
2021,05,AYACUCHO,04,HUANTA,01,HUANTA,13650,00156,13,1,2,5,100.814643188137,1, ,1,0,0,1,05,AYACUCHO,04,HUANTA,07,SIVIA,1, 
2021,05,AYACUCHO,04,HUANTA,01,HUANTA,13653,00046,10,1,2,5,100.814643188137,1, ,1,1,0,1,05,AYACUCHO,04,HUANTA,07,SIVIA,3, 
2021,05,AYACUCHO,05,LA MAR,03,AYNA,13716,00008,1,1,3,7,140.807692307692,1, ,1,1,0,1,05,AYACUCHO,05,LA MAR,08,TAMBO,1, 
2021,05,AYACUCHO,05,LA MAR,03,AYNA,13716,00072,9,1,3,7,140.807692307692,1, ,1,1,0,1,05,AYACUCHO,04,HUANTA,03,HUAMANGUILLA,2, 
2021,05,AYACUCHO,05,LA MAR,09,SAMUGARI,13761,00044,9,1,2,7,109.215863453815,1, ,1,1,0,1,05,AYACUCHO,05,LA MAR,02,ANCO,1, 
2021,05,AYACUCHO,05,LA MAR,08,TAMBO,13774,00064,8,1,2,5,100.814643188137,1, ,1,1,0,1,05,AYACUCHO,05,LA MAR,03,AYNA,1, 
2021,05,AYACUCHO,05,LA MAR,08,TAMBO,13797,00037,4,1,2,5,93.6135972461274,1, ,1,1,0,1,05,AYACUCHO,05,LA MAR,07,SANTA ROSA,2, 
2021,05,AYACUCHO,05,LA MAR,08,TAMBO,13797,00073,7,1,2,5,93.6135972461274,1, ,1,1,0,1,05,AYACUCHO,05,LA MAR,03,AYNA,1, 
2021,05,AYACUCHO,05,LA MAR,08,TAMBO,13797,00098,11,1,2,5,93.6135972461274,1, ,1,1,0,1,05,AYACUCHO,05,LA MAR,08,TAMBO,1, 
2021,05,AYACUCHO,05,LA MAR,01,SAN MIGUEL,13800,00026,2,1,2,5,93.6135972461274,1, ,1,1,0,1,05,AYACUCHO,05,LA MAR,09,SAMUGARI,1, 
2021,05,AYACUCHO,05,LA MAR,01,SAN MIGUEL,13800,00059,5,1,2,5,93.6135972461274,1, ,1,0,0,1,05,AYACUCHO,05,LA MAR,07,SANTA ROSA,3, 
2021,05,AYACUCHO,05,LA MAR,02,ANCO,13828,00053,8,1,2,5,93.6135972461274,1, ,1,1,0,1,05,AYACUCHO,05,LA MAR,09,SAMUGARI,1, 
2021,05,AYACUCHO,05,LA MAR,06,LUIS CARRANZA,13867,00008,1,1,2,5,109.215863453815,1, ,1,0,0,1,05,AYACUCHO,05,LA MAR,04,CHILCAS,5, 
2021,05,AYACUCHO,05,LA MAR,06,LUIS CARRANZA,13867,00027,5,1,2,5,109.215863453815,1, ,1,1,0,1,05,AYACUCHO,05,LA MAR,04,CHILCAS,1, 
2021,05,AYACUCHO,05,LA MAR,06,LUIS CARRANZA,13867,00045,7,1,2,5,109.215863453815,1, ,1,1,0,1,05,AYACUCHO,05,LA MAR,04,CHILCAS,1, 
2021,05,AYACUCHO,05,LA MAR,05,CHUNGUI,13876,00092,8,1,2,5,93.6135972461274,1, ,1,1,0,1,05,AYACUCHO,05,LA MAR,11,ORONCCOY,7, 
2021,05,AYACUCHO,01,HUAMANGA,11,SANTIAGO DE PISCHA,13884,00154,12,1,2,5,100.814643188137,1, ,1,1,0,1,05,AYACUCHO,01,HUAMANGA,09,SAN JOSE DE TICLLAS,1, 
2021,05,AYACUCHO,01,HUAMANGA,11,SANTIAGO DE PISCHA,13884,00166,13,1,2,5,100.814643188137,1, ,1,0,0,1,05,AYACUCHO,01,HUAMANGA,09,SAN JOSE DE TICLLAS,1, 
2021,05,AYACUCHO,01,HUAMANGA,08,QUINUA,13924,00119,11,1,2,5,93.6135972461274,1, ,1,1,0,1,05,AYACUCHO,04,HUANTA,03,HUAMANGUILLA,1, 
2021,05,AYACUCHO,01,HUAMANGA,08,QUINUA,13938,00072,6,1,2,5,100.814643188137,1, ,1,1,0,1,05,AYACUCHO,01,HUAMANGA,13,TAMBILLO,1, 
2021,05,AYACUCHO,01,HUAMANGA,08,QUINUA,13938,00078,7,1,2,5,100.814643188137,1, ,1,1,0,1,05,AYACUCHO,01,HUAMANGA,03,ACOS VINCHOS,1, 
2021,05,AYACUCHO,01,HUAMANGA,13,TAMBILLO,13953,00038,7,1,2,5,100.814643188137,1, ,1,1,0,1,05,AYACUCHO,01,HUAMANGA,05,CHIARA,1, 
2021,05,AYACUCHO,01,HUAMANGA,12,SOCOS,13974,00067,12,1,2,5,93.6135972461274,1, ,0,0,1,1,05,AYACUCHO,01,HUAMANGA,01,AYACUCHO,1, 
2021,05,AYACUCHO,01,HUAMANGA,02,ACOCRO,14056,00017,3,1,2,5,93.6135972461274,1, ,1,1,0,1,05,AYACUCHO,01,HUAMANGA,05,CHIARA,1, 
2021,05,AYACUCHO,01,HUAMANGA,02,ACOCRO,14059,00110,12,1,2,5,109.215863453815,1, ,1,1,0,1,05,AYACUCHO,01,HUAMANGA,05,CHIARA,1, 
2021,05,AYACUCHO,02,CANGALLO,02,CHUSCHI,14109,00085,14,1,2,5,93.6135972461274,1, ,1,1,0,1,05,AYACUCHO,10,VICTOR FAJARDO,11,SARHUA,1, 
2021,05,AYACUCHO,02,CANGALLO,03,LOS MOROCHUCOS,14116,00029,2,1,2,5,100.814643188137,1, ,1,0,0,1,05,AYACUCHO,01,HUAMANGA,14,VINCHOS,1, 
2021,05,AYACUCHO,02,CANGALLO,03,LOS MOROCHUCOS,14116,00061,6,1,2,5,100.814643188137,1, ,1,1,0,1,05,AYACUCHO,01,HUAMANGA,05,CHIARA,2, 
2021,05,AYACUCHO,02,CANGALLO,03,LOS MOROCHUCOS,14116,00073,7,1,2,5,100.814643188137,1, ,1,1,0,1,05,AYACUCHO,01,HUAMANGA,05,CHIARA,2, 
2021,05,AYACUCHO,02,CANGALLO,03,LOS MOROCHUCOS,14126,00009,2,1,2,5,93.6135972461274,1, ,1,1,0,1,05,AYACUCHO,02,CANGALLO,04,MARIA PARADO DE BELLIDO,1, 
2021,05,AYACUCHO,11,VILCAS HUAMAN,08,VISCHONGO,14164,00106,11,1,2,5,109.215863453815,1, ,1,0,0,1,05,AYACUCHO,11,VILCAS HUAMAN,01,VILCAS HUAMAN,1, 
2021,05,AYACUCHO,11,VILCAS HUAMAN,01,VILCAS HUAMAN,14177,00124,13,1,2,5,119.144578313253,1, ,1,1,0,1,05,AYACUCHO,11,VILCAS HUAMAN,04,CONCEPCION,3, 
2021,05,AYACUCHO,11,VILCAS HUAMAN,01,VILCAS HUAMAN,14188,00005,1,1,2,5,100.814643188137,1, ,1,1,0,1,05,AYACUCHO,11,VILCAS HUAMAN,05,HUAMBALPA,1, 
2021,05,AYACUCHO,11,VILCAS HUAMAN,01,VILCAS HUAMAN,14188,00030,4,1,2,5,100.814643188137,1, ,1,1,0,1,05,AYACUCHO,11,VILCAS HUAMAN,05,HUAMBALPA,1, 
2021,05,AYACUCHO,09,SUCRE,11,SORAS,14225,00123,13,1,2,5,100.814643188137,1, ,1,1,0,1,05,AYACUCHO,07,PARINACOCHAS,01,CORACORA,2, 
2021,05,AYACUCHO,10,VICTOR FAJARDO,12,VILCANCHOS,14233,00034,8,1,2,5,93.6135972461274,1, ,1,1,0,1,05,AYACUCHO,02,CANGALLO,05,PARAS,1, 
2021,05,AYACUCHO,10,VICTOR FAJARDO,12,VILCANCHOS,14233,00048,11,1,2,5,93.6135972461274,1, ,1,1,0,1,05,AYACUCHO,02,CANGALLO,05,PARAS,2, 
2021,05,AYACUCHO,10,VICTOR FAJARDO,12,VILCANCHOS,14236,00036,4,1,2,5,93.6135972461274,1, ,0,0,1,1,05,AYACUCHO,01,HUAMANGA,02,ACOCRO,1, 
2021,05,AYACUCHO,10,VICTOR FAJARDO,09,HUANCARAYLLA,14262,00023,3,1,2,5,93.6135972461274,1, ,1,0,0,1,05,AYACUCHO,10,VICTOR FAJARDO,08,HUAMANQUIQUIA,3, 
2021,05,AYACUCHO,10,VICTOR FAJARDO,07,COLCA,14286,00089,12,1,2,5,109.215863453815,1, ,1,0,0,1,05,AYACUCHO,10,VICTOR FAJARDO,01,HUANCAPI,3, 
2021,05,AYACUCHO,03,HUANCA SANCOS,02,CARAPO,14326,00037,6,1,2,5,100.814643188137,1, ,1,1,0,1,05,AYACUCHO,03,HUANCA SANCOS,01,SANCOS,2, 
2021,05,AYACUCHO,06,LUCANAS,01,PUQUIO,14410,00081,11,1,2,5,100.814643188137,1, ,0,0,1,1,05,AYACUCHO,06,LUCANAS,17,SAN PEDRO,1, 
2021,05,AYACUCHO,07,PARINACOCHAS,01,CORACORA,14457,00041,6,1,2,5,93.6135972461274,1, ,1,1,0,2,05,AYACUCHO,07,PARINACOCHAS,02,CHUMPI,1, 
2021,05,AYACUCHO,07,PARINACOCHAS,01,CORACORA,14457,00041,6,1,2,5,93.6135972461274,1, ,1,1,0,1,05,AYACUCHO,07,PARINACOCHAS,02,CHUMPI,1, 
2021,05,AYACUCHO,08,PAUCAR DEL SARA SARA,01,PAUSA,14529,00007,1,1,2,5,93.6135972461274,1, ,1,1,0,1,05,AYACUCHO,08,PAUCAR DEL SARA SARA,04,LAMPA,3, 
2021,05,AYACUCHO,08,PAUCAR DEL SARA SARA,01,PAUSA,14529,00030,5,1,2,5,93.6135972461274,1, ,1,0,0,1,05,AYACUCHO,08,PAUCAR DEL SARA SARA,04,LAMPA,1, 
2021,03,APURÍMAC,06,CHINCHEROS,04,HUACCANA,14546,00029,4,1,2,6,66.8857142857143,1, ,1,1,0,1,03,APURIMAC,06,CHINCHEROS,04,HUACCANA,1, 
2021,03,APURÍMAC,06,CHINCHEROS,04,HUACCANA,14546,00110,9,1,2,6,66.8857142857143,1, ,1,1,0,1,03,APURIMAC,06,CHINCHEROS,06,ONGOY,1, 
2021,03,APURÍMAC,06,CHINCHEROS,04,HUACCANA,14549,00071,6,1,2,6,72.0307692307692,1, ,1,1,0,1,03,APURIMAC,06,CHINCHEROS,11,LOS CHANKAS,3, 
2021,03,APURÍMAC,06,CHINCHEROS,06,ONGOY,14567,00036,3,1,2,6,72.0307692307692,1, ,1,1,0,1,03,APURIMAC,06,CHINCHEROS,04,HUACCANA,1, 
2021,03,APURÍMAC,06,CHINCHEROS,06,ONGOY,14570,00127,12,1,2,6,66.8857142857143,1, ,1,1,0,1,03,APURIMAC,06,CHINCHEROS,05,OCOBAMBA,5, 
2021,03,APURÍMAC,06,CHINCHEROS,02,ANCO_HUALLO,14598,00065,10,1,2,6,66.8857142857143,1, ,1,1,0,1,03,APURIMAC,06,CHINCHEROS,04,HUACCANA,1, 
2021,03,APURÍMAC,06,CHINCHEROS,02,ANCO_HUALLO,14598,00071,12,1,2,6,66.8857142857143,1, ,0,0,1,1,03,APURIMAC,06,CHINCHEROS,01,CHINCHEROS,3, 
2021,03,APURÍMAC,06,CHINCHEROS,02,ANCO_HUALLO,14603,00067,7,1,2,6,66.8857142857143,1, ,1,1,0,2,03,APURIMAC,06,CHINCHEROS,01,CHINCHEROS,1, 
2021,03,APURÍMAC,06,CHINCHEROS,02,ANCO_HUALLO,14603,00067,7,1,2,6,66.8857142857143,1, ,1,1,0,1,03,APURIMAC,06,CHINCHEROS,04,HUACCANA,3, 
2021,03,APURÍMAC,06,CHINCHEROS,02,ANCO_HUALLO,14603,00119,12,1,2,6,66.8857142857143,1, ,1,1,0,1,03,APURIMAC,06,CHINCHEROS,04,HUACCANA,3, 
2021,03,APURÍMAC,06,CHINCHEROS,02,ANCO_HUALLO,14606,00076,10,1,2,6,66.8857142857143,1, ,1,1,0,1,03,APURIMAC,06,CHINCHEROS,01,CHINCHEROS,1, 
2021,03,APURÍMAC,06,CHINCHEROS,02,ANCO_HUALLO,14607,00063,6,1,2,6,66.8857142857143,1, ,1,1,0,1,03,APURIMAC,06,CHINCHEROS,03,COCHARCAS,1, 
2021,03,APURÍMAC,06,CHINCHEROS,02,ANCO_HUALLO,14607,00129,13,1,2,6,66.8857142857143,1, ,1,1,0,1,03,APURIMAC,06,CHINCHEROS,01,CHINCHEROS,4, 
2021,03,APURÍMAC,02,ANDAHUAYLAS,19,KAQUIABAMBA,14654,00018,2,1,2,6,72.0307692307692,1, ,1,1,0,1,03,APURIMAC,02,ANDAHUAYLAS,02,ANDARAPA,1, 
2021,03,APURÍMAC,02,ANDAHUAYLAS,04,HUANCARAMA,14679,00034,5,1,2,6,66.8857142857143,1, ,1,1,0,1,03,APURIMAC,02,ANDAHUAYLAS,08,PACOBAMBA,3, 
2021,03,APURÍMAC,02,ANDAHUAYLAS,07,KISHUARA,14683,00046,6,1,2,6,66.8857142857143,1, ,1,0,0,1,03,APURIMAC,02,ANDAHUAYLAS,13,SAN JERONIMO,1, 
2021,03,APURÍMAC,02,ANDAHUAYLAS,09,PACUCHA,14722,00066,7,1,2,6,66.8857142857143,1, ,1,1,0,1,03,APURIMAC,02,ANDAHUAYLAS,13,SAN JERONIMO,3, 
2021,03,APURÍMAC,02,ANDAHUAYLAS,09,PACUCHA,14724,00019,2,1,2,6,72.0307692307692,1, ,1,1,0,1,03,APURIMAC,02,ANDAHUAYLAS,13,SAN JERONIMO,4, 
2021,03,APURÍMAC,02,ANDAHUAYLAS,09,PACUCHA,14724,00091,10,1,2,6,72.0307692307692,1, ,1,1,0,1,03,APURIMAC,02,ANDAHUAYLAS,07,KISHUARA,2, 
2021,03,APURÍMAC,02,ANDAHUAYLAS,09,PACUCHA,14724,00116,12,1,2,6,72.0307692307692,1, ,1,1,0,2,03,APURIMAC,02,ANDAHUAYLAS,13,SAN JERONIMO,1, 
2021,03,APURÍMAC,02,ANDAHUAYLAS,13,SAN JERONIMO,14727,00046,4,1,2,6,72.0307692307692,1, ,1,1,0,1,03,APURIMAC,02,ANDAHUAYLAS,19,KAQUIABAMBA,4, 
2021,03,APURÍMAC,02,ANDAHUAYLAS,13,SAN JERONIMO,14727,00060,5,1,2,6,72.0307692307692,1, ,1,1,0,1,03,APURIMAC,02,ANDAHUAYLAS,09,PACUCHA,3, 
2021,03,APURÍMAC,02,ANDAHUAYLAS,13,SAN JERONIMO,14727,00089,9,1,2,6,72.0307692307692,1, ,1,1,0,1,03,APURIMAC,02,ANDAHUAYLAS,19,KAQUIABAMBA,4, 
2021,03,APURÍMAC,02,ANDAHUAYLAS,13,SAN JERONIMO,14727,00135,14,1,2,6,72.0307692307692,1, ,1,1,0,1,03,APURIMAC,02,ANDAHUAYLAS,02,ANDARAPA,1, 
2021,03,APURÍMAC,02,ANDAHUAYLAS,13,SAN JERONIMO,14727,00135,14,1,2,6,72.0307692307692,1, ,1,1,0,2,03,APURIMAC,02,ANDAHUAYLAS,07,KISHUARA,1, 
2021,03,APURÍMAC,02,ANDAHUAYLAS,13,SAN JERONIMO,14755,00034,6,1,2,6,72.0307692307692,1, ,1,1,0,1,03,APURIMAC,02,ANDAHUAYLAS,09,PACUCHA,1, 
2021,03,APURÍMAC,02,ANDAHUAYLAS,01,ANDAHUAYLAS,14781,00081,14,1,2,6,66.8857142857143,1, ,1,1,0,1,03,APURIMAC,02,ANDAHUAYLAS,20,JOSÉ MARÍA ARGUEDAS,2, 
2021,03,APURÍMAC,02,ANDAHUAYLAS,01,ANDAHUAYLAS,14784,00014,2,1,2,6,156.066666666667,1, ,1,1,0,1,03,APURIMAC,02,ANDAHUAYLAS,20,JOSÉ MARÍA ARGUEDAS,5, 
2021,03,APURÍMAC,02,ANDAHUAYLAS,01,ANDAHUAYLAS,14784,00049,6,1,2,6,156.066666666667,1, ,1,1,0,1,03,APURIMAC,02,ANDAHUAYLAS,14,SAN MIGUEL DE CHACCRAMPA,4, 
2021,03,APURÍMAC,02,ANDAHUAYLAS,01,ANDAHUAYLAS,14799,00103,14,1,2,6,66.8857142857143,1, ,1,1,0,1,03,APURIMAC,02,ANDAHUAYLAS,18,TURPO,1, 
2021,03,APURÍMAC,02,ANDAHUAYLAS,16,TALAVERA,14815,00006,1,1,2,6,66.8857142857143,1, ,1,0,0,1,03,APURIMAC,06,CHINCHEROS,05,OCOBAMBA,2, 
2021,03,APURÍMAC,02,ANDAHUAYLAS,16,TALAVERA,14828,00018,2,1,2,6,93.64,1, ,1,1,0,1,03,APURIMAC,02,ANDAHUAYLAS,15,SANTA MARIA DE CHICMO,2, 
2021,03,APURÍMAC,02,ANDAHUAYLAS,16,TALAVERA,14828,00118,12,1,2,6,93.64,1, ,1,1,0,1,03,APURIMAC,06,CHINCHEROS,01,CHINCHEROS,1, 
2021,03,APURÍMAC,02,ANDAHUAYLAS,16,TALAVERA,14828,00121,13,1,2,6,93.64,1, ,1,0,0,1,03,APURIMAC,02,ANDAHUAYLAS,18,TURPO,10, 
2021,03,APURÍMAC,02,ANDAHUAYLAS,16,TALAVERA,14829,00169,14,1,2,6,66.8857142857143,1, ,1,0,0,2,03,APURIMAC,02,ANDAHUAYLAS,15,SANTA MARIA DE CHICMO,6, 
2021,03,APURÍMAC,02,ANDAHUAYLAS,16,TALAVERA,14838,00080,13,1,2,6,72.0307692307692,1, ,1,0,0,1,03,APURIMAC,02,ANDAHUAYLAS,20,JOSÉ MARÍA ARGUEDAS,5, 
2021,03,APURÍMAC,02,ANDAHUAYLAS,15,SANTA MARIA DE CHICMO,14862,00004,1,1,2,6,66.8857142857143,1, ,1,1,0,1,03,APURIMAC,06,CHINCHEROS,07,URANMARCA,3, 
2021,03,APURÍMAC,02,ANDAHUAYLAS,15,SANTA MARIA DE CHICMO,14862,00057,8,1,2,6,66.8857142857143,1, ,1,1,0,1,03,APURIMAC,06,CHINCHEROS,07,URANMARCA,1, 
2021,03,APURÍMAC,02,ANDAHUAYLAS,15,SANTA MARIA DE CHICMO,14870,00042,6,1,2,6,66.8857142857143,1, ,1,1,0,1,03,APURIMAC,06,CHINCHEROS,07,URANMARCA,1, 
2021,03,APURÍMAC,02,ANDAHUAYLAS,18,TURPO,14896,00032,4,1,2,6,66.8857142857143,1, ,1,1,0,1,03,APURIMAC,02,ANDAHUAYLAS,05,HUANCARAY,1, 
2021,03,APURÍMAC,02,ANDAHUAYLAS,18,TURPO,14896,00100,13,1,2,6,66.8857142857143,1, ,1,1,0,1,03,APURIMAC,02,ANDAHUAYLAS,05,HUANCARAY,1, 
2021,03,APURÍMAC,04,AYMARAES,11,SAN JUAN DE CHACÑA,14921,00024,3,1,2,6,66.8857142857143,1, ,1,0,0,1,03,APURIMAC,04,AYMARAES,15,TINTAY,2, 
2021,03,APURÍMAC,04,AYMARAES,11,SAN JUAN DE CHACÑA,14921,00073,9,1,2,6,66.8857142857143,1, ,1,1,0,1,03,APURIMAC,02,ANDAHUAYLAS,13,SAN JERONIMO,2, 
2021,03,APURÍMAC,04,AYMARAES,15,TINTAY,14927,00062,7,1,2,6,66.8857142857143,1, ,1,0,0,1,03,APURIMAC,04,AYMARAES,09,LUCRE,3, 
2021,03,APURÍMAC,04,AYMARAES,15,TINTAY,14927,00073,8,1,2,6,66.8857142857143,1, ,1,1,0,1,03,APURIMAC,04,AYMARAES,09,LUCRE,1, 
2021,03,APURÍMAC,04,AYMARAES,15,TINTAY,14927,00084,9,1,2,6,66.8857142857143,1, ,1,1,0,1,03,APURIMAC,04,AYMARAES,09,LUCRE,3, 
2021,03,APURÍMAC,04,AYMARAES,15,TINTAY,14927,00110,11,1,2,6,66.8857142857143,1, ,1,1,0,1,03,APURIMAC,04,AYMARAES,09,LUCRE,2, 
2021,03,APURÍMAC,04,AYMARAES,05,COLCABAMBA,14934,00083,14,1,2,6,66.8857142857143,1, ,1,1,0,1,03,APURIMAC,04,AYMARAES,09,LUCRE,2, 
2021,03,APURÍMAC,04,AYMARAES,02,CAPAYA,14939,00044,6,1,2,6,66.8857142857143,1, ,1,1,0,1,03,APURIMAC,02,ANDAHUAYLAS,10,PAMPACHIRI,4, 
2021,03,APURÍMAC,04,AYMARAES,08,JUSTO APU SAHUARAURA,14946,00015,2,1,2,6,66.8857142857143,1, ,1,1,0,1,03,APURIMAC,04,AYMARAES,14,TAPAIRIHUA,2, 
2021,03,APURÍMAC,04,AYMARAES,17,YANACA,14956,00183,14,1,2,6,66.8857142857143,1, ,1,1,0,1,03,APURIMAC,04,AYMARAES,10,POCOHUANCA,6, 
2021,03,APURÍMAC,01,ABANCAY,04,CURAHUASI,14995,00022,2,1,2,6,66.8857142857143,1, ,1,1,0,1,03,APURIMAC,01,ABANCAY,08,SAN PEDRO DE CACHORA,1, 
2021,03,APURÍMAC,01,ABANCAY,06,LAMBRAMA,15056,00066,8,1,2,6,66.8857142857143,1, ,1,1,0,1,03,APURIMAC,01,ABANCAY,06,LAMBRAMA,1, 
2021,03,APURÍMAC,01,ABANCAY,06,LAMBRAMA,15058,00024,4,1,2,6,66.8857142857143,1, ,1,1,0,1,03,APURIMAC,07,GRAU,02,CURPAHUASI,2, 
2021,03,APURÍMAC,07,GRAU,10,SANTA ROSA,15112,00015,1,1,2,6,66.8857142857143,1, ,1,1,0,1,03,APURIMAC,02,ANDAHUAYLAS,19,KAQUIABAMBA,1, 
2021,03,APURÍMAC,07,GRAU,10,SANTA ROSA,15112,00066,6,1,2,6,66.8857142857143,1, ,1,0,0,1,03,APURIMAC,07,GRAU,07,PATAYPAMPA,3, 
2021,03,APURÍMAC,07,GRAU,10,SANTA ROSA,15112,00070,7,1,2,6,66.8857142857143,1, ,1,1,0,1,03,APURIMAC,07,GRAU,07,PATAYPAMPA,10, 
2021,03,APURÍMAC,07,GRAU,01,CHUQUIBAMBILLA,15118,00028,5,1,2,6,78.0333333333333,1, ,1,1,0,1,03,APURIMAC,07,GRAU,07,PATAYPAMPA,5, 
2021,03,APURÍMAC,07,GRAU,01,CHUQUIBAMBILLA,15118,00057,10,1,2,6,78.0333333333333,1, ,1,1,0,1,03,APURIMAC,07,GRAU,04,HUAYLLATI,5, 
2021,03,APURÍMAC,07,GRAU,13,VIRUNDO,15135,00081,13,1,2,6,66.8857142857143,1, ,1,1,0,1,03,APURIMAC,07,GRAU,11,TURPAY,1, 
2021,03,APURÍMAC,07,GRAU,13,VIRUNDO,15135,00089,14,1,2,6,66.8857142857143,1, ,0,0,1,1,03,APURIMAC,01,ABANCAY,01,ABANCAY,1, 
2021,08,CUSCO,09,LA CONVENCIÓN,10,PICHARI,15262,00085,10,1,3,7,128.290178571429,1, ,1,1,0,1,08,CUSCO,09,LA CONVENCION,01,SANTA ANA,1, 
2021,08,CUSCO,09,LA CONVENCIÓN,02,ECHARATE,15381,00022,3,1,3,7,128.290178571429,1, ,1,1,0,1,08,CUSCO,09,LA CONVENCION,06,QUELLOUNO,1, 
2021,08,CUSCO,03,ANTA,09,ZURITE,15581,00134,13,1,2,6,139.635714285714,1, ,1,1,0,1,08,CUSCO,12,QUISPICANCHI,10,OCONGATE,1, 
2021,08,CUSCO,03,ANTA,01,ANTA,15654,00010,1,1,2,6,139.635714285714,1, ,1,0,0,1,08,CUSCO,01,CUSCO,02,CCORCA,1, 
2021,08,CUSCO,03,ANTA,01,ANTA,15654,00020,2,1,2,6,139.635714285714,1, ,1,0,0,1,08,CUSCO,01,CUSCO,02,CCORCA,6, 
2021,08,CUSCO,03,ANTA,01,ANTA,15654,00028,3,1,2,6,139.635714285714,1, ,1,0,0,1,08,CUSCO,01,CUSCO,02,CCORCA,5, 
2021,08,CUSCO,03,ANTA,01,ANTA,15654,00029,4,1,2,6,139.635714285714,1, ,1,0,0,1,08,CUSCO,01,CUSCO,02,CCORCA,5, 
2021,08,CUSCO,03,ANTA,01,ANTA,15654,00040,5,1,2,6,139.635714285714,1, ,1,0,0,1,08,CUSCO,01,CUSCO,02,CCORCA,3, 
2021,08,CUSCO,03,ANTA,01,ANTA,15654,00051,6,1,2,6,139.635714285714,1, ,1,1,0,1,08,CUSCO,01,CUSCO,02,CCORCA,4, 
2021,08,CUSCO,03,ANTA,01,ANTA,15654,00052,7,1,2,6,139.635714285714,1, ,1,1,0,1,08,CUSCO,01,CUSCO,02,CCORCA,4, 
2021,08,CUSCO,03,ANTA,01,ANTA,15654,00064,8,1,2,6,139.635714285714,1, ,1,1,0,1,08,CUSCO,01,CUSCO,02,CCORCA,17, 
2021,08,CUSCO,03,ANTA,01,ANTA,15654,00069,9,1,2,6,139.635714285714,1, ,1,0,0,1,08,CUSCO,01,CUSCO,02,CCORCA,3, 
2021,08,CUSCO,03,ANTA,01,ANTA,15654,00073,10,1,2,6,139.635714285714,1, ,1,0,0,1,08,CUSCO,01,CUSCO,02,CCORCA,3, 
2021,08,CUSCO,03,ANTA,01,ANTA,15654,00082,11,1,2,6,139.635714285714,1, ,1,1,0,1,08,CUSCO,03,ANTA,08,PUCYURA,3, 
2021,08,CUSCO,03,ANTA,01,ANTA,15654,00083,12,1,2,6,139.635714285714,1, ,1,1,0,1,08,CUSCO,03,ANTA,08,PUCYURA,2, 
2021,08,CUSCO,03,ANTA,01,ANTA,15654,00089,13,1,2,6,139.635714285714,1, ,1,1,0,1,08,CUSCO,03,ANTA,08,PUCYURA,1, 
2021,08,CUSCO,03,ANTA,01,ANTA,15654,00098,14,1,2,6,139.635714285714,1, ,1,0,0,1,08,CUSCO,01,CUSCO,02,CCORCA,3, 
2021,08,CUSCO,03,ANTA,01,ANTA,15655,00102,14,1,2,6,139.635714285714,1, ,1,1,0,1,08,CUSCO,03,ANTA,02,ANCAHUASI,1, 
2021,08,CUSCO,13,URUBAMBA,01,URUBAMBA,15711,00073,10,1,2,6,150.376923076923,1, ,1,0,0,1,08,CUSCO,09,LA CONVENCION,05,OCOBAMBA,1, 
2021,08,CUSCO,13,URUBAMBA,01,URUBAMBA,15722,00019,2,1,2,6,177.718181818182,1, ,1,1,0,1,08,CUSCO,13,URUBAMBA,05,MARAS,3, 
2021,08,CUSCO,13,URUBAMBA,01,URUBAMBA,15722,00045,5,1,2,6,177.718181818182,1, ,1,1,0,1,08,CUSCO,13,URUBAMBA,05,MARAS,5, 
2021,08,CUSCO,13,URUBAMBA,01,URUBAMBA,15722,00121,14,1,2,6,177.718181818182,1, ,1,1,0,1,08,CUSCO,13,URUBAMBA,05,MARAS,1, 
2021,08,CUSCO,13,URUBAMBA,01,URUBAMBA,15730,00051,5,1,2,6,150.376923076923,1, ,1,1,0,1,08,CUSCO,13,URUBAMBA,05,MARAS,1, 
2021,08,CUSCO,13,URUBAMBA,01,URUBAMBA,15730,00089,9,1,2,6,150.376923076923,1, ,1,1,0,1,08,CUSCO,13,URUBAMBA,05,MARAS,3, 
2021,08,CUSCO,13,URUBAMBA,01,URUBAMBA,15730,00138,14,1,2,6,150.376923076923,1, ,1,1,0,1,08,CUSCO,13,URUBAMBA,07,YUCAY,2, 
2021,08,CUSCO,13,URUBAMBA,03,HUAYLLABAMBA,15752,00039,5,1,2,6,150.376923076923,1, ,1,1,0,1,08,CUSCO,13,URUBAMBA,05,MARAS,1, 
2021,08,CUSCO,13,URUBAMBA,03,HUAYLLABAMBA,15752,00059,7,1,2,6,150.376923076923,1, ,1,1,0,1,08,CUSCO,13,URUBAMBA,02,CHINCHERO,3, 
2021,08,CUSCO,04,CALCA,01,CALCA,15832,00065,12,1,2,6,139.635714285714,1, ,1,1,0,1,08,CUSCO,04,CALCA,05,PISAC,1, 
2021,08,CUSCO,11,PAUCARTAMBO,03,CHALLABAMBA,15912,00005,1,1,2,6,139.635714285714,1, ,1,1,0,1,08,CUSCO,11,PAUCARTAMBO,06,KOSÑIPATA,1, 
2021,08,CUSCO,11,PAUCARTAMBO,03,CHALLABAMBA,15912,00016,3,1,2,6,139.635714285714,1, ,1,1,0,1,08,CUSCO,04,CALCA,01,CALCA,1, 
2021,08,CUSCO,12,QUISPICANCHI,01,URCOS,16052,00035,4,1,2,6,139.635714285714,1, ,1,1,0,1,08,CUSCO,12,QUISPICANCHI,07,HUARO,1, 
2021,08,CUSCO,12,QUISPICANCHI,04,CCARHUAYO,16085,00023,4,1,2,6,139.635714285714,1, ,1,0,0,1,08,CUSCO,11,PAUCARTAMBO,01,PAUCARTAMBO,35, 
2021,08,CUSCO,12,QUISPICANCHI,04,CCARHUAYO,16085,00028,5,1,2,6,139.635714285714,1, ,1,1,0,1,08,CUSCO,12,QUISPICANCHI,10,OCONGATE,6, 
2021,08,CUSCO,12,QUISPICANCHI,04,CCARHUAYO,16085,00084,13,1,2,6,139.635714285714,1, ,1,1,0,1,08,CUSCO,12,QUISPICANCHI,10,OCONGATE,1, 
2021,08,CUSCO,12,QUISPICANCHI,09,MARCAPATA,16090,00048,4,1,2,6,139.635714285714,1, ,1,1,0,1,08,CUSCO,12,QUISPICANCHI,10,OCONGATE,1, 
2021,08,CUSCO,12,QUISPICANCHI,06,CUSIPATA,16162,00037,9,1,2,6,139.635714285714,1, ,1,1,0,1,08,CUSCO,06,CANCHIS,02,CHECACUPE,1, 
2021,08,CUSCO,01,CUSCO,02,CCORCA,16164,00138,13,1,2,6,139.635714285714,1, ,1,0,0,1,08,CUSCO,03,ANTA,01,ANTA,5, 
2021,08,CUSCO,01,CUSCO,05,SAN SEBASTIAN,16200,00015,3,1,2,6,177.718181818182,1, ,1,1,0,1,08,CUSCO,12,QUISPICANCHI,01,URCOS,1, 
2021,08,CUSCO,10,PARURO,01,PARURO,16262,00078,6,1,2,6,150.376923076923,1, ,1,1,0,1,08,CUSCO,10,PARURO,04,COLCHA,4, 
2021,08,CUSCO,06,CANCHIS,03,COMBAPATA,16393,00093,13,1,2,6,139.635714285714,1, ,1,1,0,1,08,CUSCO,10,PARURO,06,OMACHA,5, 
2021,08,CUSCO,06,CANCHIS,08,TINTA,16396,00091,12,1,2,6,139.635714285714,1, ,1,1,0,1,08,CUSCO,06,CANCHIS,01,SICUANI,1, 
2021,08,CUSCO,06,CANCHIS,01,SICUANI,16429,00091,9,1,2,6,150.376923076923,1, ,1,1,0,1,08,CUSCO,06,CANCHIS,06,SAN PABLO,2, 
2021,08,CUSCO,06,CANCHIS,01,SICUANI,16429,00117,12,1,2,6,150.376923076923,1, ,1,0,0,1,08,CUSCO,06,CANCHIS,06,SAN PABLO,1, 
2021,08,CUSCO,06,CANCHIS,01,SICUANI,16445,00155,9,1,2,6,177.718181818182,1, ,1,0,0,1,08,CUSCO,05,CANAS,04,LANGUI,4, 
2021,08,CUSCO,07,CHUMBIVILCAS,06,LLUSCO,16552,00097,14,1,2,6,139.635714285714,1, ,1,1,0,1,08,CUSCO,04,CALCA,01,CALCA,5, 
2021,08,CUSCO,07,CHUMBIVILCAS,06,LLUSCO,16552,00097,14,1,2,6,139.635714285714,1, ,1,1,0,2,08,CUSCO,09,LA CONVENCION,01,SANTA ANA,1, 
2021,08,CUSCO,07,CHUMBIVILCAS,06,LLUSCO,16554,00086,11,1,2,6,150.376923076923,1, ,1,0,0,1,08,CUSCO,07,CHUMBIVILCAS,01,SANTO TOMAS,1, 
2021,08,CUSCO,07,CHUMBIVILCAS,07,QUIÑOTA,16565,00042,6,1,2,6,177.718181818182,1, ,1,1,0,1,08,CUSCO,07,CHUMBIVILCAS,06,LLUSCO,1, 
2021,08,CUSCO,07,CHUMBIVILCAS,07,QUIÑOTA,16565,00083,10,1,2,6,177.718181818182,1, ,1,1,0,1,08,CUSCO,07,CHUMBIVILCAS,06,LLUSCO,1, 
2021,08,CUSCO,07,CHUMBIVILCAS,01,SANTO TOMAS,16654,00154,14,1,2,6,139.635714285714,1, ,1,1,0,1,08,CUSCO,07,CHUMBIVILCAS,06,LLUSCO,2, 
2021,08,CUSCO,08,ESPINAR,07,SUYCKUTAMBO,16672,00065,7,1,2,6,150.376923076923,1, ,1,1,0,1,08,CUSCO,08,ESPINAR,03,COPORAQUE,5, 
2021,08,CUSCO,08,ESPINAR,07,SUYCKUTAMBO,16672,00088,9,1,2,6,150.376923076923,1, ,1,1,0,1,08,CUSCO,08,ESPINAR,01,ESPINAR,1, 
2021,08,CUSCO,08,ESPINAR,07,SUYCKUTAMBO,16672,00091,10,1,2,6,150.376923076923,1, ,1,1,0,1,08,CUSCO,08,ESPINAR,07,SUYCKUTAMBO,1, 
2021,08,CUSCO,08,ESPINAR,07,SUYCKUTAMBO,16672,00107,12,1,2,6,150.376923076923,1, ,1,1,0,1,08,CUSCO,08,ESPINAR,01,ESPINAR,1, 
2021,08,CUSCO,08,ESPINAR,07,SUYCKUTAMBO,16672,00136,14,1,2,6,150.376923076923,1, ,1,1,0,1,08,CUSCO,08,ESPINAR,01,ESPINAR,1, 
2021,08,CUSCO,08,ESPINAR,06,PICHIGUA,16705,00107,12,1,2,6,139.635714285714,1, ,1,1,0,1,08,CUSCO,05,CANAS,02,CHECCA,1, 
2021,08,CUSCO,08,ESPINAR,05,PALLPATA,16738,00040,4,1,2,6,139.635714285714,1, ,1,1,0,1,08,CUSCO,08,ESPINAR,04,OCORURO,1, 
2021,17,MADRE DE DIOS,02,MANU,02,FITZCARRALD,16754,00158,11,1,3,7,13.9166666666667,1, ,1,1,0,1,17,MADRE DE DIOS,02,MANU,04,HUEPETUHE,1, 
2021,17,MADRE DE DIOS,02,MANU,01,MANU,16757,00086,13,1,3,7,7.92307692307692,1, ,0,0,1,1,17,MADRE DE DIOS,01,TAMBOPATA,01,TAMBOPATA,1, 
2021,17,MADRE DE DIOS,01,TAMBOPATA,02,INAMBARI,16769,00078,11,1,3,7,9,1, ,1,0,0,1,17,MADRE DE DIOS,01,TAMBOPATA,03,LAS PIEDRAS,1, 
2021,17,MADRE DE DIOS,01,TAMBOPATA,02,INAMBARI,16771,00170,14,1,3,7,12.1428571428571,1, ,1,1,0,1,17,MADRE DE DIOS,02,MANU,03,MADRE DE DIOS,3, 
2021,17,MADRE DE DIOS,01,TAMBOPATA,01,TAMBOPATA,16777,00094,14,1,3,7,7.30769230769231,1, ,1,1,0,1,17,MADRE DE DIOS,01,TAMBOPATA,03,LAS PIEDRAS,1, 
2021,17,MADRE DE DIOS,01,TAMBOPATA,01,TAMBOPATA,16779,00021,3,1,3,7,7.66666666666667,1, ,1,0,0,1,17,MADRE DE DIOS,01,TAMBOPATA,03,LAS PIEDRAS,1, 
2021,17,MADRE DE DIOS,01,TAMBOPATA,01,TAMBOPATA,16782,00078,9,1,3,7,11.8181818181818,1, ,1,0,0,1,17,MADRE DE DIOS,01,TAMBOPATA,03,LAS PIEDRAS,1, 
2021,17,MADRE DE DIOS,01,TAMBOPATA,01,TAMBOPATA,16785,00034,5,1,3,7,6.28571428571429,1, ,1,0,0,1,17,MADRE DE DIOS,01,TAMBOPATA,04,LABERINTO,2, 
2021,17,MADRE DE DIOS,01,TAMBOPATA,01,TAMBOPATA,16787,00070,8,1,3,7,10.3076923076923,1, ,1,1,0,1,17,MADRE DE DIOS,01,TAMBOPATA,04,LABERINTO,1, 
2021,17,MADRE DE DIOS,01,TAMBOPATA,03,LAS PIEDRAS,16791,00004,1,1,3,7,7.21428571428571,1, ,1,0,0,1,17,MADRE DE DIOS,03,TAHUAMANU,03,TAHUAMANU,1, 
2021,17,MADRE DE DIOS,01,TAMBOPATA,03,LAS PIEDRAS,16791,00009,2,1,3,7,7.21428571428571,1, ,1,1,0,1,17,MADRE DE DIOS,03,TAHUAMANU,03,TAHUAMANU,1, 
2021,17,MADRE DE DIOS,01,TAMBOPATA,03,LAS PIEDRAS,16797,00068,9,1,3,7,11.9,1, ,1,1,0,1,17,MADRE DE DIOS,01,TAMBOPATA,04,LABERINTO,1, 
2021,17,MADRE DE DIOS,03,TAHUAMANU,01,IÑAPARI,16799,00029,4,1,3,7,8.38461538461538,1, ,1,1,0,1,17,MADRE DE DIOS,01,TAMBOPATA,01,TAMBOPATA,1, 
2021,17,MADRE DE DIOS,03,TAHUAMANU,02,IBERIA,16800,00061,7,1,3,7,13.2307692307692,1, ,1,1,0,1,17,MADRE DE DIOS,03,TAHUAMANU,03,TAHUAMANU,1, 
2021,17,MADRE DE DIOS,03,TAHUAMANU,02,IBERIA,16805,00021,3,1,3,7,10.0769230769231,1, ,1,0,0,1,17,MADRE DE DIOS,03,TAHUAMANU,03,TAHUAMANU,2, 
2021,17,MADRE DE DIOS,03,TAHUAMANU,02,IBERIA,16805,00092,11,1,3,7,10.0769230769231,1, ,1,0,0,1,17,MADRE DE DIOS,03,TAHUAMANU,01,IÑAPARI,1, 
2021,17,MADRE DE DIOS,03,TAHUAMANU,02,IBERIA,16806,00011,3,1,3,7,7.92307692307692,1, ,1,1,0,1,17,MADRE DE DIOS,03,TAHUAMANU,03,TAHUAMANU,1, 
2021,21,PUNO,03,CARABAYA,09,SAN GABAN,16830,00104,9,1,3,7,59.3263888888889,1, ,1,0,0,1,21,PUNO,03,CARABAYA,03,AYAPATA,3, 
2021,21,PUNO,03,CARABAYA,09,SAN GABAN,16831,00040,6,1,3,7,50.8511904761905,1, ,1,0,0,1,21,PUNO,12,SANDIA,05,PHARA,1, 
2021,21,PUNO,03,CARABAYA,09,SAN GABAN,16831,00072,10,1,3,7,50.8511904761905,1, ,1,0,0,1,21,PUNO,03,CARABAYA,03,AYAPATA,2, 
2021,21,PUNO,03,CARABAYA,03,AYAPATA,16837,00004,2,1,2,6,170.00873015873,1, ,1,0,0,1,21,PUNO,03,CARABAYA,07,ITUATA,2, 
2021,21,PUNO,03,CARABAYA,03,AYAPATA,16837,00103,14,1,2,6,170.00873015873,1, ,1,1,0,1,21,PUNO,03,CARABAYA,08,OLLACHEA,4, 
2021,21,PUNO,12,SANDIA,09,ALTO INAMBARI,16935,00007,2,1,3,7,50.8511904761905,1, ,1,0,0,1,21,PUNO,12,SANDIA,01,SANDIA,2, 
2021,21,PUNO,12,SANDIA,09,ALTO INAMBARI,16935,00046,5,1,3,7,50.8511904761905,1, ,1,1,0,1,21,PUNO,12,SANDIA,01,SANDIA,2, 
2021,21,PUNO,12,SANDIA,09,ALTO INAMBARI,16935,00056,7,1,3,7,50.8511904761905,1, ,1,1,0,1,21,PUNO,12,SANDIA,01,SANDIA,2, 
2021,21,PUNO,12,SANDIA,09,ALTO INAMBARI,16935,00060,8,1,3,7,50.8511904761905,1, ,1,1,0,1,21,PUNO,12,SANDIA,01,SANDIA,4, 
2021,21,PUNO,12,SANDIA,09,ALTO INAMBARI,16935,00072,9,1,3,7,50.8511904761905,1, ,1,0,0,1,21,PUNO,12,SANDIA,02,CUYOCUYO,7, 
2021,21,PUNO,12,SANDIA,09,ALTO INAMBARI,16935,00080,10,1,3,7,50.8511904761905,1, ,1,0,0,1,21,PUNO,12,SANDIA,02,CUYOCUYO,5, 
2021,21,PUNO,12,SANDIA,09,ALTO INAMBARI,16935,00091,11,1,3,7,50.8511904761905,1, ,1,0,0,1,21,PUNO,12,SANDIA,01,SANDIA,1, 
2021,21,PUNO,12,SANDIA,09,ALTO INAMBARI,16935,00099,12,1,3,7,50.8511904761905,1, ,1,0,0,1,21,PUNO,12,SANDIA,01,SANDIA,3, 
2021,21,PUNO,12,SANDIA,09,ALTO INAMBARI,16935,00109,13,1,3,7,50.8511904761905,1, ,1,0,0,1,21,PUNO,12,SANDIA,01,SANDIA,2, 
2021,21,PUNO,12,SANDIA,09,ALTO INAMBARI,16935,00120,14,1,3,7,50.8511904761905,1, ,1,0,0,1,21,PUNO,12,SANDIA,01,SANDIA,1, 
2021,21,PUNO,12,SANDIA,09,ALTO INAMBARI,16936,00054,11,1,3,7,50.8511904761905,1, ,1,1,0,2,21,PUNO,10,LAMPA,04,NICASIO,1, 
2021,21,PUNO,12,SANDIA,09,ALTO INAMBARI,16936,00054,11,1,3,7,50.8511904761905,1, ,1,1,0,1,21,PUNO,09,MOHO,01,MOHO,1, 
2021,21,PUNO,12,SANDIA,09,ALTO INAMBARI,16937,00019,3,1,3,7,50.8511904761905,1, ,1,0,0,1,21,PUNO,02,AZANGARO,06,CHUPA,2, 
2021,21,PUNO,12,SANDIA,05,PHARA,16950,00011,1,1,2,6,170.00873015873,1, ,1,0,0,1,21,PUNO,12,SANDIA,03,LIMBANI,10, 
2021,21,PUNO,02,AZANGARO,07,JOSE DOMINGO CHOQUEHUANCA,17110,00129,13,1,2,6,183.086324786325,1, ,1,1,0,1,21,PUNO,02,AZANGARO,14,SANTIAGO DE PUPUJA,1, 
2021,21,PUNO,02,AZANGARO,03,ARAPA,17194,00090,11,1,2,6,170.00873015873,1, ,1,1,0,1,21,PUNO,02,AZANGARO,05,CAMINACA,1, 
2021,21,PUNO,02,AZANGARO,10,SAMAN,17242,00101,14,1,2,6,170.00873015873,1, ,1,1,0,1,21,PUNO,02,AZANGARO,05,CAMINACA,1, 
2021,21,PUNO,08,MELGAR,01,AYAVIRI,17334,00076,8,1,2,6,170.00873015873,1, ,1,1,0,1,21,PUNO,08,MELGAR,07,ORURILLO,1, 
2021,21,PUNO,08,MELGAR,01,AYAVIRI,17334,00097,10,1,2,6,170.00873015873,1, ,1,1,0,1,21,PUNO,08,MELGAR,07,ORURILLO,1, 
2021,21,PUNO,08,MELGAR,01,AYAVIRI,17334,00103,11,1,2,6,170.00873015873,1, ,1,1,0,1,21,PUNO,08,MELGAR,07,ORURILLO,1, 
2021,21,PUNO,08,MELGAR,01,AYAVIRI,17334,00107,12,1,2,6,170.00873015873,1, ,1,1,0,1,21,PUNO,08,MELGAR,07,ORURILLO,1, 
2021,21,PUNO,08,MELGAR,09,UMACHIRI,17353,00084,7,1,2,6,170.00873015873,1, ,1,1,0,1,21,PUNO,08,MELGAR,03,CUPI,1, 
2021,21,PUNO,08,MELGAR,09,UMACHIRI,17353,00190,13,1,2,6,170.00873015873,1, ,1,1,0,1,21,PUNO,08,MELGAR,03,CUPI,1, 
2021,21,PUNO,07,LAMPA,08,PUCARA,17376,00010,1,1,2,6,170.00873015873,1, ,1,1,0,1,21,PUNO,08,MELGAR,09,UMACHIRI,1, 
2021,21,PUNO,07,LAMPA,08,PUCARA,17376,00016,3,1,2,6,170.00873015873,1, ,1,1,0,1,21,PUNO,08,MELGAR,01,AYAVIRI,1, 
2021,21,PUNO,07,LAMPA,08,PUCARA,17376,00055,9,1,2,6,170.00873015873,1, ,1,1,0,1,21,PUNO,06,HUANCANE,07,TARACO,2, 
2021,21,PUNO,07,LAMPA,08,PUCARA,17376,00061,10,1,2,6,170.00873015873,1, ,1,1,0,1,21,PUNO,06,HUANCANE,07,TARACO,4, 
2021,21,PUNO,07,LAMPA,03,CALAPUJA,17396,00038,5,1,2,6,183.086324786325,1, ,1,1,0,1,21,PUNO,02,AZANGARO,10,SAMAN,1, 
2021,21,PUNO,07,LAMPA,03,CALAPUJA,17396,00064,9,1,2,6,183.086324786325,1, ,1,1,0,1,21,PUNO,11,SAN ROMAN,04,CARACOTO,1, 
2021,21,PUNO,07,LAMPA,03,CALAPUJA,17396,00081,12,1,2,6,183.086324786325,1, ,1,1,0,1,21,PUNO,11,SAN ROMAN,05,SAN MIGUEL,1, 
2021,21,PUNO,11,SAN ROMAN,04,CARACOTO,17477,00097,10,1,2,6,170.00873015873,1, ,1,1,0,1,21,PUNO,08,MELGAR,09,UMACHIRI,1, 
2021,21,PUNO,11,SAN ROMAN,04,CARACOTO,17482,00056,5,1,2,6,170.00873015873,1, ,1,1,0,1,21,PUNO,01,PUNO,08,HUATA,1, 
2021,21,PUNO,11,SAN ROMAN,04,CARACOTO,17482,00097,10,1,2,6,170.00873015873,1, ,1,1,0,1,21,PUNO,11,SAN ROMAN,02,CABANA,1, 
2021,21,PUNO,11,SAN ROMAN,04,CARACOTO,17482,00097,10,1,2,6,170.00873015873,1, ,1,1,0,2,21,PUNO,05,EL COLLAO,01,ILAVE,5, 
2021,21,PUNO,11,SAN ROMAN,04,CARACOTO,17483,00138,11,1,2,6,170.00873015873,1, ,1,1,0,1,21,PUNO,01,PUNO,04,ATUNCOLLA,1, 
2021,21,PUNO,11,SAN ROMAN,02,CABANA,17496,00008,1,1,2,6,170.00873015873,1, ,1,1,0,1,21,PUNO,11,SAN ROMAN,03,CABANILLAS,1, 
2021,21,PUNO,11,SAN ROMAN,02,CABANA,17496,00038,4,1,2,6,170.00873015873,1, ,1,1,0,1,21,PUNO,11,SAN ROMAN,03,CABANILLAS,3, 
2021,21,PUNO,11,SAN ROMAN,02,CABANA,17496,00051,6,1,2,6,170.00873015873,1, ,1,1,0,1,21,PUNO,11,SAN ROMAN,03,CABANILLAS,3, 
2021,21,PUNO,11,SAN ROMAN,02,CABANA,17496,00070,8,1,2,6,170.00873015873,1, ,1,1,0,1,21,PUNO,11,SAN ROMAN,03,CABANILLAS,8, 
2021,21,PUNO,11,SAN ROMAN,02,CABANA,17496,00088,10,1,2,6,170.00873015873,1, ,1,1,0,1,21,PUNO,11,SAN ROMAN,03,CABANILLAS,8, 
2021,21,PUNO,11,SAN ROMAN,02,CABANA,17496,00095,11,1,2,6,170.00873015873,1, ,1,1,0,1,21,PUNO,11,SAN ROMAN,03,CABANILLAS,4, 
2021,21,PUNO,11,SAN ROMAN,02,CABANA,17496,00105,12,1,2,6,170.00873015873,1, ,1,1,0,1,21,PUNO,11,SAN ROMAN,03,CABANILLAS,1, 
2021,21,PUNO,11,SAN ROMAN,02,CABANA,17496,00114,13,1,2,6,170.00873015873,1, ,1,1,0,1,21,PUNO,11,SAN ROMAN,03,CABANILLAS,6, 
2021,21,PUNO,06,HUANCANE,06,ROSASPATA,17539,00008,1,1,2,6,170.00873015873,1, ,1,1,0,1,21,PUNO,06,HUANCANE,08,VILQUE CHICO,2, 
2021,21,PUNO,06,HUANCANE,06,ROSASPATA,17546,00015,2,1,2,6,170.00873015873,1, ,1,1,0,1,21,PUNO,09,MOHO,01,MOHO,2, 
2021,21,PUNO,09,MOHO,03,HUAYRAPATA,17706,00070,8,1,2,6,170.00873015873,1, ,1,1,0,1,21,PUNO,12,SANDIA,10,SAN PEDRO DE PUTINA PUNCO,2, 
2021,21,PUNO,01,PUNO,09,MAÑAZO,17777,00020,2,1,2,6,170.00873015873,1, ,1,1,0,1,21,PUNO,01,PUNO,15,VILQUE,2, 
2021,21,PUNO,01,PUNO,09,MAÑAZO,17777,00087,10,1,2,6,170.00873015873,1, ,1,1,0,1,21,PUNO,01,PUNO,15,VILQUE,1, 
2021,21,PUNO,01,PUNO,09,MAÑAZO,17777,00096,12,1,2,6,170.00873015873,1, ,1,1,0,1,21,PUNO,01,PUNO,15,VILQUE,1, 
2021,21,PUNO,01,PUNO,09,MAÑAZO,17777,00100,13,1,2,6,170.00873015873,1, ,1,0,0,1,21,PUNO,01,PUNO,14,TIQUILLACA,1, 
2021,21,PUNO,01,PUNO,05,CAPACHICA,17878,00060,7,1,2,6,170.00873015873,1, ,1,1,0,1,21,PUNO,01,PUNO,11,PICHACANI,1, 
2021,21,PUNO,01,PUNO,05,CAPACHICA,17878,00063,8,1,2,6,170.00873015873,1, ,1,1,0,1,21,PUNO,07,LAMPA,06,PALCA,1, 
2021,21,PUNO,01,PUNO,12,PLATERIA,17896,00040,4,1,2,6,170.00873015873,1, ,1,0,0,1,21,PUNO,01,PUNO,06,CHUCUITO,4, 
2021,21,PUNO,01,PUNO,12,PLATERIA,17896,00043,5,1,2,6,170.00873015873,1, ,1,1,0,1,21,PUNO,01,PUNO,06,CHUCUITO,1, 
2021,21,PUNO,01,PUNO,12,PLATERIA,17912,00018,3,1,2,6,170.00873015873,1, ,0,0,1,1,21,PUNO,01,PUNO,12,PLATERIA,2, 
2021,21,PUNO,01,PUNO,12,PLATERIA,17912,00030,6,1,2,6,170.00873015873,1, ,1,1,0,1,21,PUNO,01,PUNO,01,PUNO,1, 
2021,21,PUNO,01,PUNO,12,PLATERIA,17912,00035,7,1,2,6,170.00873015873,1, ,1,1,0,1,21,PUNO,01,PUNO,06,CHUCUITO,1, 
2021,21,PUNO,01,PUNO,12,PLATERIA,17912,00042,8,1,2,6,170.00873015873,1, ,1,1,0,1,21,PUNO,01,PUNO,06,CHUCUITO,1, 
2021,21,PUNO,01,PUNO,12,PLATERIA,17912,00058,10,1,2,6,170.00873015873,1, ,1,1,0,1,21,PUNO,01,PUNO,06,CHUCUITO,12, 
2021,21,PUNO,01,PUNO,01,PUNO,17942,00020,2,1,2,6,170.00873015873,1, ,1,0,0,1,21,PUNO,01,PUNO,03,AMANTANI,1, 
2021,21,PUNO,01,PUNO,01,PUNO,17942,00044,4,1,2,6,170.00873015873,1, ,1,1,0,1,21,PUNO,01,PUNO,03,AMANTANI,4, 
2021,21,PUNO,01,PUNO,01,PUNO,17942,00133,12,1,2,6,170.00873015873,1, ,1,0,0,1,21,PUNO,01,PUNO,03,AMANTANI,3, 
2021,21,PUNO,01,PUNO,11,PICHACANI,17964,00073,10,1,2,6,170.00873015873,1, ,1,1,0,1,21,PUNO,05,EL COLLAO,03,PILCUYO,30, 
2021,21,PUNO,01,PUNO,02,ACORA,17980,00104,10,1,2,6,170.00873015873,1, ,1,1,0,1,21,PUNO,01,PUNO,02,ACORA,8, 
2021,21,PUNO,01,PUNO,02,ACORA,17987,00164,12,1,2,6,170.00873015873,1, ,1,1,0,1,21,PUNO,01,PUNO,12,PLATERIA,5, 
2021,21,PUNO,05,EL COLLAO,01,ILAVE,18099,00175,10,1,2,6,170.00873015873,1, ,1,1,0,1,21,PUNO,01,PUNO,02,ACORA,4, 
2021,21,PUNO,05,EL COLLAO,01,ILAVE,18099,00193,11,1,2,6,170.00873015873,1, ,1,1,0,1,21,PUNO,01,PUNO,02,ACORA,9, 
2021,21,PUNO,05,EL COLLAO,01,ILAVE,18103,00061,7,1,2,6,170.00873015873,1, ,1,1,0,1,21,PUNO,01,PUNO,06,CHUCUITO,3, 
2021,21,PUNO,05,EL COLLAO,01,ILAVE,18123,00049,6,1,2,6,170.00873015873,1, ,1,1,0,1,21,PUNO,05,EL COLLAO,03,PILCUYO,2, 
2021,21,PUNO,05,EL COLLAO,01,ILAVE,18126,00023,2,1,2,6,170.00873015873,1, ,1,1,0,1,21,PUNO,01,PUNO,02,ACORA,1, 
2021,21,PUNO,05,EL COLLAO,01,ILAVE,18126,00062,5,1,2,6,170.00873015873,1, ,1,1,0,1,21,PUNO,01,PUNO,02,ACORA,1, 
2021,21,PUNO,05,EL COLLAO,01,ILAVE,18126,00104,9,1,2,6,170.00873015873,1, ,1,1,0,1,21,PUNO,01,PUNO,02,ACORA,3, 
2021,21,PUNO,04,CHUCUITO,07,ZEPITA,18302,00010,1,1,2,6,170.00873015873,1, ,1,1,0,1,21,PUNO,13,YUNGUYO,03,COPANI,5, 
2021,21,PUNO,04,CHUCUITO,07,ZEPITA,18302,00046,5,1,2,6,170.00873015873,1, ,1,1,0,1,21,PUNO,04,CHUCUITO,01,JULI,4, 
2021,21,PUNO,04,CHUCUITO,07,ZEPITA,18316,00004,1,1,2,6,170.00873015873,1, ,1,1,0,1,21,PUNO,13,YUNGUYO,03,COPANI,3, 
2021,21,PUNO,04,CHUCUITO,07,ZEPITA,18316,00026,5,1,2,6,170.00873015873,1, ,1,1,0,1,21,PUNO,13,YUNGUYO,03,COPANI,2, 
2021,21,PUNO,04,CHUCUITO,07,ZEPITA,18326,00020,1,1,2,6,170.00873015873,1, ,1,1,0,1,21,PUNO,04,CHUCUITO,07,ZEPITA,3, 
2021,21,PUNO,04,CHUCUITO,07,ZEPITA,18326,00070,6,1,2,6,170.00873015873,1, ,1,1,0,1,21,PUNO,04,CHUCUITO,03,HUACULLANI,4, 
2021,21,PUNO,04,CHUCUITO,07,ZEPITA,18326,00112,11,1,2,6,170.00873015873,1, ,1,1,0,1,21,PUNO,04,CHUCUITO,04,KELLUYO,5, 
2021,21,PUNO,04,CHUCUITO,05,PISACOMA,18375,00074,6,1,2,6,170.00873015873,1, ,1,1,0,1,21,PUNO,04,CHUCUITO,04,KELLUYO,2, 
2021,21,PUNO,04,CHUCUITO,05,PISACOMA,18377,00057,6,1,2,6,170.00873015873,1, ,1,1,0,1,21,PUNO,04,CHUCUITO,04,KELLUYO,1, 
2021,21,PUNO,13,YUNGUYO,03,COPANI,18492,00029,3,1,2,6,170.00873015873,1, ,1,1,0,1,21,PUNO,01,PUNO,06,CHUCUITO,1, 
2021,21,PUNO,13,YUNGUYO,03,COPANI,18492,00150,14,1,2,6,170.00873015873,1, ,1,1,0,1,21,PUNO,01,PUNO,06,CHUCUITO,2, 
2021,04,AREQUIPA,08,LA UNION,04,HUAYNACOTAS,18532,00008,1,1,2,6,44.8214285714286,1, ,1,1,0,1,04,AREQUIPA,08,LA UNION,04,HUAYNACOTAS,2, 
2021,04,AREQUIPA,08,LA UNION,04,HUAYNACOTAS,18532,00021,3,1,2,6,44.8214285714286,1, ,1,1,0,1,04,AREQUIPA,08,LA UNION,04,HUAYNACOTAS,1, 
2021,04,AREQUIPA,08,LA UNION,10,TOMEPAMPA,18552,00036,6,1,2,6,44.8214285714286,1, ,1,1,0,1,04,AREQUIPA,08,LA UNION,01,COTAHUASI,1, 
2021,04,AREQUIPA,08,LA UNION,01,COTAHUASI,18556,00017,3,1,2,6,44.8214285714286,1, ,1,1,0,1,04,AREQUIPA,08,LA UNION,04,HUAYNACOTAS,4, 
2021,04,AREQUIPA,06,CONDESUYOS,01,CHUQUIBAMBA,18601,00053,9,1,2,6,48.2692307692308,1, ,0,1,0,1,04,AREQUIPA,05,CAYLLOMA,20,MAJES,1, 
2021,04,AREQUIPA,04,CASTILLA,14,VIRACO,18629,00006,2,1,2,6,44.8214285714286,1, ,1,0,0,1,04,AREQUIPA,08,LA UNION,10,TOMEPAMPA,1, 
2021,04,AREQUIPA,04,CASTILLA,14,VIRACO,18629,00017,4,1,2,6,44.8214285714286,1, ,1,1,0,1,04,AREQUIPA,04,CASTILLA,08,MACHAGUAY,1, 
2021,04,AREQUIPA,04,CASTILLA,11,TIPAN,18642,00135,12,1,2,6,44.8214285714286,1, ,1,1,0,1,04,AREQUIPA,08,LA UNION,01,COTAHUASI,1, 
2021,04,AREQUIPA,05,CAYLLOMA,06,COPORAQUE,18686,00089,10,1,2,6,44.8214285714286,1, ,1,1,0,1,04,AREQUIPA,05,CAYLLOMA,19,YANQUE,4, 
2021,04,AREQUIPA,05,CAYLLOMA,06,COPORAQUE,18686,00099,11,1,2,6,44.8214285714286,1, ,1,1,0,1,04,AREQUIPA,05,CAYLLOMA,19,YANQUE,6, 
2021,04,AREQUIPA,05,CAYLLOMA,06,COPORAQUE,18689,00045,7,1,2,6,44.8214285714286,1, ,1,1,0,2,04,AREQUIPA,05,CAYLLOMA,20,MAJES,1, 
2021,04,AREQUIPA,05,CAYLLOMA,06,COPORAQUE,18689,00045,7,1,2,6,44.8214285714286,1, ,1,1,0,1,04,AREQUIPA,05,CAYLLOMA,01,CHIVAY,2, 
2021,04,AREQUIPA,05,CAYLLOMA,06,COPORAQUE,18689,00054,9,1,2,6,44.8214285714286,1, ,1,0,0,1,04,AREQUIPA,05,CAYLLOMA,01,CHIVAY,1, 
2021,04,AREQUIPA,05,CAYLLOMA,04,CALLALLI,18716,00064,7,1,2,6,44.8214285714286,1, ,1,1,0,1,04,AREQUIPA,05,CAYLLOMA,15,SIBAYO,1, 
2021,04,AREQUIPA,05,CAYLLOMA,04,CALLALLI,18716,00071,8,1,2,6,44.8214285714286,1, ,0,1,0,1,04,AREQUIPA,05,CAYLLOMA,01,CHIVAY,1, 
2021,04,AREQUIPA,05,CAYLLOMA,19,YANQUE,18719,00010,3,1,2,6,44.8214285714286,1, ,1,0,0,1,04,AREQUIPA,05,CAYLLOMA,01,CHIVAY,2, 
2021,04,AREQUIPA,05,CAYLLOMA,19,YANQUE,18719,00026,5,1,2,6,44.8214285714286,1, ,1,1,0,1,04,AREQUIPA,05,CAYLLOMA,01,CHIVAY,1, 
2021,04,AREQUIPA,05,CAYLLOMA,19,YANQUE,18719,00030,6,1,2,6,44.8214285714286,1, ,1,1,0,1,04,AREQUIPA,05,CAYLLOMA,01,CHIVAY,2, 
2021,04,AREQUIPA,05,CAYLLOMA,19,YANQUE,18719,00039,7,1,2,6,44.8214285714286,1, ,1,1,0,1,04,AREQUIPA,05,CAYLLOMA,01,CHIVAY,2, 
2021,04,AREQUIPA,05,CAYLLOMA,19,YANQUE,18719,00062,9,1,2,6,44.8214285714286,1, ,1,1,0,1,04,AREQUIPA,05,CAYLLOMA,01,CHIVAY,2, 
2021,04,AREQUIPA,05,CAYLLOMA,19,YANQUE,18719,00065,10,1,2,6,44.8214285714286,1, ,1,0,0,1,04,AREQUIPA,05,CAYLLOMA,01,CHIVAY,1, 
2021,04,AREQUIPA,05,CAYLLOMA,19,YANQUE,18719,00066,11,1,2,6,44.8214285714286,1, ,1,1,0,1,04,AREQUIPA,05,CAYLLOMA,01,CHIVAY,2, 
2021,04,AREQUIPA,05,CAYLLOMA,19,YANQUE,18719,00094,14,1,2,6,44.8214285714286,1, ,1,1,0,1,04,AREQUIPA,05,CAYLLOMA,01,CHIVAY,1, 
2021,04,AREQUIPA,05,CAYLLOMA,12,MACA,18746,00004,1,1,2,6,44.8214285714286,1, ,1,1,0,1,04,AREQUIPA,05,CAYLLOMA,02,ACHOMA,2, 
2021,04,AREQUIPA,05,CAYLLOMA,12,MACA,18746,00010,2,1,2,6,44.8214285714286,1, ,1,0,0,1,04,AREQUIPA,05,CAYLLOMA,02,ACHOMA,1, 
2021,04,AREQUIPA,05,CAYLLOMA,12,MACA,18746,00022,3,1,2,6,44.8214285714286,1, ,1,0,0,1,04,AREQUIPA,05,CAYLLOMA,02,ACHOMA,1, 
2021,04,AREQUIPA,05,CAYLLOMA,12,MACA,18746,00025,4,1,2,6,44.8214285714286,1, ,1,0,0,1,04,AREQUIPA,05,CAYLLOMA,02,ACHOMA,1, 
2021,04,AREQUIPA,05,CAYLLOMA,12,MACA,18746,00035,5,1,2,6,44.8214285714286,1, ,1,1,0,1,04,AREQUIPA,05,CAYLLOMA,02,ACHOMA,1, 
2021,04,AREQUIPA,05,CAYLLOMA,12,MACA,18746,00053,8,1,2,6,44.8214285714286,1, ,1,1,0,1,04,AREQUIPA,05,CAYLLOMA,02,ACHOMA,3, 
2021,04,AREQUIPA,05,CAYLLOMA,12,MACA,18746,00056,9,1,2,6,44.8214285714286,1, ,1,1,0,1,04,AREQUIPA,05,CAYLLOMA,02,ACHOMA,7, 
2021,04,AREQUIPA,05,CAYLLOMA,12,MACA,18746,00063,10,1,2,6,44.8214285714286,1, ,1,0,0,1,04,AREQUIPA,05,CAYLLOMA,02,ACHOMA,1, 
2021,04,AREQUIPA,05,CAYLLOMA,12,MACA,18746,00064,11,1,2,6,44.8214285714286,1, ,1,0,0,1,04,AREQUIPA,05,CAYLLOMA,02,ACHOMA,1, 
2021,04,AREQUIPA,05,CAYLLOMA,12,MACA,18746,00080,12,1,2,6,44.8214285714286,1, ,1,0,0,1,04,AREQUIPA,05,CAYLLOMA,02,ACHOMA,3, 
2021,04,AREQUIPA,05,CAYLLOMA,12,MACA,18746,00087,13,1,2,6,44.8214285714286,1, ,1,1,0,1,04,AREQUIPA,05,CAYLLOMA,02,ACHOMA,3, 
2021,04,AREQUIPA,05,CAYLLOMA,11,LLUTA,18765,00096,11,1,2,6,44.8214285714286,1, ,1,0,0,1,04,AREQUIPA,05,CAYLLOMA,20,MAJES,1, 
2021,04,AREQUIPA,05,CAYLLOMA,11,LLUTA,18773,00125,12,1,2,6,44.8214285714286,1, ,1,0,0,1,04,AREQUIPA,05,CAYLLOMA,20,MAJES,1, 
2021,04,AREQUIPA,05,CAYLLOMA,20,MAJES,18791,00031,6,1,2,6,44.8214285714286,1, ,1,1,0,1,04,AREQUIPA,04,CASTILLA,01,APLAO,1, 
2021,04,AREQUIPA,02,CAMANA,01,CAMANA,18829,00088,12,1,1,3,67.4081632653061,1, ,1,0,0,1,04,AREQUIPA,02,CAMANA,02,JOSE MARIA QUIMPER,2, 
2021,04,AREQUIPA,02,CAMANA,01,CAMANA,18832,00029,4,1,1,3,67.4081632653061,1, ,1,1,0,1,04,AREQUIPA,02,CAMANA,08,SAMUEL PASTOR,1, 
2021,04,AREQUIPA,02,CAMANA,01,CAMANA,18832,00035,5,1,1,3,67.4081632653061,1, ,1,0,0,1,04,AREQUIPA,02,CAMANA,03,MARIANO NICOLAS VALCARCEL,1, 
2021,04,AREQUIPA,02,CAMANA,01,CAMANA,18832,00037,6,1,1,3,67.4081632653061,1, ,1,0,0,1,04,AREQUIPA,02,CAMANA,03,MARIANO NICOLAS VALCARCEL,1, 
2021,04,AREQUIPA,02,CAMANA,01,CAMANA,18832,00084,14,1,1,3,67.4081632653061,1, ,1,0,0,1,04,AREQUIPA,02,CAMANA,02,JOSE MARIA QUIMPER,1, 
2021,04,AREQUIPA,01,AREQUIPA,28,YURA,18839,00012,3,1,2,6,48.2692307692308,1, ,1,0,0,1,04,AREQUIPA,01,AREQUIPA,04,CERRO COLORADO,4, 
2021,04,AREQUIPA,01,AREQUIPA,28,YURA,18839,00056,8,1,2,6,48.2692307692308,1, ,1,0,0,1,04,AREQUIPA,01,AREQUIPA,04,CERRO COLORADO,1, 
2021,04,AREQUIPA,01,AREQUIPA,04,CERRO COLORADO,18852,00023,3,1,2,6,48.2692307692308,1, ,1,1,0,1,04,AREQUIPA,01,AREQUIPA,07,JACOBO HUNTER,1, 
2021,04,AREQUIPA,01,AREQUIPA,04,CERRO COLORADO,18852,00073,7,1,2,6,48.2692307692308,1, ,1,0,0,1,04,AREQUIPA,01,AREQUIPA,28,YURA,8, 
2021,04,AREQUIPA,01,AREQUIPA,04,CERRO COLORADO,18852,00074,8,1,2,6,48.2692307692308,1, ,1,0,0,1,04,AREQUIPA,03,CARAVELI,05,BELLA UNION,1, 
2021,04,AREQUIPA,01,AREQUIPA,04,CERRO COLORADO,18852,00125,14,1,2,6,48.2692307692308,1, ,0,1,0,1,04,AREQUIPA,05,CAYLLOMA,20,MAJES,1, 
2021,04,AREQUIPA,01,AREQUIPA,23,TIABAYA,18867,00017,2,1,2,6,44.8214285714286,1, ,1,0,0,1,04,AREQUIPA,01,AREQUIPA,17,SACHACA,1, 
2021,04,AREQUIPA,01,AREQUIPA,23,TIABAYA,18867,00115,12,1,2,6,44.8214285714286,1, ,1,0,0,1,04,AREQUIPA,01,AREQUIPA,17,SACHACA,1, 
2021,04,AREQUIPA,01,AREQUIPA,23,TIABAYA,18867,00121,13,1,2,6,44.8214285714286,1, ,1,0,0,1,04,AREQUIPA,01,AREQUIPA,04,CERRO COLORADO,1, 
2021,04,AREQUIPA,01,AREQUIPA,23,TIABAYA,18867,00131,14,1,2,6,44.8214285714286,1, ,1,0,0,1,04,AREQUIPA,01,AREQUIPA,04,CERRO COLORADO,2, 
2021,04,AREQUIPA,01,AREQUIPA,17,SACHACA,18877,00033,5,1,2,6,44.8214285714286,1, ,1,0,0,1,04,AREQUIPA,01,AREQUIPA,23,TIABAYA,1, 
2021,04,AREQUIPA,01,AREQUIPA,17,SACHACA,18877,00049,8,1,2,6,44.8214285714286,1, ,1,1,0,1,04,AREQUIPA,01,AREQUIPA,07,JACOBO HUNTER,2, 
2021,04,AREQUIPA,01,AREQUIPA,17,SACHACA,18877,00085,13,1,2,6,44.8214285714286,1, ,1,0,0,1,04,AREQUIPA,01,AREQUIPA,25,VITOR,6, 
2021,04,AREQUIPA,01,AREQUIPA,26,YANAHUARA,18878,00020,3,1,2,6,44.8214285714286,1, ,1,0,0,2,04,AREQUIPA,05,CAYLLOMA,05,CAYLLOMA,1, 
2021,04,AREQUIPA,01,AREQUIPA,26,YANAHUARA,18878,00020,3,1,2,6,44.8214285714286,1, ,1,0,0,1,04,AREQUIPA,01,AREQUIPA,24,UCHUMAYO,3, 
2021,04,AREQUIPA,01,AREQUIPA,26,YANAHUARA,18878,00031,4,1,2,6,44.8214285714286,1, ,1,0,0,1,04,AREQUIPA,01,AREQUIPA,04,CERRO COLORADO,1, 
2021,04,AREQUIPA,01,AREQUIPA,26,YANAHUARA,18878,00037,5,1,2,6,44.8214285714286,1, ,1,0,0,1,04,AREQUIPA,01,AREQUIPA,24,UCHUMAYO,2, 
2021,04,AREQUIPA,01,AREQUIPA,26,YANAHUARA,18878,00047,6,1,2,6,44.8214285714286,1, ,1,1,0,1,04,AREQUIPA,01,AREQUIPA,29,JOSE LUIS BUSTAMANTE Y RIVERO,2, 
2021,04,AREQUIPA,01,AREQUIPA,26,YANAHUARA,18878,00059,8,1,2,6,44.8214285714286,1, ,1,0,0,1,04,AREQUIPA,01,AREQUIPA,17,SACHACA,1, 
2021,04,AREQUIPA,01,AREQUIPA,26,YANAHUARA,18878,00080,10,1,2,6,44.8214285714286,1, ,1,0,0,1,04,AREQUIPA,05,CAYLLOMA,20,MAJES,2, 
2021,04,AREQUIPA,01,AREQUIPA,26,YANAHUARA,18878,00098,14,1,2,6,44.8214285714286,1, ,1,0,0,1,04,AREQUIPA,01,AREQUIPA,22,SOCABAYA,1, 
2021,04,AREQUIPA,01,AREQUIPA,12,PAUCARPATA,18891,00034,4,1,2,6,52.2916666666667,1, ,1,1,0,1,04,AREQUIPA,07,ISLAY,02,COCACHACRA,1, 
2021,04,AREQUIPA,01,AREQUIPA,29,JOSE LUIS BUSTAMANTE Y RIVERO,18893,00048,5,1,2,6,48.2692307692308,1, ,1,1,0,1,04,AREQUIPA,01,AREQUIPA,05,CHARACATO,1, 
2021,04,AREQUIPA,01,AREQUIPA,29,JOSE LUIS BUSTAMANTE Y RIVERO,18893,00077,6,1,2,6,48.2692307692308,1, ,1,1,0,1,04,AREQUIPA,05,CAYLLOMA,20,MAJES,1, 
2021,04,AREQUIPA,01,AREQUIPA,29,JOSE LUIS BUSTAMANTE Y RIVERO,18893,00131,11,1,2,6,48.2692307692308,1, ,1,0,0,1,04,AREQUIPA,01,AREQUIPA,16,SABANDIA,3, 
2021,04,AREQUIPA,01,AREQUIPA,05,CHARACATO,18916,00034,4,1,2,6,44.8214285714286,1, ,1,1,0,2,04,AREQUIPA,05,CAYLLOMA,20,MAJES,2, 
2021,04,AREQUIPA,01,AREQUIPA,05,CHARACATO,18916,00034,4,1,2,6,44.8214285714286,1, ,1,1,0,1,04,AREQUIPA,01,AREQUIPA,11,MOLLEBAYA,7, 
2021,04,AREQUIPA,01,AREQUIPA,05,CHARACATO,18916,00129,14,1,2,6,44.8214285714286,1, ,1,0,0,1,04,AREQUIPA,01,AREQUIPA,11,MOLLEBAYA,2, 
2021,04,AREQUIPA,01,AREQUIPA,15,QUEQUEÑA,18922,00096,11,1,2,6,44.8214285714286,1, ,0,0,1,1,04,AREQUIPA,01,AREQUIPA,05,CHARACATO,1, 
2021,04,AREQUIPA,01,AREQUIPA,13,POCSI,18926,00008,3,1,2,6,44.8214285714286,1, ,1,1,0,2,04,AREQUIPA,05,CAYLLOMA,20,MAJES,1, 
2021,04,AREQUIPA,01,AREQUIPA,13,POCSI,18926,00008,3,1,2,6,44.8214285714286,1, ,1,1,0,1,04,AREQUIPA,01,AREQUIPA,05,CHARACATO,1, 
2021,04,AREQUIPA,01,AREQUIPA,13,POCSI,18926,00027,6,1,2,6,44.8214285714286,1, ,1,0,0,1,04,AREQUIPA,05,CAYLLOMA,20,MAJES,2, 
2021,04,AREQUIPA,01,AREQUIPA,25,VITOR,18959,00018,3,1,1,3,67.4081632653061,1, ,1,1,0,1,04,AREQUIPA,05,CAYLLOMA,20,MAJES,1, 
2021,04,AREQUIPA,01,AREQUIPA,25,VITOR,18959,00097,14,1,1,3,67.4081632653061,1, ,1,1,0,1,04,AREQUIPA,05,CAYLLOMA,20,MAJES,1, 
2021,04,AREQUIPA,07,ISLAY,06,PUNTA DE BOMBON,18997,00095,9,1,1,3,67.4081632653061,1, ,1,0,0,1,04,AREQUIPA,02,CAMANA,01,CAMANA,1, 
2021,04,AREQUIPA,07,ISLAY,06,PUNTA DE BOMBON,18997,00107,11,1,1,3,67.4081632653061,1, ,1,0,0,1,04,AREQUIPA,07,ISLAY,03,DEAN VALDIVIA,1, 
2021,18,MOQUEGUA,02,GENERAL SANCHEZ CERRO,11,YUNGA,19015,00113,9,1,2,6,13.4285714285714,1, ,1,1,0,1,18,MOQUEGUA,02,GENERAL SANCHEZ CERRO,04,ICHUÑA,3, 
2021,18,MOQUEGUA,02,GENERAL SANCHEZ CERRO,02,CHOJATA,19019,00069,5,1,2,6,14.5714285714286,1, ,0,1,0,1,18,MOQUEGUA,02,GENERAL SANCHEZ CERRO,11,YUNGA,2, 
2021,18,MOQUEGUA,02,GENERAL SANCHEZ CERRO,09,QUINISTAQUILLAS,19022,00062,6,1,2,6,10.9285714285714,1, ,1,0,0,1,18,MOQUEGUA,01,MARISCAL NIETO,06,TORATA,2, 
2021,18,MOQUEGUA,02,GENERAL SANCHEZ CERRO,09,QUINISTAQUILLAS,19022,00102,9,1,2,6,10.9285714285714,1, ,1,0,0,1,18,MOQUEGUA,02,GENERAL SANCHEZ CERRO,01,OMATE,1, 
2021,18,MOQUEGUA,02,GENERAL SANCHEZ CERRO,01,OMATE,19024,00002,1,1,2,6,10.7086834733894,1, ,1,1,0,1,18,MOQUEGUA,02,GENERAL SANCHEZ CERRO,03,COALAQUE,1, 
2021,18,MOQUEGUA,02,GENERAL SANCHEZ CERRO,03,COALAQUE,19031,00090,10,1,2,6,10.7086834733894,1, ,1,0,0,1,18,MOQUEGUA,02,GENERAL SANCHEZ CERRO,01,OMATE,2, 
2021,18,MOQUEGUA,02,GENERAL SANCHEZ CERRO,03,COALAQUE,19032,00143,14,1,2,6,11.5324283559578,1, ,1,0,0,1,18,MOQUEGUA,02,GENERAL SANCHEZ CERRO,01,OMATE,1, 
2021,18,MOQUEGUA,02,GENERAL SANCHEZ CERRO,03,COALAQUE,19033,00009,2,1,2,6,10.7086834733894,1, ,1,0,0,1,18,MOQUEGUA,02,GENERAL SANCHEZ CERRO,01,OMATE,2, 
2021,18,MOQUEGUA,02,GENERAL SANCHEZ CERRO,03,COALAQUE,19033,00049,6,1,2,6,10.7086834733894,1, ,1,0,0,1,18,MOQUEGUA,02,GENERAL SANCHEZ CERRO,01,OMATE,1, 
2021,18,MOQUEGUA,02,GENERAL SANCHEZ CERRO,03,COALAQUE,19033,00069,7,1,2,6,10.7086834733894,1, ,0,0,1,1,18,MOQUEGUA,02,GENERAL SANCHEZ CERRO,01,OMATE,5, 
2021,18,MOQUEGUA,02,GENERAL SANCHEZ CERRO,03,COALAQUE,19033,00089,10,1,2,6,10.7086834733894,1, ,1,0,0,1,18,MOQUEGUA,02,GENERAL SANCHEZ CERRO,01,OMATE,4, 
2021,18,MOQUEGUA,02,GENERAL SANCHEZ CERRO,03,COALAQUE,19033,00100,12,1,2,6,10.7086834733894,1, ,1,0,0,1,18,MOQUEGUA,02,GENERAL SANCHEZ CERRO,01,OMATE,2, 
2021,18,MOQUEGUA,02,GENERAL SANCHEZ CERRO,03,COALAQUE,19035,00028,5,1,2,6,10.7086834733894,1, ,1,0,0,1,18,MOQUEGUA,02,GENERAL SANCHEZ CERRO,01,OMATE,2, 
2021,18,MOQUEGUA,02,GENERAL SANCHEZ CERRO,03,COALAQUE,19035,00030,6,1,2,6,10.7086834733894,1, ,0,0,1,1,18,MOQUEGUA,02,GENERAL SANCHEZ CERRO,01,OMATE,3, 
2021,18,MOQUEGUA,02,GENERAL SANCHEZ CERRO,03,COALAQUE,19035,00083,12,1,2,6,10.7086834733894,1, ,1,1,0,1,18,MOQUEGUA,02,GENERAL SANCHEZ CERRO,01,OMATE,2, 
2021,18,MOQUEGUA,02,GENERAL SANCHEZ CERRO,08,PUQUINA,19044,00050,9,1,2,6,10.7086834733894,1, ,1,1,0,1,18,MOQUEGUA,02,GENERAL SANCHEZ CERRO,01,OMATE,3, 
2021,18,MOQUEGUA,02,GENERAL SANCHEZ CERRO,08,PUQUINA,19045,00044,10,1,2,6,10.7086834733894,1, ,1,1,0,1,18,MOQUEGUA,02,GENERAL SANCHEZ CERRO,05,LA CAPILLA,6, 
2021,18,MOQUEGUA,02,GENERAL SANCHEZ CERRO,05,LA CAPILLA,19046,00035,5,1,2,6,10.7086834733894,1, ,1,1,0,1,18,MOQUEGUA,02,GENERAL SANCHEZ CERRO,08,PUQUINA,4, 
2021,18,MOQUEGUA,01,MARISCAL NIETO,05,SAN CRISTOBAL,19049,00126,14,1,2,6,10.7086834733894,1, ,1,0,0,1,18,MOQUEGUA,02,GENERAL SANCHEZ CERRO,09,QUINISTAQUILLAS,1, 
2021,18,MOQUEGUA,01,MARISCAL NIETO,05,SAN CRISTOBAL,19052,00050,4,1,2,6,10.7086834733894,1, ,1,0,0,1,18,MOQUEGUA,01,MARISCAL NIETO,01,MOQUEGUA,2, 
2021,18,MOQUEGUA,01,MARISCAL NIETO,05,SAN CRISTOBAL,19052,00128,14,1,2,6,10.7086834733894,1, ,1,1,0,1,18,MOQUEGUA,02,GENERAL SANCHEZ CERRO,01,OMATE,1, 
2021,18,MOQUEGUA,01,MARISCAL NIETO,05,SAN CRISTOBAL,19053,00017,1,1,2,6,13.6292335115865,1, ,0,0,1,1,18,MOQUEGUA,01,MARISCAL NIETO,03,CUCHUMBAYA,2, 
2021,18,MOQUEGUA,01,MARISCAL NIETO,05,SAN CRISTOBAL,19054,00011,2,1,2,6,10.7086834733894,1, ,1,0,0,1,18,MOQUEGUA,01,MARISCAL NIETO,01,MOQUEGUA,1, 
2021,18,MOQUEGUA,01,MARISCAL NIETO,05,SAN CRISTOBAL,19054,00063,7,1,2,6,10.7086834733894,1, ,1,0,0,1,18,MOQUEGUA,01,MARISCAL NIETO,01,MOQUEGUA,1, 
2021,18,MOQUEGUA,01,MARISCAL NIETO,05,SAN CRISTOBAL,19054,00065,8,1,2,6,10.7086834733894,1, ,1,0,0,1,18,MOQUEGUA,01,MARISCAL NIETO,03,CUCHUMBAYA,3, 
2021,18,MOQUEGUA,01,MARISCAL NIETO,05,SAN CRISTOBAL,19054,00116,13,1,2,6,10.7086834733894,1, ,1,0,0,1,18,MOQUEGUA,01,MARISCAL NIETO,02,CARUMAS,2, 
2021,18,MOQUEGUA,01,MARISCAL NIETO,05,SAN CRISTOBAL,19055,00087,7,1,2,6,15.4166666666667,1, ,1,0,0,1,18,MOQUEGUA,01,MARISCAL NIETO,06,TORATA,1, 
2021,18,MOQUEGUA,01,MARISCAL NIETO,05,SAN CRISTOBAL,19055,00093,8,1,2,6,15.4166666666667,1, ,1,1,0,1,18,MOQUEGUA,02,GENERAL SANCHEZ CERRO,02,CHOJATA,1, 
2021,18,MOQUEGUA,01,MARISCAL NIETO,05,SAN CRISTOBAL,19056,00007,2,1,2,6,10.7086834733894,1, ,1,1,0,2,18,MOQUEGUA,01,MARISCAL NIETO,06,TORATA,2, 
2021,18,MOQUEGUA,01,MARISCAL NIETO,05,SAN CRISTOBAL,19056,00007,2,1,2,6,10.7086834733894,1, ,1,1,0,1,18,MOQUEGUA,01,MARISCAL NIETO,03,CUCHUMBAYA,1, 
2021,18,MOQUEGUA,01,MARISCAL NIETO,05,SAN CRISTOBAL,19056,00063,10,1,2,6,10.7086834733894,1, ,1,0,0,1,18,MOQUEGUA,01,MARISCAL NIETO,06,TORATA,1, 
2021,18,MOQUEGUA,01,MARISCAL NIETO,05,SAN CRISTOBAL,19057,00010,2,1,2,6,12.4615384615385,1, ,1,0,0,1,18,MOQUEGUA,01,MARISCAL NIETO,04,SAMEGUA,1, 
2021,18,MOQUEGUA,01,MARISCAL NIETO,05,SAN CRISTOBAL,19058,00029,5,1,2,6,10.7086834733894,1, ,1,0,0,1,18,MOQUEGUA,01,MARISCAL NIETO,01,MOQUEGUA,1, 
2021,18,MOQUEGUA,01,MARISCAL NIETO,05,SAN CRISTOBAL,19059,00029,6,1,2,6,10.7086834733894,1, ,1,1,0,1,18,MOQUEGUA,01,MARISCAL NIETO,01,MOQUEGUA,1, 
2021,18,MOQUEGUA,01,MARISCAL NIETO,05,SAN CRISTOBAL,19059,00075,12,1,2,6,10.7086834733894,1, ,1,0,0,1,18,MOQUEGUA,02,GENERAL SANCHEZ CERRO,08,PUQUINA,1, 
2021,18,MOQUEGUA,01,MARISCAL NIETO,05,SAN CRISTOBAL,19062,00033,2,1,2,6,11.9230769230769,1, ,1,0,0,1,18,MOQUEGUA,01,MARISCAL NIETO,03,CUCHUMBAYA,1, 
2021,18,MOQUEGUA,01,MARISCAL NIETO,05,SAN CRISTOBAL,19062,00143,14,1,2,6,11.9230769230769,1, ,1,0,0,1,18,MOQUEGUA,01,MARISCAL NIETO,03,CUCHUMBAYA,4, 
2021,18,MOQUEGUA,01,MARISCAL NIETO,03,CUCHUMBAYA,19064,00005,1,1,2,6,10.7086834733894,1, ,1,1,0,1,18,MOQUEGUA,01,MARISCAL NIETO,02,CARUMAS,2, 
2021,18,MOQUEGUA,01,MARISCAL NIETO,03,CUCHUMBAYA,19067,00005,1,1,2,6,10.7086834733894,1, ,1,0,0,1,18,MOQUEGUA,01,MARISCAL NIETO,02,CARUMAS,2, 
2021,18,MOQUEGUA,01,MARISCAL NIETO,03,CUCHUMBAYA,19067,00013,2,1,2,6,10.7086834733894,1, ,1,0,0,2,18,MOQUEGUA,01,MARISCAL NIETO,01,MOQUEGUA,1, 
2021,18,MOQUEGUA,01,MARISCAL NIETO,03,CUCHUMBAYA,19067,00013,2,1,2,6,10.7086834733894,1, ,1,0,0,1,18,MOQUEGUA,01,MARISCAL NIETO,02,CARUMAS,5, 
2021,18,MOQUEGUA,01,MARISCAL NIETO,03,CUCHUMBAYA,19068,00051,9,1,2,6,11.5324283559578,1, ,1,0,0,1,18,MOQUEGUA,01,MARISCAL NIETO,06,TORATA,1, 
2021,18,MOQUEGUA,01,MARISCAL NIETO,03,CUCHUMBAYA,19068,00061,10,1,2,6,11.5324283559578,1, ,1,0,0,1,18,MOQUEGUA,01,MARISCAL NIETO,01,MOQUEGUA,1, 
2021,18,MOQUEGUA,01,MARISCAL NIETO,03,CUCHUMBAYA,19069,00043,4,1,2,6,10.7086834733894,1, ,1,1,0,1,18,MOQUEGUA,01,MARISCAL NIETO,01,MOQUEGUA,1, 
2021,18,MOQUEGUA,01,MARISCAL NIETO,03,CUCHUMBAYA,19069,00100,11,1,2,6,10.7086834733894,1, ,1,0,0,1,18,MOQUEGUA,01,MARISCAL NIETO,05,SAN CRISTOBAL,8, 
2021,18,MOQUEGUA,01,MARISCAL NIETO,03,CUCHUMBAYA,19069,00100,11,1,2,6,10.7086834733894,1, ,1,0,0,2,18,MOQUEGUA,01,MARISCAL NIETO,01,MOQUEGUA,1, 
2021,18,MOQUEGUA,01,MARISCAL NIETO,02,CARUMAS,19076,00045,6,1,2,6,10.7086834733894,1, ,1,0,0,1,18,MOQUEGUA,01,MARISCAL NIETO,01,MOQUEGUA,1, 
2021,18,MOQUEGUA,01,MARISCAL NIETO,02,CARUMAS,19076,00053,7,1,2,6,10.7086834733894,1, ,1,0,0,1,18,MOQUEGUA,01,MARISCAL NIETO,06,TORATA,2, 
2021,18,MOQUEGUA,01,MARISCAL NIETO,02,CARUMAS,19076,00074,8,1,2,6,10.7086834733894,1, ,1,0,0,1,18,MOQUEGUA,01,MARISCAL NIETO,06,TORATA,3, 
2021,18,MOQUEGUA,01,MARISCAL NIETO,02,CARUMAS,19076,00118,13,1,2,6,10.7086834733894,1, ,1,0,0,1,18,MOQUEGUA,01,MARISCAL NIETO,01,MOQUEGUA,1, 
2021,18,MOQUEGUA,01,MARISCAL NIETO,02,CARUMAS,19077,00030,4,1,2,6,10.7086834733894,1, ,1,0,0,1,18,MOQUEGUA,01,MARISCAL NIETO,06,TORATA,2, 
2021,18,MOQUEGUA,01,MARISCAL NIETO,02,CARUMAS,19077,00041,6,1,2,6,10.7086834733894,1, ,1,0,0,1,18,MOQUEGUA,01,MARISCAL NIETO,01,MOQUEGUA,1, 
2021,18,MOQUEGUA,01,MARISCAL NIETO,02,CARUMAS,19077,00053,8,1,2,6,10.7086834733894,1, ,1,0,0,1,18,MOQUEGUA,01,MARISCAL NIETO,01,MOQUEGUA,1, 
2021,18,MOQUEGUA,01,MARISCAL NIETO,02,CARUMAS,19077,00089,12,1,2,6,10.7086834733894,1, ,1,0,0,1,18,MOQUEGUA,01,MARISCAL NIETO,01,MOQUEGUA,1, 
2021,18,MOQUEGUA,01,MARISCAL NIETO,02,CARUMAS,19078,00015,3,1,2,6,10.7086834733894,1, ,1,0,0,1,18,MOQUEGUA,01,MARISCAL NIETO,03,CUCHUMBAYA,1, 
2021,18,MOQUEGUA,01,MARISCAL NIETO,02,CARUMAS,19078,00019,5,1,2,6,10.7086834733894,1, ,1,1,0,1,18,MOQUEGUA,01,MARISCAL NIETO,06,TORATA,1, 
2021,18,MOQUEGUA,01,MARISCAL NIETO,02,CARUMAS,19078,00031,6,1,2,6,10.7086834733894,1, ,1,0,0,1,18,MOQUEGUA,03,ILO,01,ILO,2, 
2021,18,MOQUEGUA,01,MARISCAL NIETO,02,CARUMAS,19078,00040,7,1,2,6,10.7086834733894,1, ,1,0,0,1,18,MOQUEGUA,01,MARISCAL NIETO,06,TORATA,2, 
2021,18,MOQUEGUA,01,MARISCAL NIETO,02,CARUMAS,19080,00005,2,1,2,6,10.7086834733894,1, ,1,0,0,1,18,MOQUEGUA,01,MARISCAL NIETO,01,MOQUEGUA,1, 
2021,18,MOQUEGUA,01,MARISCAL NIETO,02,CARUMAS,19080,00029,7,1,2,6,10.7086834733894,1, ,1,0,0,1,18,MOQUEGUA,01,MARISCAL NIETO,06,TORATA,2, 
2021,18,MOQUEGUA,01,MARISCAL NIETO,02,CARUMAS,19080,00034,8,1,2,6,10.7086834733894,1, ,1,0,0,1,18,MOQUEGUA,01,MARISCAL NIETO,06,TORATA,1, 
2021,18,MOQUEGUA,01,MARISCAL NIETO,02,CARUMAS,19080,00060,12,1,2,6,10.7086834733894,1, ,1,1,0,1,18,MOQUEGUA,01,MARISCAL NIETO,03,CUCHUMBAYA,1, 
2021,18,MOQUEGUA,01,MARISCAL NIETO,02,CARUMAS,19081,00118,8,1,2,6,14.6923076923077,1, ,1,0,0,1,18,MOQUEGUA,01,MARISCAL NIETO,01,MOQUEGUA,1, 
2021,18,MOQUEGUA,01,MARISCAL NIETO,02,CARUMAS,19082,00008,1,1,2,6,17.8571428571429,1, ,1,0,0,1,18,MOQUEGUA,01,MARISCAL NIETO,01,MOQUEGUA,1, 
2021,18,MOQUEGUA,01,MARISCAL NIETO,02,CARUMAS,19082,00164,10,1,2,6,17.8571428571429,1, ,1,1,0,1,18,MOQUEGUA,01,MARISCAL NIETO,03,CUCHUMBAYA,1, 
2021,18,MOQUEGUA,01,MARISCAL NIETO,02,CARUMAS,19082,00171,11,1,2,6,17.8571428571429,1, ,1,0,0,1,18,MOQUEGUA,01,MARISCAL NIETO,03,CUCHUMBAYA,1, 
2021,18,MOQUEGUA,01,MARISCAL NIETO,02,CARUMAS,19084,00011,1,1,2,6,12.4934640522876,1, ,1,0,0,1,18,MOQUEGUA,01,MARISCAL NIETO,05,SAN CRISTOBAL,4, 
2021,18,MOQUEGUA,01,MARISCAL NIETO,02,CARUMAS,19084,00015,2,1,2,6,12.4934640522876,1, ,1,1,0,1,18,MOQUEGUA,02,GENERAL SANCHEZ CERRO,09,QUINISTAQUILLAS,3, 
2021,18,MOQUEGUA,01,MARISCAL NIETO,02,CARUMAS,19084,00018,3,1,2,6,12.4934640522876,1, ,1,1,0,1,18,MOQUEGUA,01,MARISCAL NIETO,03,CUCHUMBAYA,4, 
2021,18,MOQUEGUA,01,MARISCAL NIETO,02,CARUMAS,19084,00029,6,1,2,6,12.4934640522876,1, ,1,0,0,1,18,MOQUEGUA,01,MARISCAL NIETO,03,CUCHUMBAYA,3, 
2021,18,MOQUEGUA,01,MARISCAL NIETO,06,TORATA,19085,00155,13,1,2,6,13.9285714285714,1, ,1,1,0,1,18,MOQUEGUA,01,MARISCAL NIETO,05,SAN CRISTOBAL,2, 
2021,18,MOQUEGUA,01,MARISCAL NIETO,06,TORATA,19088,00181,13,1,2,6,14.3571428571429,1, ,1,0,0,1,18,MOQUEGUA,01,MARISCAL NIETO,01,MOQUEGUA,1, 
2021,18,MOQUEGUA,01,MARISCAL NIETO,06,TORATA,19090,00032,3,1,2,6,23.9285714285714,1, ,1,1,0,1,18,MOQUEGUA,01,MARISCAL NIETO,02,CARUMAS,2, 
2021,18,MOQUEGUA,01,MARISCAL NIETO,06,TORATA,19090,00302,14,1,2,6,23.9285714285714,1, ,1,1,0,1,18,MOQUEGUA,01,MARISCAL NIETO,01,MOQUEGUA,3, 
2021,18,MOQUEGUA,01,MARISCAL NIETO,06,TORATA,19091,00191,13,1,2,6,15.5384615384615,1, ,1,1,0,1,18,MOQUEGUA,01,MARISCAL NIETO,04,SAMEGUA,1, 
2021,18,MOQUEGUA,01,MARISCAL NIETO,04,SAMEGUA,19092,00045,6,1,1,3,14.8131868131868,1, ,1,1,0,1,18,MOQUEGUA,01,MARISCAL NIETO,01,MOQUEGUA,2, 
2021,18,MOQUEGUA,01,MARISCAL NIETO,04,SAMEGUA,19092,00074,10,1,1,3,14.8131868131868,1, ,1,0,0,1,18,MOQUEGUA,01,MARISCAL NIETO,02,CARUMAS,1, 
2021,18,MOQUEGUA,01,MARISCAL NIETO,04,SAMEGUA,19092,00084,11,1,1,3,14.8131868131868,1, ,1,1,0,1,18,MOQUEGUA,01,MARISCAL NIETO,01,MOQUEGUA,1, 
2021,18,MOQUEGUA,01,MARISCAL NIETO,04,SAMEGUA,19093,00031,3,1,1,3,13.7551020408163,1, ,1,0,0,1,18,MOQUEGUA,01,MARISCAL NIETO,01,MOQUEGUA,1, 
2021,18,MOQUEGUA,01,MARISCAL NIETO,04,SAMEGUA,19093,00046,5,1,1,3,13.7551020408163,1, ,1,0,0,1,18,MOQUEGUA,01,MARISCAL NIETO,02,CARUMAS,3, 
2021,18,MOQUEGUA,01,MARISCAL NIETO,04,SAMEGUA,19093,00059,7,1,1,3,13.7551020408163,1, ,1,1,0,1,18,MOQUEGUA,01,MARISCAL NIETO,02,CARUMAS,5, 
2021,18,MOQUEGUA,01,MARISCAL NIETO,04,SAMEGUA,19093,00070,9,1,1,3,13.7551020408163,1, ,1,0,0,1,18,MOQUEGUA,01,MARISCAL NIETO,01,MOQUEGUA,1, 
2021,18,MOQUEGUA,01,MARISCAL NIETO,04,SAMEGUA,19093,00087,10,1,1,3,13.7551020408163,1, ,1,1,0,1,18,MOQUEGUA,01,MARISCAL NIETO,02,CARUMAS,3, 
2021,18,MOQUEGUA,01,MARISCAL NIETO,04,SAMEGUA,19093,00097,11,1,1,3,13.7551020408163,1, ,1,1,0,1,18,MOQUEGUA,01,MARISCAL NIETO,02,CARUMAS,6, 
2021,18,MOQUEGUA,01,MARISCAL NIETO,01,MOQUEGUA,19095,00137,6,1,1,3,20.4285714285714,1, ,1,0,0,1,18,MOQUEGUA,01,MARISCAL NIETO,06,TORATA,1, 
2021,18,MOQUEGUA,01,MARISCAL NIETO,01,MOQUEGUA,19095,00164,7,1,1,3,20.4285714285714,1, ,1,1,0,1,18,MOQUEGUA,01,MARISCAL NIETO,04,SAMEGUA,1, 
2021,18,MOQUEGUA,01,MARISCAL NIETO,01,MOQUEGUA,19095,00271,14,1,1,3,20.4285714285714,1, ,1,1,0,1,18,MOQUEGUA,02,GENERAL SANCHEZ CERRO,01,OMATE,3, 
2021,18,MOQUEGUA,01,MARISCAL NIETO,01,MOQUEGUA,19096,00063,7,1,1,3,13.7551020408163,1, ,1,1,0,1,18,MOQUEGUA,01,MARISCAL NIETO,02,CARUMAS,6, 
2021,18,MOQUEGUA,01,MARISCAL NIETO,01,MOQUEGUA,19096,00067,8,1,1,3,13.7551020408163,1, ,1,0,0,1,18,MOQUEGUA,01,MARISCAL NIETO,06,TORATA,1, 
2021,18,MOQUEGUA,01,MARISCAL NIETO,01,MOQUEGUA,19096,00101,12,1,1,3,13.7551020408163,1, ,1,1,0,1,18,MOQUEGUA,01,MARISCAL NIETO,05,SAN CRISTOBAL,3, 
2021,18,MOQUEGUA,01,MARISCAL NIETO,01,MOQUEGUA,19097,00046,5,1,1,3,13.7551020408163,1, ,1,0,0,1,18,MOQUEGUA,01,MARISCAL NIETO,05,SAN CRISTOBAL,1, 
2021,18,MOQUEGUA,01,MARISCAL NIETO,01,MOQUEGUA,19097,00110,9,1,1,3,13.7551020408163,1, ,1,1,0,1,18,MOQUEGUA,01,MARISCAL NIETO,02,CARUMAS,1, 
2021,18,MOQUEGUA,01,MARISCAL NIETO,01,MOQUEGUA,19098,00044,3,1,1,3,14.8131868131868,1, ,1,1,0,1,18,MOQUEGUA,01,MARISCAL NIETO,02,CARUMAS,1, 
2021,18,MOQUEGUA,01,MARISCAL NIETO,01,MOQUEGUA,19098,00158,11,1,1,3,14.8131868131868,1, ,1,1,0,1,18,MOQUEGUA,01,MARISCAL NIETO,03,CUCHUMBAYA,3, 
2021,18,MOQUEGUA,01,MARISCAL NIETO,01,MOQUEGUA,19100,00095,9,1,1,3,13.7551020408163,1, ,1,1,0,1,18,MOQUEGUA,01,MARISCAL NIETO,05,SAN CRISTOBAL,1, 
2021,18,MOQUEGUA,01,MARISCAL NIETO,01,MOQUEGUA,19100,00155,14,1,1,3,13.7551020408163,1, ,1,1,0,1,18,MOQUEGUA,01,MARISCAL NIETO,02,CARUMAS,1, 
2021,18,MOQUEGUA,01,MARISCAL NIETO,01,MOQUEGUA,19101,00220,14,1,1,3,15.9285714285714,1, ,1,1,0,1,18,MOQUEGUA,01,MARISCAL NIETO,05,SAN CRISTOBAL,2, 
2021,18,MOQUEGUA,03,ILO,01,ILO,19106,00026,1,1,1,3,26.7857142857143,1, ,1,0,0,1,18,MOQUEGUA,03,ILO,02,EL ALGARROBAL,1, 
2021,23,TACNA,03,JORGE BASADRE,02,ILABAYA,19109,00090,13,1,2,6,18.7876984126984,1, ,1,0,0,1,23,TACNA,01,TACNA,09,SAMA,2, 
2021,23,TACNA,03,JORGE BASADRE,02,ILABAYA,19111,00028,4,1,2,6,18.7876984126984,1, ,1,1,0,1,23,TACNA,01,TACNA,09,SAMA,1, 
2021,23,TACNA,03,JORGE BASADRE,02,ILABAYA,19111,00028,4,1,2,6,18.7876984126984,1, ,1,1,0,2,23,TACNA,02,CANDARAVE,06,QUILAHUANI,2, 
2021,23,TACNA,03,JORGE BASADRE,02,ILABAYA,19111,00061,7,1,2,6,18.7876984126984,1, ,1,0,0,1,23,TACNA,01,TACNA,01,TACNA,1, 
2021,23,TACNA,03,JORGE BASADRE,02,ILABAYA,19112,00063,10,1,2,6,18.7876984126984,1, ,1,0,0,1,23,TACNA,02,CANDARAVE,05,HUANUARA,1, 
2021,23,TACNA,03,JORGE BASADRE,02,ILABAYA,19112,00108,14,1,2,6,18.7876984126984,1, ,1,0,0,1,23,TACNA,03,JORGE BASADRE,01,LOCUMBA,1, 
2021,23,TACNA,03,JORGE BASADRE,01,LOCUMBA,19115,00140,13,1,1,3,19.6190476190476,1, ,1,0,0,1,23,TACNA,01,TACNA,11,LA YARADA LOS PALOS,1, 
2021,23,TACNA,03,JORGE BASADRE,01,LOCUMBA,19116,00104,14,1,1,3,19.6190476190476,1, ,1,0,0,1,23,TACNA,01,TACNA,11,LA YARADA LOS PALOS,1, 
2021,23,TACNA,02,CANDARAVE,03,CAMILACA,19121,00014,2,1,2,6,18.7876984126984,1, ,1,1,0,1,23,TACNA,01,TACNA,11,LA YARADA LOS PALOS,1, 
2021,23,TACNA,02,CANDARAVE,03,CAMILACA,19124,00081,11,1,2,6,18.7876984126984,1, ,1,0,0,1,23,TACNA,01,TACNA,01,TACNA,1, 
2021,23,TACNA,02,CANDARAVE,03,CAMILACA,19124,00096,13,1,2,6,18.7876984126984,1, ,1,0,0,1,23,TACNA,03,JORGE BASADRE,01,LOCUMBA,1, 
2021,23,TACNA,02,CANDARAVE,02,CAIRANI,19130,00024,3,1,2,6,20.232905982906,1, ,1,1,0,1,23,TACNA,02,CANDARAVE,05,HUANUARA,1, 
2021,23,TACNA,02,CANDARAVE,01,CANDARAVE,19140,00016,1,1,2,6,20.232905982906,1, ,1,1,0,1,23,TACNA,02,CANDARAVE,06,QUILAHUANI,2, 
2021,23,TACNA,02,CANDARAVE,01,CANDARAVE,19142,00051,7,1,2,6,18.7876984126984,1, ,0,0,1,1,23,TACNA,03,JORGE BASADRE,01,LOCUMBA,1, 
2021,23,TACNA,02,CANDARAVE,01,CANDARAVE,19142,00066,9,1,2,6,18.7876984126984,1, ,1,0,0,1,23,TACNA,02,CANDARAVE,06,QUILAHUANI,2, 
2021,23,TACNA,02,CANDARAVE,01,CANDARAVE,19144,00071,9,1,2,6,18.7876984126984,1, ,1,1,0,1,23,TACNA,04,TARATA,05,SITAJARA,5, 
2021,23,TACNA,02,CANDARAVE,06,QUILAHUANI,19151,00065,7,1,2,6,20.232905982906,1, ,1,0,0,1,23,TACNA,04,TARATA,06,SUSAPAYA,3, 
2021,23,TACNA,04,TARATA,05,SITAJARA,19158,00025,4,1,2,6,18.7876984126984,1, ,1,1,0,1,23,TACNA,04,TARATA,05,SITAJARA,1, 
2021,23,TACNA,04,TARATA,05,SITAJARA,19158,00062,9,1,2,6,18.7876984126984,1, ,1,1,0,1,23,TACNA,04,TARATA,05,SITAJARA,1, 
2021,23,TACNA,04,TARATA,05,SITAJARA,19160,00084,10,1,2,6,18.7876984126984,1, ,1,0,0,1,23,TACNA,01,TACNA,06,PACHIA,1, 
2021,23,TACNA,04,TARATA,06,SUSAPAYA,19162,00032,4,1,2,6,20.232905982906,1, ,1,1,0,1,23,TACNA,04,TARATA,05,SITAJARA,5, 
2021,23,TACNA,04,TARATA,02,HEROES ALBARRACIN,19167,00089,12,1,2,6,18.7876984126984,1, ,1,0,0,1,23,TACNA,04,TARATA,05,SITAJARA,1, 
2021,23,TACNA,04,TARATA,02,HEROES ALBARRACIN,19167,00094,13,1,2,6,18.7876984126984,1, ,1,0,0,1,23,TACNA,04,TARATA,05,SITAJARA,2, 
2021,23,TACNA,04,TARATA,02,HEROES ALBARRACIN,19168,00032,6,1,2,6,18.7876984126984,1, ,1,0,0,1,23,TACNA,04,TARATA,01,TARATA,1, 
2021,23,TACNA,04,TARATA,02,HEROES ALBARRACIN,19168,00089,12,1,2,6,18.7876984126984,1, ,1,0,0,1,23,TACNA,04,TARATA,01,TARATA,1, 
2021,23,TACNA,04,TARATA,01,TARATA,19173,00062,4,1,2,6,20.232905982906,1, ,0,0,1,1,23,TACNA,02,CANDARAVE,03,CAMILACA,1, 
2021,23,TACNA,04,TARATA,01,TARATA,19173,00164,11,1,2,6,20.232905982906,1, ,1,0,0,1,23,TACNA,01,TACNA,09,SAMA,1, 
2021,23,TACNA,04,TARATA,01,TARATA,19175,00044,7,1,2,6,18.7876984126984,1, ,1,0,0,1,23,TACNA,04,TARATA,01,TARATA,2, 
2021,23,TACNA,04,TARATA,01,TARATA,19176,00029,3,1,2,6,18.7876984126984,1, ,1,0,0,1,23,TACNA,01,TACNA,09,SAMA,1, 
2021,23,TACNA,04,TARATA,01,TARATA,19178,00045,6,1,2,6,18.7876984126984,1, ,1,0,0,1,23,TACNA,04,TARATA,02,HÉROES ALBARRACÍN,6, 
2021,23,TACNA,04,TARATA,01,TARATA,19178,00111,13,1,2,6,18.7876984126984,1, ,1,1,0,1,23,TACNA,04,TARATA,02,HEROES ALBARRACIN,7, 
2021,23,TACNA,04,TARATA,03,ESTIQUE,19185,00063,8,1,2,6,21.9189814814815,1, ,1,0,0,1,23,TACNA,01,TACNA,11,LA YARADA LOS PALOS,1, 
2021,23,TACNA,01,TACNA,09,SAMA,19186,00146,10,1,1,3,19.6190476190476,1, ,1,0,0,1,23,TACNA,01,TACNA,11,LA YARADA LOS PALOS,1, 
2021,23,TACNA,01,TACNA,09,SAMA,19190,00031,3,1,1,3,24.969696969697,1, ,1,0,0,1,23,TACNA,01,TACNA,05,INCLAN,1, 
2021,23,TACNA,01,TACNA,09,SAMA,19190,00113,11,1,1,3,24.969696969697,1, ,1,0,0,1,23,TACNA,01,TACNA,05,INCLAN,1, 
2021,23,TACNA,01,TACNA,05,INCLAN,19191,00198,14,1,1,3,19.6190476190476,1, ,1,0,0,1,23,TACNA,01,TACNA,11,LA YARADA LOS PALOS,1, 
2021,23,TACNA,01,TACNA,05,INCLAN,19195,00052,9,1,1,3,19.6190476190476,1, ,1,0,0,1,23,TACNA,01,TACNA,03,CALANA,1, 
2021,23,TACNA,01,TACNA,03,CALANA,19215,00211,4,1,1,3,49.2142857142857,1, ,1,1,0,1,23,TACNA,01,TACNA,11,LA YARADA LOS PALOS,1, 
2021,23,TACNA,01,TACNA,06,PACHIA,19220,00022,3,1,2,6,18.7876984126984,1, ,1,0,0,1,23,TACNA,01,TACNA,07,PALCA,11, 
2021,23,TACNA,01,TACNA,06,PACHIA,19220,00114,14,1,2,6,18.7876984126984,1, ,1,0,0,1,23,TACNA,01,TACNA,07,PALCA,4, 
2021,23,TACNA,01,TACNA,06,PACHIA,19222,00018,4,1,2,6,18.7876984126984,1, ,1,1,0,1,23,TACNA,01,TACNA,06,PACHIA,1, 
2021,23,TACNA,01,TACNA,08,POCOLLAY,19228,00055,4,1,1,3,19.6190476190476,1, ,0,1,0,1,23,TACNA,01,TACNA,03,CALANA,1, 
2021,23,TACNA,01,TACNA,08,POCOLLAY,19228,00150,10,1,1,3,19.6190476190476,1, ,0,1,0,1,23,TACNA,01,TACNA,03,CALANA,1, 
2021,23,TACNA,01,TACNA,10,CORONEL GREGORIO ALBARRACIN LANCHIPA,19235,00116,9,1,1,3,19.6190476190476,1, ,1,0,0,1,23,TACNA,03,JORGE BASADRE,02,ILABAYA,1, 
2021,23,TACNA,01,TACNA,01,TACNA,19240,00024,1,1,1,3,19.6190476190476,1, ,1,0,0,1,23,TACNA,01,TACNA,08,POCOLLAY,1, 
2021,23,TACNA,01,TACNA,01,TACNA,19241,00039,7,1,1,3,22.8888888888889,1, ,1,1,0,1,23,TACNA,01,TACNA,03,CALANA,1, 
2021,23,TACNA,01,TACNA,01,TACNA,19242,00041,4,1,1,3,21.1282051282051,1, ,0,0,1,1,23,TACNA,01,TACNA,03,CALANA,1, 
2021,23,TACNA,01,TACNA,01,TACNA,19247,00027,2,1,1,3,20.7142857142857,1, ,1,0,0,1,23,TACNA,02,CANDARAVE,04,CURIBAYA,4, 
2021,23,TACNA,01,TACNA,01,TACNA,19247,00189,9,1,1,3,20.7142857142857,1, ,1,0,0,1,23,TACNA,02,CANDARAVE,03,CAMILACA,1, 
2021,23,TACNA,01,TACNA,01,TACNA,19264,00331,14,1,1,3,27.7142857142857,1, ,1,0,0,1,23,TACNA,02,CANDARAVE,01,CANDARAVE,1, 
